2026-02-22 12:15:35,923 | INFO     | api             | ====================================================================================================
2026-02-22 12:15:35,923 | INFO     | api             | QUERY_START | ID: defe9969 | Question: Which fertilizer to use for phosphorus deficiency? ...
2026-02-22 12:15:35,923 | INFO     | api             | ====================================================================================================
2026-02-22 12:15:35,928 | INFO     | api             | TIMING | DB_ADD_USER_WS                 | Duration: 4.03ms
2026-02-22 12:15:35,931 | INFO     | api             | TIMING | HISTORY_RETRIEVAL_WS           | Duration: 2.58ms | history_items=2
2026-02-22 12:15:35,932 | INFO     | generation      | TIMING | MEMORY_SYNC_STREAM             | Duration: 0.17ms | history_items=2
2026-02-22 12:17:01,449 | INFO     | retrieval       | TIMING | ENSEMBLE_RETRIEVAL             | Duration: 42477.27ms | docs_retrieved=12
2026-02-22 12:17:01,450 | INFO     | retrieval       | TIMING | DOCUMENT_RERANKING             | Duration: 0.59ms | docs_processed=12 | docs_returned=8
2026-02-22 12:17:01,450 | INFO     | retrieval       | TIMING | RETRIEVAL                      | num_docs=8 | retrieval_ms=42478.56 | methods=ensemble
2026-02-22 12:17:54,241 | INFO     | generation      | TIMING | STREAMING_CHUNKS               | Duration: 138308.17ms | chunk_count=1 | answer_length=2079
2026-02-22 12:17:54,242 | INFO     | generation      | TIMING | GENERATION                     | generation_ms=138309.47 | chunks=1 | tokens=285
2026-02-22 12:17:54,242 | INFO     | api             | TIMING | STREAMING_COMPLETE             | Duration: 138310.65ms | chunks=1 | response_length=2079 | first_chunk_ms=138309.41
2026-02-22 12:17:54,247 | INFO     | api             | TIMING | DB_ADD_AI_WS                   | Duration: 3.94ms | response_length=2079
2026-02-22 12:17:54,248 | INFO     | api             | ====================================================================================================
2026-02-22 12:17:54,248 | INFO     | api             | QUERY_COMPLETE | ID: defe9969 | Status: SUCCESS
2026-02-22 12:17:54,248 | INFO     | api             | TOTAL_TIME | 138326.49ms
2026-02-22 12:17:54,248 | INFO     | api             | ====================================================================================================
2026-02-22 12:17:54,253 | INFO     | api             | WebSocket client disconnected - request_id=defe9969
2026-02-22 12:19:23,913 | INFO     | api             | ====================================================================================================
2026-02-22 12:19:23,913 | INFO     | api             | QUERY_START | ID: e0ae22be | Question: How to manage micro nutrition's in potato? ...
2026-02-22 12:19:23,913 | INFO     | api             | ====================================================================================================
2026-02-22 12:19:23,920 | INFO     | api             | TIMING | DB_ADD_USER_WS                 | Duration: 6.18ms
2026-02-22 12:19:23,922 | INFO     | api             | TIMING | HISTORY_RETRIEVAL_WS           | Duration: 2.18ms | history_items=0
2026-02-22 12:20:50,204 | INFO     | retrieval       | TIMING | ENSEMBLE_RETRIEVAL             | Duration: 43223.19ms | docs_retrieved=14
2026-02-22 12:20:50,205 | INFO     | retrieval       | TIMING | DOCUMENT_RERANKING             | Duration: 0.38ms | docs_processed=14 | docs_returned=8
2026-02-22 12:20:50,205 | INFO     | retrieval       | TIMING | RETRIEVAL                      | num_docs=8 | retrieval_ms=43224.32 | methods=ensemble
2026-02-22 12:21:43,227 | INFO     | generation      | TIMING | STREAMING_CHUNKS               | Duration: 139303.44ms | chunk_count=1 | answer_length=2372
2026-02-22 12:21:43,228 | INFO     | generation      | TIMING | GENERATION                     | generation_ms=139304.43 | chunks=1 | tokens=317
2026-02-22 12:21:43,229 | INFO     | api             | TIMING | STREAMING_COMPLETE             | Duration: 139305.86ms | chunks=1 | response_length=2372 | first_chunk_ms=139304.44
2026-02-22 12:21:43,235 | INFO     | api             | TIMING | DB_ADD_AI_WS                   | Duration: 4.65ms | response_length=2372
2026-02-22 12:21:43,235 | INFO     | api             | ====================================================================================================
2026-02-22 12:21:43,235 | INFO     | api             | QUERY_COMPLETE | ID: e0ae22be | Status: SUCCESS
2026-02-22 12:21:43,235 | INFO     | api             | TOTAL_TIME | 139323.25ms
2026-02-22 12:21:43,236 | INFO     | api             | ====================================================================================================
2026-02-22 12:21:43,239 | INFO     | api             | WebSocket client disconnected - request_id=e0ae22be
2026-02-22 13:40:19,554 | INFO     | api             | ====================================================================================================
2026-02-22 13:40:19,554 | INFO     | api             | QUERY_START | ID: 47bd70e1 | Question: which fertilizer to use for B, Ca, Zn, Mg, S...
2026-02-22 13:40:19,554 | INFO     | api             | ====================================================================================================
2026-02-22 13:40:19,558 | INFO     | api             | TIMING | DB_ADD_USER_WS                 | Duration: 4.13ms
2026-02-22 13:40:19,561 | INFO     | api             | TIMING | HISTORY_RETRIEVAL_WS           | Duration: 1.58ms | history_items=1
2026-02-22 13:40:19,561 | INFO     | generation      | TIMING | MEMORY_SYNC_STREAM             | Duration: 0.12ms | history_items=1
2026-02-22 13:41:05,706 | INFO     | retrieval       | TIMING | ENSEMBLE_RETRIEVAL             | Duration: 2030.58ms | docs_retrieved=14
2026-02-22 13:41:05,708 | INFO     | retrieval       | TIMING | DOCUMENT_RERANKING             | Duration: 0.97ms | docs_processed=14 | docs_returned=8
2026-02-22 13:41:05,708 | INFO     | retrieval       | TIMING | RETRIEVAL                      | num_docs=8 | retrieval_ms=2032.2 | methods=ensemble
2026-02-22 13:41:15,188 | INFO     | generation      | TIMING | STREAMING_CHUNKS               | Duration: 55621.86ms | chunk_count=412 | answer_length=1772
2026-02-22 13:41:15,188 | INFO     | generation      | TIMING | GENERATION                     | generation_ms=55626.82 | chunks=412 | tokens=275
2026-02-22 13:41:15,189 | INFO     | api             | TIMING | STREAMING_COMPLETE             | Duration: 55627.71ms | chunks=412 | response_length=1772 | first_chunk_ms=47829.18
2026-02-22 13:41:15,194 | INFO     | api             | TIMING | DB_ADD_AI_WS                   | Duration: 4.55ms | response_length=1772
2026-02-22 13:41:15,194 | INFO     | api             | ====================================================================================================
2026-02-22 13:41:15,195 | INFO     | api             | QUERY_COMPLETE | ID: 47bd70e1 | Status: SUCCESS
2026-02-22 13:41:15,196 | INFO     | api             | TOTAL_TIME | 55642.27ms
2026-02-22 13:41:15,196 | INFO     | api             | ====================================================================================================
2026-02-22 13:41:15,199 | INFO     | api             | WebSocket client disconnected - request_id=47bd70e1
2026-02-22 13:41:55,088 | INFO     | api             | ====================================================================================================
2026-02-22 13:41:55,089 | INFO     | api             | QUERY_START | ID: 8ed51028 | Question: Symptoms of lack of Mg and S in potato?...
2026-02-22 13:41:55,089 | INFO     | api             | ====================================================================================================
2026-02-22 13:41:55,093 | INFO     | api             | TIMING | DB_ADD_USER_WS                 | Duration: 4.31ms
2026-02-22 13:41:55,097 | INFO     | api             | TIMING | HISTORY_RETRIEVAL_WS           | Duration: 2.76ms | history_items=2
2026-02-22 13:41:55,098 | INFO     | generation      | TIMING | MEMORY_SYNC_STREAM             | Duration: 0.16ms | history_items=2
2026-02-22 13:41:56,602 | INFO     | retrieval       | TIMING | ENSEMBLE_RETRIEVAL             | Duration: 287.7ms | docs_retrieved=11
2026-02-22 13:41:56,603 | INFO     | retrieval       | TIMING | DOCUMENT_RERANKING             | Duration: 0.36ms | docs_processed=11 | docs_returned=8
2026-02-22 13:41:56,604 | INFO     | retrieval       | TIMING | RETRIEVAL                      | num_docs=8 | retrieval_ms=288.94 | methods=ensemble
2026-02-22 13:42:06,763 | INFO     | generation      | TIMING | STREAMING_CHUNKS               | Duration: 11662.95ms | chunk_count=339 | answer_length=1672
2026-02-22 13:42:06,763 | INFO     | generation      | TIMING | GENERATION                     | generation_ms=11666.03 | chunks=339 | tokens=244
2026-02-22 13:42:06,764 | INFO     | api             | TIMING | STREAMING_COMPLETE             | Duration: 11666.84ms | chunks=339 | response_length=1672 | first_chunk_ms=2192.94
2026-02-22 13:42:06,769 | INFO     | api             | TIMING | DB_ADD_AI_WS                   | Duration: 4.62ms | response_length=1672
2026-02-22 13:42:06,770 | INFO     | api             | ====================================================================================================
2026-02-22 13:42:06,770 | INFO     | api             | QUERY_COMPLETE | ID: 8ed51028 | Status: SUCCESS
2026-02-22 13:42:06,770 | INFO     | api             | TOTAL_TIME | 11682.59ms
2026-02-22 13:42:06,770 | INFO     | api             | ====================================================================================================
2026-02-22 13:42:06,773 | INFO     | api             | WebSocket client disconnected - request_id=8ed51028
2026-02-22 15:06:10,569 | INFO     | api             | ====================================================================================================
2026-02-22 15:06:10,569 | INFO     | api             | QUERY_START | ID: 20c984c5 | Question: Explain reason behind leaves falling after 30 days of plantation?...
2026-02-22 15:06:10,570 | INFO     | api             | ====================================================================================================
2026-02-22 15:06:10,575 | INFO     | api             | TIMING | DB_ADD_USER_WS                 | Duration: 4.61ms
2026-02-22 15:06:10,577 | INFO     | api             | TIMING | HISTORY_RETRIEVAL_WS           | Duration: 1.8ms | history_items=0
2026-02-22 15:06:13,493 | INFO     | retrieval       | TIMING | ENSEMBLE_RETRIEVAL             | Duration: 2914.18ms | docs_retrieved=14
2026-02-22 15:06:13,495 | INFO     | retrieval       | TIMING | DOCUMENT_RERANKING             | Duration: 2.2ms | docs_processed=14 | docs_returned=8
2026-02-22 15:06:13,496 | INFO     | retrieval       | TIMING | RETRIEVAL                      | num_docs=8 | retrieval_ms=2917.15 | methods=ensemble
2026-02-22 15:06:22,894 | INFO     | generation      | TIMING | STREAMING_CHUNKS               | Duration: 12315.47ms | chunk_count=384 | answer_length=2056
2026-02-22 15:06:22,895 | INFO     | generation      | TIMING | GENERATION                     | generation_ms=12316.9 | chunks=384 | tokens=299
2026-02-22 15:06:22,895 | INFO     | api             | TIMING | STREAMING_COMPLETE             | Duration: 12317.89ms | chunks=384 | response_length=2056 | first_chunk_ms=5613.93
2026-02-22 15:06:22,901 | INFO     | api             | TIMING | DB_ADD_AI_WS                   | Duration: 5.28ms | response_length=2056
2026-02-22 15:06:22,902 | INFO     | api             | ====================================================================================================
2026-02-22 15:06:22,902 | INFO     | api             | QUERY_COMPLETE | ID: 20c984c5 | Status: SUCCESS
2026-02-22 15:06:22,903 | INFO     | api             | TOTAL_TIME | 12334.78ms
2026-02-22 15:06:22,903 | INFO     | api             | ====================================================================================================
2026-02-22 15:06:22,907 | INFO     | api             | WebSocket client disconnected - request_id=20c984c5
2026-02-22 15:07:33,198 | INFO     | api             | ====================================================================================================
2026-02-22 15:07:33,199 | INFO     | api             | QUERY_START | ID: d3b0af69 | Question: Pest Infestation eloborate more...
2026-02-22 15:07:33,199 | INFO     | api             | ====================================================================================================
2026-02-22 15:07:33,205 | INFO     | api             | TIMING | DB_ADD_USER_WS                 | Duration: 5.41ms
2026-02-22 15:07:33,207 | INFO     | api             | TIMING | HISTORY_RETRIEVAL_WS           | Duration: 2.27ms | history_items=1
2026-02-22 15:07:33,208 | INFO     | generation      | TIMING | MEMORY_SYNC_STREAM             | Duration: 0.11ms | history_items=1
2026-02-22 15:07:37,616 | INFO     | retrieval       | TIMING | ENSEMBLE_RETRIEVAL             | Duration: 2723.17ms | docs_retrieved=15
2026-02-22 15:07:37,616 | INFO     | retrieval       | TIMING | DOCUMENT_RERANKING             | Duration: 0.39ms | docs_processed=15 | docs_returned=8
2026-02-22 15:07:37,617 | INFO     | retrieval       | TIMING | RETRIEVAL                      | num_docs=8 | retrieval_ms=2724.26 | methods=ensemble
2026-02-22 15:07:45,800 | INFO     | generation      | TIMING | STREAMING_CHUNKS               | Duration: 12588.45ms | chunk_count=411 | answer_length=2325
2026-02-22 15:07:45,801 | INFO     | generation      | TIMING | GENERATION                     | generation_ms=12592.34 | chunks=411 | tokens=318
2026-02-22 15:07:45,801 | INFO     | api             | TIMING | STREAMING_COMPLETE             | Duration: 12593.48ms | chunks=411 | response_length=2325 | first_chunk_ms=5602.1
2026-02-22 15:07:45,807 | INFO     | api             | TIMING | DB_ADD_AI_WS                   | Duration: 4.61ms | response_length=2325
2026-02-22 15:07:45,807 | INFO     | api             | ====================================================================================================
2026-02-22 15:07:45,807 | INFO     | api             | QUERY_COMPLETE | ID: d3b0af69 | Status: SUCCESS
2026-02-22 15:07:45,808 | INFO     | api             | TOTAL_TIME | 12610.44ms
2026-02-22 15:07:45,808 | INFO     | api             | ====================================================================================================
2026-02-22 15:07:45,813 | INFO     | api             | WebSocket client disconnected - request_id=d3b0af69
2026-02-23 18:38:32,414 | INFO     | api             | ====================================================================================================
2026-02-23 18:38:32,415 | INFO     | api             | QUERY_START | ID: f3d9471d | Question: What are the reasons of scab in potato tuber?...
2026-02-23 18:38:32,415 | INFO     | api             | ====================================================================================================
2026-02-23 18:38:32,420 | INFO     | api             | TIMING | DB_ADD_USER_WS                 | Duration: 3.88ms
2026-02-23 18:38:32,424 | INFO     | api             | TIMING | HISTORY_RETRIEVAL_WS           | Duration: 3.02ms | history_items=0
2026-02-23 18:38:32,428 | INFO     | retrieval       | TIMING | QUERY_PREPROCESS               | Duration: 0.02ms | enhancements=1 | applied_domains=scab
2026-02-23 18:38:36,003 | INFO     | retrieval       | TIMING | ENSEMBLE_RETRIEVAL             | Duration: 3574.4ms | docs_retrieved=13
2026-02-23 18:38:36,005 | INFO     | retrieval       | TIMING | DOCUMENT_RERANKING             | Duration: 1.79ms | docs_processed=13 | docs_returned=8
2026-02-23 18:38:36,006 | INFO     | retrieval       | TIMING | RETRIEVAL                      | num_docs=8 | retrieval_ms=3578.41 | methods=ensemble
2026-02-23 18:38:46,675 | INFO     | generation      | TIMING | STREAMING_CHUNKS               | Duration: 14246.97ms | chunk_count=320 | answer_length=1446
2026-02-23 18:38:46,676 | INFO     | generation      | TIMING | GENERATION                     | generation_ms=14250.49 | chunks=320 | tokens=222
2026-02-23 18:38:46,677 | INFO     | api             | TIMING | STREAMING_COMPLETE             | Duration: 14252.18ms | chunks=320 | response_length=1446 | first_chunk_ms=5924.21
2026-02-23 18:38:46,688 | INFO     | api             | TIMING | DB_ADD_AI_WS                   | Duration: 8.63ms | response_length=1446
2026-02-23 18:38:46,690 | INFO     | api             | ====================================================================================================
2026-02-23 18:38:46,691 | INFO     | api             | QUERY_COMPLETE | ID: f3d9471d | Status: SUCCESS
2026-02-23 18:38:46,693 | INFO     | api             | TOTAL_TIME | 14278.81ms
2026-02-23 18:38:46,694 | INFO     | api             | ====================================================================================================
2026-02-23 18:38:46,710 | INFO     | api             | WebSocket client disconnected - request_id=f3d9471d
2026-02-23 18:39:30,293 | INFO     | api             | ====================================================================================================
2026-02-23 18:39:30,294 | INFO     | api             | QUERY_START | ID: 14597701 | Question: How to manage it?...
2026-02-23 18:39:30,294 | INFO     | api             | ====================================================================================================
2026-02-23 18:39:30,298 | INFO     | api             | TIMING | DB_ADD_USER_WS                 | Duration: 3.73ms
2026-02-23 18:39:30,303 | INFO     | api             | TIMING | HISTORY_RETRIEVAL_WS           | Duration: 2.99ms | history_items=1
2026-02-23 18:39:30,304 | INFO     | generation      | TIMING | MEMORY_SYNC_STREAM             | Duration: 0.15ms | history_items=1
2026-02-23 18:40:14,235 | INFO     | retrieval       | TIMING | QUERY_PREPROCESS               | Duration: 0.01ms | enhancements=1 | applied_domains=scab
2026-02-23 18:40:56,746 | INFO     | retrieval       | TIMING | ENSEMBLE_RETRIEVAL             | Duration: 42509.85ms | docs_retrieved=15
2026-02-23 18:40:56,747 | INFO     | retrieval       | TIMING | DOCUMENT_RERANKING             | Duration: 0.7ms | docs_processed=15 | docs_returned=8
2026-02-23 18:40:56,747 | INFO     | retrieval       | TIMING | RETRIEVAL                      | num_docs=8 | retrieval_ms=42511.97 | methods=ensemble
2026-02-23 18:41:49,934 | ERROR    | generation      | Token stream error from chain thread: [WinError 10053] An established connection was aborted by the software in your host machine
2026-02-23 18:41:49,987 | INFO     | api             | ====================================================================================================
2026-02-23 18:41:50,007 | INFO     | api             | QUERY_COMPLETE | ID: 14597701 | Status: FAILED: UnboundLocalError
2026-02-23 18:41:50,007 | INFO     | api             | TOTAL_TIME | 139695.51ms
2026-02-23 18:41:50,018 | INFO     | api             | ====================================================================================================
2026-02-23 18:41:50,030 | INFO     | api             | WebSocket client disconnected - request_id=14597701
2026-02-23 18:42:33,266 | INFO     | api             | ====================================================================================================
2026-02-23 18:42:33,267 | INFO     | api             | QUERY_START | ID: 004ce05e | Question: How to manage it?...
2026-02-23 18:42:33,267 | INFO     | api             | ====================================================================================================
2026-02-23 18:42:33,279 | INFO     | api             | TIMING | DB_ADD_USER_WS                 | Duration: 11.61ms
2026-02-23 18:42:33,284 | INFO     | api             | TIMING | HISTORY_RETRIEVAL_WS           | Duration: 3.13ms | history_items=1
2026-02-23 18:42:33,286 | INFO     | generation      | TIMING | MEMORY_SYNC_STREAM             | Duration: 0.59ms | history_items=1
2026-02-23 18:42:34,653 | ERROR    | generation      | Token stream error from chain thread: Connection error.
2026-02-23 18:42:34,654 | INFO     | api             | ====================================================================================================
2026-02-23 18:42:34,654 | INFO     | api             | QUERY_COMPLETE | ID: 004ce05e | Status: FAILED: UnboundLocalError
2026-02-23 18:42:34,655 | INFO     | api             | TOTAL_TIME | 1390.19ms
2026-02-23 18:42:34,656 | INFO     | api             | ====================================================================================================
2026-02-23 18:42:34,658 | INFO     | api             | WebSocket client disconnected - request_id=004ce05e
2026-02-23 18:42:43,277 | INFO     | api             | ====================================================================================================
2026-02-23 18:42:43,278 | INFO     | api             | QUERY_START | ID: 12c16be2 | Question: How to manage it?...
2026-02-23 18:42:43,279 | INFO     | api             | ====================================================================================================
2026-02-23 18:42:43,291 | INFO     | api             | TIMING | DB_ADD_USER_WS                 | Duration: 12.25ms
2026-02-23 18:42:43,295 | INFO     | api             | TIMING | HISTORY_RETRIEVAL_WS           | Duration: 3.01ms | history_items=2
2026-02-23 18:42:43,297 | INFO     | generation      | TIMING | MEMORY_SYNC_STREAM             | Duration: 0.23ms | history_items=2
2026-02-23 18:42:44,803 | ERROR    | generation      | Token stream error from chain thread: Connection error.
2026-02-23 18:42:44,805 | INFO     | api             | ====================================================================================================
2026-02-23 18:42:44,806 | INFO     | api             | QUERY_COMPLETE | ID: 12c16be2 | Status: FAILED: UnboundLocalError
2026-02-23 18:42:44,806 | INFO     | api             | TOTAL_TIME | 1531.35ms
2026-02-23 18:42:44,806 | INFO     | api             | ====================================================================================================
2026-02-23 18:42:44,808 | INFO     | api             | WebSocket client disconnected - request_id=12c16be2
2026-02-23 18:43:22,052 | INFO     | api             | ====================================================================================================
2026-02-23 18:43:22,053 | INFO     | api             | QUERY_START | ID: eeba3621 | Question: explain fungal disease in potato?...
2026-02-23 18:43:22,053 | INFO     | api             | ====================================================================================================
2026-02-23 18:43:22,064 | INFO     | api             | TIMING | DB_ADD_USER_WS                 | Duration: 10.42ms
2026-02-23 18:43:22,067 | INFO     | api             | TIMING | HISTORY_RETRIEVAL_WS           | Duration: 2.23ms | history_items=0
2026-02-23 18:43:23,371 | ERROR    | generation      | Token stream error from chain thread: Connection error.
2026-02-23 18:43:23,373 | INFO     | api             | ====================================================================================================
2026-02-23 18:43:23,373 | INFO     | api             | QUERY_COMPLETE | ID: eeba3621 | Status: FAILED: UnboundLocalError
2026-02-23 18:43:23,374 | INFO     | api             | TOTAL_TIME | 1322.38ms
2026-02-23 18:43:23,375 | INFO     | api             | ====================================================================================================
2026-02-23 18:43:23,377 | INFO     | api             | WebSocket client disconnected - request_id=eeba3621
2026-02-23 18:44:17,594 | INFO     | api             | ====================================================================================================
2026-02-23 18:44:17,594 | INFO     | api             | QUERY_START | ID: 1f3d876f | Question: explain fungal disease in potato?...
2026-02-23 18:44:17,595 | INFO     | api             | ====================================================================================================
2026-02-23 18:44:17,618 | INFO     | api             | TIMING | DB_ADD_USER_WS                 | Duration: 13.5ms
2026-02-23 18:44:17,630 | INFO     | api             | TIMING | HISTORY_RETRIEVAL_WS           | Duration: 4.67ms | history_items=0
2026-02-23 18:44:50,487 | INFO     | retrieval       | TIMING | ENSEMBLE_RETRIEVAL             | Duration: 3193.97ms | docs_retrieved=14
2026-02-23 18:44:50,489 | INFO     | retrieval       | TIMING | DOCUMENT_RERANKING             | Duration: 1.58ms | docs_processed=14 | docs_returned=8
2026-02-23 18:44:50,490 | INFO     | retrieval       | TIMING | RETRIEVAL                      | num_docs=8 | retrieval_ms=3197.27 | methods=ensemble
2026-02-23 18:45:03,461 | INFO     | generation      | TIMING | STREAMING_CHUNKS               | Duration: 45802.86ms | chunk_count=596 | answer_length=2773
2026-02-23 18:45:03,462 | INFO     | generation      | TIMING | GENERATION                     | generation_ms=45817.27 | chunks=596 | tokens=378
2026-02-23 18:45:03,462 | INFO     | api             | TIMING | STREAMING_COMPLETE             | Duration: 45824.02ms | chunks=596 | response_length=2773 | first_chunk_ms=33451.93
2026-02-23 18:45:03,470 | INFO     | api             | TIMING | DB_ADD_AI_WS                   | Duration: 5.44ms | response_length=2773
2026-02-23 18:45:03,470 | INFO     | api             | ====================================================================================================
2026-02-23 18:45:03,471 | INFO     | api             | QUERY_COMPLETE | ID: 1f3d876f | Status: SUCCESS
2026-02-23 18:45:03,471 | INFO     | api             | TOTAL_TIME | 45886.66ms
2026-02-23 18:45:03,472 | INFO     | api             | ====================================================================================================
2026-02-23 18:45:03,491 | INFO     | api             | WebSocket client disconnected - request_id=1f3d876f
2026-02-23 18:45:23,445 | INFO     | api             | ====================================================================================================
2026-02-23 18:45:23,445 | INFO     | api             | QUERY_START | ID: 76369dcf | Question: how to manage  Black Scurf ?...
2026-02-23 18:45:23,446 | INFO     | api             | ====================================================================================================
2026-02-23 18:45:23,452 | INFO     | api             | TIMING | DB_ADD_USER_WS                 | Duration: 5.77ms
2026-02-23 18:45:23,457 | INFO     | api             | TIMING | HISTORY_RETRIEVAL_WS           | Duration: 3.98ms | history_items=1
2026-02-23 18:45:23,459 | INFO     | generation      | TIMING | MEMORY_SYNC_STREAM             | Duration: 0.27ms | history_items=1
2026-02-23 18:46:49,846 | INFO     | retrieval       | TIMING | ENSEMBLE_RETRIEVAL             | Duration: 43167.6ms | docs_retrieved=10
2026-02-23 18:46:49,848 | INFO     | retrieval       | TIMING | DOCUMENT_RERANKING             | Duration: 1.01ms | docs_processed=10 | docs_returned=8
2026-02-23 18:46:49,848 | INFO     | retrieval       | TIMING | RETRIEVAL                      | num_docs=8 | retrieval_ms=43170.26 | methods=ensemble
2026-02-23 18:46:58,707 | INFO     | generation      | TIMING | STREAMING_CHUNKS               | Duration: 95242.08ms | chunk_count=417 | answer_length=2016
2026-02-23 18:46:58,708 | INFO     | generation      | TIMING | GENERATION                     | generation_ms=95249.04 | chunks=417 | tokens=294
2026-02-23 18:46:58,708 | INFO     | api             | TIMING | STREAMING_COMPLETE             | Duration: 95250.29ms | chunks=417 | response_length=2016 | first_chunk_ms=87153.71
2026-02-23 18:46:58,716 | INFO     | api             | TIMING | DB_ADD_AI_WS                   | Duration: 6.32ms | response_length=2016
2026-02-23 18:46:58,717 | INFO     | api             | ====================================================================================================
2026-02-23 18:46:58,717 | INFO     | api             | QUERY_COMPLETE | ID: 76369dcf | Status: SUCCESS
2026-02-23 18:46:58,718 | INFO     | api             | TOTAL_TIME | 95274.15ms
2026-02-23 18:46:58,718 | INFO     | api             | ====================================================================================================
2026-02-23 18:46:58,727 | INFO     | api             | WebSocket client disconnected - request_id=76369dcf
2026-02-23 18:49:20,374 | INFO     | api             | ====================================================================================================
2026-02-23 18:49:20,375 | INFO     | api             | QUERY_START | ID: 57f75a5f | Question: can B and Ca defficiency lead to this problem?...
2026-02-23 18:49:20,375 | INFO     | api             | ====================================================================================================
2026-02-23 18:49:20,381 | INFO     | api             | TIMING | DB_ADD_USER_WS                 | Duration: 5.2ms
2026-02-23 18:49:20,387 | INFO     | api             | TIMING | HISTORY_RETRIEVAL_WS           | Duration: 4.2ms | history_items=1
2026-02-23 18:49:20,388 | INFO     | generation      | TIMING | MEMORY_SYNC_STREAM             | Duration: 0.22ms | history_items=1
2026-02-23 18:50:04,308 | INFO     | retrieval       | TIMING | ENSEMBLE_RETRIEVAL             | Duration: 679.94ms | docs_retrieved=10
2026-02-23 18:50:04,310 | INFO     | retrieval       | TIMING | DOCUMENT_RERANKING             | Duration: 1.13ms | docs_processed=10 | docs_returned=8
2026-02-23 18:50:04,311 | INFO     | retrieval       | TIMING | RETRIEVAL                      | num_docs=8 | retrieval_ms=682.74 | methods=ensemble
2026-02-23 18:50:11,115 | INFO     | generation      | TIMING | STREAMING_CHUNKS               | Duration: 50719.1ms | chunk_count=314 | answer_length=1689
2026-02-23 18:50:11,116 | INFO     | generation      | TIMING | GENERATION                     | generation_ms=50727.94 | chunks=314 | tokens=252
2026-02-23 18:50:11,117 | INFO     | api             | TIMING | STREAMING_COMPLETE             | Duration: 50729.26ms | chunks=314 | response_length=1689 | first_chunk_ms=44679.82
2026-02-23 18:50:11,128 | INFO     | api             | TIMING | DB_ADD_AI_WS                   | Duration: 8.51ms | response_length=1689
2026-02-23 18:50:11,128 | INFO     | api             | ====================================================================================================
2026-02-23 18:50:11,129 | INFO     | api             | QUERY_COMPLETE | ID: 57f75a5f | Status: SUCCESS
2026-02-23 18:50:11,130 | INFO     | api             | TOTAL_TIME | 50754.99ms
2026-02-23 18:50:11,131 | INFO     | api             | ====================================================================================================
2026-02-23 18:50:11,144 | INFO     | api             | WebSocket client disconnected - request_id=57f75a5f
2026-02-23 19:12:08,291 | INFO     | generation      | TIMING | MEMORY_CLEAR                   | Cleared stale chain memory for new conversation
2026-02-23 19:12:09,443 | INFO     | retrieval       | TIMING | ENSEMBLE_RETRIEVAL             | Duration: 1139.06ms | docs_retrieved=15
2026-02-23 19:12:09,444 | INFO     | retrieval       | TIMING | DOCUMENT_RERANKING             | Duration: 0.51ms | docs_processed=15 | docs_returned=8
2026-02-23 19:12:09,445 | INFO     | retrieval       | TIMING | RETRIEVAL                      | num_docs=8 | retrieval_ms=1140.54 | methods=ensemble
2026-02-23 19:12:17,129 | INFO     | generation      | TIMING | STREAMING_CHUNKS               | Duration: 8824.39ms | chunk_count=355 | answer_length=1804
2026-02-23 19:12:17,129 | INFO     | generation      | TIMING | GENERATION                     | generation_ms=8838.1 | chunks=355 | tokens=266
2026-02-23 19:13:09,772 | INFO     | generation      | TIMING | MEMORY_SYNC_STREAM             | Duration: 0.15ms | history_items=1
2026-02-23 19:13:09,774 | INFO     | generation      | TIMING | CONDENSE_QUESTION_LLM          | Started (rephrasing follow-up as standalone question)
2026-02-23 19:13:10,851 | INFO     | generation      | TIMING | CONDENSE_QUESTION_LLM          | Duration: 1076.52ms
2026-02-23 19:13:11,794 | INFO     | retrieval       | TIMING | ENSEMBLE_RETRIEVAL             | Duration: 942.36ms | docs_retrieved=15
2026-02-23 19:13:11,795 | INFO     | retrieval       | TIMING | DOCUMENT_RERANKING             | Duration: 0.5ms | docs_processed=15 | docs_returned=8
2026-02-23 19:13:11,795 | INFO     | retrieval       | TIMING | RETRIEVAL                      | num_docs=8 | retrieval_ms=943.71 | methods=ensemble
2026-02-23 19:13:18,879 | INFO     | generation      | TIMING | STREAMING_CHUNKS               | Duration: 9104.06ms | chunk_count=391 | answer_length=2109
2026-02-23 19:13:18,879 | INFO     | generation      | TIMING | GENERATION                     | generation_ms=9107.23 | chunks=391 | tokens=299
2026-02-23 19:14:40,097 | INFO     | generation      | TIMING | MEMORY_SYNC_STREAM             | Duration: 0.12ms | history_items=2
2026-02-23 19:14:40,099 | INFO     | generation      | TIMING | CONDENSE_QUESTION_LLM          | Started (rephrasing follow-up as standalone question)
2026-02-23 19:14:41,668 | INFO     | generation      | TIMING | CONDENSE_QUESTION_LLM          | Duration: 1569.69ms
2026-02-23 19:14:41,669 | INFO     | retrieval       | TIMING | QUERY_PREPROCESS               | Duration: 0.03ms | enhancements=1 | applied_domains=scab
2026-02-23 19:14:42,042 | INFO     | retrieval       | TIMING | ENSEMBLE_RETRIEVAL             | Duration: 372.87ms | docs_retrieved=14
2026-02-23 19:14:42,043 | INFO     | retrieval       | TIMING | DOCUMENT_RERANKING             | Duration: 0.35ms | docs_processed=14 | docs_returned=8
2026-02-23 19:14:42,043 | INFO     | retrieval       | TIMING | RETRIEVAL                      | num_docs=8 | retrieval_ms=374.33 | methods=ensemble
2026-02-23 19:14:51,142 | INFO     | generation      | TIMING | STREAMING_CHUNKS               | Duration: 11043.64ms | chunk_count=343 | answer_length=1644
2026-02-23 19:14:51,143 | INFO     | generation      | TIMING | GENERATION                     | generation_ms=11045.36 | chunks=343 | tokens=255
2026-02-23 19:30:19,487 | INFO     | generation      | TIMING | MEMORY_SYNC_STREAM             | Duration: 0.11ms | history_items=2
2026-02-23 19:30:19,489 | INFO     | generation      | TIMING | CONDENSE_QUESTION_LLM          | Started (rephrasing follow-up as standalone question)
2026-02-23 19:30:20,788 | INFO     | generation      | TIMING | CONDENSE_QUESTION_LLM          | Duration: 1299.16ms
2026-02-23 19:30:21,885 | INFO     | retrieval       | TIMING | ENSEMBLE_RETRIEVAL             | Duration: 1095.67ms | docs_retrieved=14
2026-02-23 19:30:21,886 | INFO     | retrieval       | TIMING | DOCUMENT_RERANKING             | Duration: 0.58ms | docs_processed=14 | docs_returned=8
2026-02-23 19:30:21,886 | INFO     | retrieval       | TIMING | RETRIEVAL                      | num_docs=8 | retrieval_ms=1096.97 | methods=ensemble
2026-02-23 19:30:21,886 | INFO     | generation      | TIMING | SOURCE_DOCS_CAPTURED            | count=8
2026-02-23 19:30:32,681 | INFO     | generation      | TIMING | CONDENSE_QUESTION_LLM          | Started (rephrasing follow-up as standalone question)
2026-02-23 19:30:35,435 | INFO     | generation      | TIMING | CONDENSE_QUESTION_LLM          | Duration: 2754.44ms
2026-02-23 19:30:35,436 | INFO     | generation      | TIMING | STREAMING_CHUNKS               | Duration: 15946.79ms | chunk_count=436 | answer_length=2173
2026-02-23 19:30:35,436 | INFO     | generation      | TIMING | GENERATION                     | generation_ms=15949.82 | chunks=436 | tokens=328
2026-02-23 19:30:35,437 | INFO     | generation      | TIMING | SOURCE_DOCS_FINAL              | captured_count=8 | result_count=8 | final_count=8
2026-02-23 19:51:26,869 | INFO     | api             | ====================================================================================================
2026-02-23 19:51:26,870 | INFO     | api             | QUERY_START | ID: 27d24495 | Question: which fertilizer to use?...
2026-02-23 19:51:26,870 | INFO     | api             | ====================================================================================================
2026-02-23 19:51:26,876 | INFO     | api             | TIMING | DB_ADD_USER_WS                 | Duration: 5.34ms
2026-02-23 19:51:26,878 | INFO     | api             | TIMING | HISTORY_RETRIEVAL_WS           | Duration: 2.12ms | history_items=3
2026-02-23 19:51:26,879 | INFO     | generation      | TIMING | MEMORY_SYNC_STREAM             | Duration: 0.26ms | history_items=3
2026-02-23 19:51:26,881 | INFO     | generation      | TIMING | CONDENSE_QUESTION_LLM          | Started (rephrasing follow-up as standalone question)
2026-02-23 19:52:09,908 | INFO     | generation      | TIMING | CONDENSE_QUESTION_LLM          | Duration: 43026.89ms
2026-02-23 19:52:11,094 | INFO     | retrieval       | TIMING | ENSEMBLE_RETRIEVAL             | Duration: 1185.73ms | docs_retrieved=14
2026-02-23 19:52:11,095 | INFO     | retrieval       | TIMING | DOCUMENT_RERANKING             | Duration: 0.54ms | docs_processed=14 | docs_returned=8
2026-02-23 19:52:11,096 | INFO     | retrieval       | TIMING | RETRIEVAL                      | num_docs=8 | retrieval_ms=1187.2 | methods=ensemble
2026-02-23 19:52:11,096 | INFO     | generation      | TIMING | SOURCE_DOCS_CAPTURED            | count=8
2026-02-23 19:52:26,966 | INFO     | generation      | TIMING | CONDENSE_QUESTION_LLM          | Started (rephrasing follow-up as standalone question)
2026-02-23 19:52:30,642 | INFO     | generation      | TIMING | CONDENSE_QUESTION_LLM          | Duration: 3675.21ms
2026-02-23 19:52:30,642 | INFO     | generation      | TIMING | STREAMING_CHUNKS               | Duration: 63761.43ms | chunk_count=556 | answer_length=2536
2026-02-23 19:52:30,643 | INFO     | generation      | TIMING | GENERATION                     | generation_ms=63763.78 | chunks=556 | tokens=351
2026-02-23 19:52:30,643 | INFO     | generation      | TIMING | SOURCE_DOCS_FINAL              | captured_count=8 | result_count=8 | final_count=8
2026-02-23 19:52:30,644 | INFO     | api             | TIMING | STREAMING_COMPLETE             | Duration: 63765.16ms | chunks=556 | response_length=2536 | first_chunk_ms=45229.8
2026-02-23 19:52:30,650 | INFO     | api             | TIMING | DB_ADD_AI_WS                   | Duration: 5.52ms | response_length=2536
2026-02-23 19:52:30,651 | INFO     | api             | ====================================================================================================
2026-02-23 19:52:30,651 | INFO     | api             | QUERY_COMPLETE | ID: 27d24495 | Status: SUCCESS
2026-02-23 19:52:30,651 | INFO     | api             | TOTAL_TIME | 63782.7ms
2026-02-23 19:52:30,651 | INFO     | api             | ====================================================================================================
2026-02-23 19:52:30,656 | INFO     | api             | WebSocket client disconnected - request_id=27d24495
2026-02-23 19:57:14,521 | INFO     | api             | ====================================================================================================
2026-02-23 19:57:14,521 | INFO     | api             | QUERY_START | ID: 107f113d | Question: which fertilizer to use for Mg and S?
...
2026-02-23 19:57:14,521 | INFO     | api             | ====================================================================================================
2026-02-23 19:57:14,527 | INFO     | api             | TIMING | DB_ADD_USER_WS                 | Duration: 5.07ms
2026-02-23 19:57:14,529 | INFO     | api             | TIMING | HISTORY_RETRIEVAL_WS           | Duration: 1.85ms | history_items=3
2026-02-23 19:57:14,531 | INFO     | generation      | TIMING | MEMORY_SYNC_STREAM             | Duration: 0.32ms | history_items=3
2026-02-23 19:57:14,533 | INFO     | generation      | TIMING | CONDENSE_QUESTION_LLM          | Started (rephrasing follow-up as standalone question)
2026-02-23 19:57:15,508 | INFO     | generation      | TIMING | CONDENSE_QUESTION_LLM          | Duration: 975.63ms
2026-02-23 19:57:16,471 | INFO     | retrieval       | TIMING | ENSEMBLE_RETRIEVAL             | Duration: 962.27ms | docs_retrieved=12
2026-02-23 19:57:16,472 | INFO     | retrieval       | TIMING | DOCUMENT_RERANKING             | Duration: 0.35ms | docs_processed=12 | docs_returned=8
2026-02-23 19:57:16,472 | INFO     | retrieval       | TIMING | RETRIEVAL                      | num_docs=8 | retrieval_ms=963.28 | methods=ensemble
2026-02-23 19:57:16,473 | INFO     | generation      | TIMING | SOURCE_DOCS_CAPTURED            | count=8
2026-02-23 19:57:28,280 | INFO     | generation      | TIMING | CONDENSE_QUESTION_LLM          | Started (rephrasing follow-up as standalone question)
2026-02-23 19:57:32,348 | INFO     | generation      | TIMING | CONDENSE_QUESTION_LLM          | Duration: 4068.61ms
2026-02-23 19:57:32,349 | INFO     | generation      | TIMING | STREAMING_CHUNKS               | Duration: 17816.66ms | chunk_count=454 | answer_length=2042
2026-02-23 19:57:32,350 | INFO     | generation      | TIMING | GENERATION                     | generation_ms=17819.75 | chunks=454 | tokens=289
2026-02-23 19:57:32,350 | INFO     | generation      | TIMING | SOURCE_DOCS_FINAL              | captured_count=8 | result_count=8 | final_count=8
2026-02-23 19:57:32,351 | INFO     | api             | TIMING | STREAMING_COMPLETE             | Duration: 17821.55ms | chunks=454 | response_length=2042 | first_chunk_ms=2989.52
2026-02-23 19:57:32,357 | INFO     | api             | TIMING | DB_ADD_AI_WS                   | Duration: 5.24ms | response_length=2042
2026-02-23 19:57:32,358 | INFO     | api             | ====================================================================================================
2026-02-23 19:57:32,358 | INFO     | api             | QUERY_COMPLETE | ID: 107f113d | Status: SUCCESS
2026-02-23 19:57:32,358 | INFO     | api             | TOTAL_TIME | 17838.09ms
2026-02-23 19:57:32,358 | INFO     | api             | ====================================================================================================
2026-02-23 19:57:32,362 | INFO     | api             | WebSocket client disconnected - request_id=107f113d
2026-02-23 20:00:04,500 | INFO     | api             | ====================================================================================================
2026-02-23 20:00:04,501 | INFO     | api             | QUERY_START | ID: 1e698583 | Question: What are the different fungal disease can affect potato?...
2026-02-23 20:00:04,501 | INFO     | api             | ====================================================================================================
2026-02-23 20:00:04,506 | INFO     | api             | TIMING | DB_ADD_USER_WS                 | Duration: 4.26ms
2026-02-23 20:00:04,508 | INFO     | api             | TIMING | HISTORY_RETRIEVAL_WS           | Duration: 1.6ms | history_items=0
2026-02-23 20:00:04,509 | INFO     | generation      | TIMING | MEMORY_CLEAR                   | Cleared stale chain memory for new conversation
2026-02-23 20:00:47,120 | INFO     | retrieval       | TIMING | ENSEMBLE_RETRIEVAL             | Duration: 42610.48ms | docs_retrieved=14
2026-02-23 20:00:47,121 | INFO     | retrieval       | TIMING | DOCUMENT_RERANKING             | Duration: 0.43ms | docs_processed=14 | docs_returned=8
2026-02-23 20:00:47,121 | INFO     | retrieval       | TIMING | RETRIEVAL                      | num_docs=8 | retrieval_ms=42611.75 | methods=ensemble
2026-02-23 20:00:47,122 | INFO     | generation      | TIMING | SOURCE_DOCS_CAPTURED            | count=8
2026-02-23 20:01:00,060 | INFO     | generation      | TIMING | STREAMING_CHUNKS               | Duration: 55549.94ms | chunk_count=483 | answer_length=2301
2026-02-23 20:01:00,060 | INFO     | generation      | TIMING | GENERATION                     | generation_ms=55551.55 | chunks=483 | tokens=317
2026-02-23 20:01:00,061 | INFO     | generation      | TIMING | SOURCE_DOCS_FINAL              | captured_count=8 | result_count=8 | final_count=8
2026-02-23 20:01:00,061 | INFO     | api             | TIMING | STREAMING_COMPLETE             | Duration: 55552.74ms | chunks=483 | response_length=2301 | first_chunk_ms=43505.65
2026-02-23 20:01:00,066 | INFO     | api             | TIMING | DB_ADD_AI_WS                   | Duration: 3.58ms | response_length=2301
2026-02-23 20:01:00,066 | INFO     | api             | ====================================================================================================
2026-02-23 20:01:00,066 | INFO     | api             | QUERY_COMPLETE | ID: 1e698583 | Status: SUCCESS
2026-02-23 20:01:00,066 | INFO     | api             | TOTAL_TIME | 55566.94ms
2026-02-23 20:01:00,066 | INFO     | api             | ====================================================================================================
2026-02-23 20:01:00,067 | INFO     | api             | WebSocket client disconnected - request_id=1e698583
2026-02-23 20:01:32,711 | INFO     | api             | ====================================================================================================
2026-02-23 20:01:32,711 | INFO     | api             | QUERY_START | ID: 3aefe620 | Question: how to manage it?...
2026-02-23 20:01:32,712 | INFO     | api             | ====================================================================================================
2026-02-23 20:01:32,716 | INFO     | api             | TIMING | DB_ADD_USER_WS                 | Duration: 4.15ms
2026-02-23 20:01:32,719 | INFO     | api             | TIMING | HISTORY_RETRIEVAL_WS           | Duration: 2.33ms | history_items=1
2026-02-23 20:01:32,720 | INFO     | generation      | TIMING | MEMORY_SYNC_STREAM             | Duration: 0.13ms | history_items=1
2026-02-23 20:01:32,722 | INFO     | generation      | TIMING | CONDENSE_QUESTION_LLM          | Started (rephrasing follow-up as standalone question)
2026-02-23 20:02:16,196 | INFO     | generation      | TIMING | CONDENSE_QUESTION_LLM          | Duration: 43474.55ms
2026-02-23 20:02:58,580 | INFO     | retrieval       | TIMING | ENSEMBLE_RETRIEVAL             | Duration: 42383.14ms | docs_retrieved=14
2026-02-23 20:02:58,581 | INFO     | retrieval       | TIMING | DOCUMENT_RERANKING             | Duration: 0.35ms | docs_processed=14 | docs_returned=8
2026-02-23 20:02:58,581 | INFO     | retrieval       | TIMING | RETRIEVAL                      | num_docs=8 | retrieval_ms=42384.17 | methods=ensemble
2026-02-23 20:02:58,581 | INFO     | generation      | TIMING | SOURCE_DOCS_CAPTURED            | count=8
2026-02-23 20:03:08,353 | INFO     | generation      | TIMING | STREAMING_CHUNKS               | Duration: 95631.73ms | chunk_count=425 | answer_length=2261
2026-02-23 20:03:08,354 | INFO     | generation      | TIMING | GENERATION                     | generation_ms=95634.25 | chunks=425 | tokens=302
2026-02-23 20:03:08,354 | INFO     | generation      | TIMING | SOURCE_DOCS_FINAL              | captured_count=8 | result_count=8 | final_count=8
2026-02-23 20:03:08,354 | INFO     | api             | TIMING | STREAMING_COMPLETE             | Duration: 95635.11ms | chunks=425 | response_length=2261 | first_chunk_ms=87296.01
2026-02-23 20:03:08,361 | INFO     | api             | TIMING | DB_ADD_AI_WS                   | Duration: 5.03ms | response_length=2261
2026-02-23 20:03:08,361 | INFO     | api             | ====================================================================================================
2026-02-23 20:03:08,361 | INFO     | api             | QUERY_COMPLETE | ID: 3aefe620 | Status: SUCCESS
2026-02-23 20:03:08,361 | INFO     | api             | TOTAL_TIME | 95650.79ms
2026-02-23 20:03:08,361 | INFO     | api             | ====================================================================================================
2026-02-23 20:03:08,363 | INFO     | api             | WebSocket client disconnected - request_id=3aefe620
2026-02-23 20:04:13,207 | INFO     | api             | ====================================================================================================
2026-02-23 20:04:13,208 | INFO     | api             | QUERY_START | ID: 6d7f3d63 | Question: explain late blight vs early blight?...
2026-02-23 20:04:13,208 | INFO     | api             | ====================================================================================================
2026-02-23 20:04:13,214 | INFO     | api             | TIMING | DB_ADD_USER_WS                 | Duration: 5.54ms
2026-02-23 20:04:13,217 | INFO     | api             | TIMING | HISTORY_RETRIEVAL_WS           | Duration: 2.46ms | history_items=2
2026-02-23 20:04:13,218 | INFO     | generation      | TIMING | MEMORY_SYNC_STREAM             | Duration: 0.16ms | history_items=2
2026-02-23 20:04:13,219 | INFO     | generation      | TIMING | CONDENSE_QUESTION_LLM          | Started (rephrasing follow-up as standalone question)
2026-02-23 20:04:56,204 | INFO     | generation      | TIMING | CONDENSE_QUESTION_LLM          | Duration: 42985.17ms
2026-02-23 20:04:56,205 | INFO     | retrieval       | TIMING | QUERY_PREPROCESS               | Duration: 0.01ms | enhancements=2 | applied_domains=late blight,early blight
2026-02-23 20:05:43,756 | INFO     | retrieval       | TIMING | ENSEMBLE_RETRIEVAL             | Duration: 47550.48ms | docs_retrieved=15
2026-02-23 20:05:43,757 | INFO     | retrieval       | TIMING | DOCUMENT_RERANKING             | Duration: 0.44ms | docs_processed=15 | docs_returned=8
2026-02-23 20:05:43,757 | INFO     | retrieval       | TIMING | RETRIEVAL                      | num_docs=8 | retrieval_ms=47552.22 | methods=ensemble
2026-02-23 20:05:43,757 | INFO     | generation      | TIMING | SOURCE_DOCS_CAPTURED            | count=8
2026-02-23 20:06:06,814 | INFO     | generation      | TIMING | CONDENSE_QUESTION_LLM          | Started (rephrasing follow-up as standalone question)
2026-02-23 20:06:10,824 | INFO     | generation      | TIMING | CONDENSE_QUESTION_LLM          | Duration: 4009.67ms
2026-02-23 20:06:10,824 | INFO     | generation      | TIMING | STREAMING_CHUNKS               | Duration: 117605.46ms | chunk_count=580 | answer_length=2766
2026-02-23 20:06:10,825 | INFO     | generation      | TIMING | GENERATION                     | generation_ms=117607.1 | chunks=580 | tokens=405
2026-02-23 20:06:10,825 | INFO     | generation      | TIMING | SOURCE_DOCS_FINAL              | captured_count=8 | result_count=8 | final_count=8
2026-02-23 20:06:10,826 | INFO     | api             | TIMING | STREAMING_COMPLETE             | Duration: 117608.39ms | chunks=580 | response_length=2766 | first_chunk_ms=100079.48
2026-02-23 20:06:10,832 | INFO     | api             | TIMING | DB_ADD_AI_WS                   | Duration: 5.18ms | response_length=2766
2026-02-23 20:06:10,832 | INFO     | api             | ====================================================================================================
2026-02-23 20:06:10,832 | INFO     | api             | QUERY_COMPLETE | ID: 6d7f3d63 | Status: SUCCESS
2026-02-23 20:06:10,833 | INFO     | api             | TOTAL_TIME | 117626.56ms
2026-02-23 20:06:10,833 | INFO     | api             | ====================================================================================================
2026-02-23 20:06:10,834 | INFO     | api             | WebSocket client disconnected - request_id=6d7f3d63
2026-02-23 20:07:22,066 | INFO     | api             | ====================================================================================================
2026-02-23 20:07:22,066 | INFO     | api             | QUERY_START | ID: 2c23f625 | Question: which fungicide to be use to treat both?...
2026-02-23 20:07:22,067 | INFO     | api             | ====================================================================================================
2026-02-23 20:07:22,071 | INFO     | api             | TIMING | DB_ADD_USER_WS                 | Duration: 4.6ms
2026-02-23 20:07:22,074 | INFO     | api             | TIMING | HISTORY_RETRIEVAL_WS           | Duration: 2.36ms | history_items=3
2026-02-23 20:07:22,075 | INFO     | generation      | TIMING | MEMORY_SYNC_STREAM             | Duration: 0.11ms | history_items=3
2026-02-23 20:07:22,077 | INFO     | generation      | TIMING | CONDENSE_QUESTION_LLM          | Started (rephrasing follow-up as standalone question)
2026-02-23 20:07:59,266 | INFO     | generation      | TIMING | CONDENSE_QUESTION_LLM          | Duration: 37189.39ms
2026-02-23 20:07:59,269 | INFO     | retrieval       | TIMING | QUERY_PREPROCESS               | Duration: 0.01ms | enhancements=2 | applied_domains=late blight,early blight
2026-02-23 20:07:59,888 | INFO     | retrieval       | TIMING | ENSEMBLE_RETRIEVAL             | Duration: 617.85ms | docs_retrieved=14
2026-02-23 20:07:59,889 | INFO     | retrieval       | TIMING | DOCUMENT_RERANKING             | Duration: 0.4ms | docs_processed=14 | docs_returned=8
2026-02-23 20:07:59,889 | INFO     | retrieval       | TIMING | RETRIEVAL                      | num_docs=8 | retrieval_ms=620.3 | methods=ensemble
2026-02-23 20:07:59,889 | INFO     | generation      | TIMING | SOURCE_DOCS_CAPTURED            | count=8
2026-02-23 20:08:07,860 | INFO     | generation      | TIMING | CONDENSE_QUESTION_LLM          | Started (rephrasing follow-up as standalone question)
2026-02-23 20:08:13,351 | INFO     | generation      | TIMING | CONDENSE_QUESTION_LLM          | Duration: 5491.58ms
2026-02-23 20:08:13,352 | INFO     | generation      | TIMING | STREAMING_CHUNKS               | Duration: 51275.01ms | chunk_count=401 | answer_length=1918
2026-02-23 20:08:13,352 | INFO     | generation      | TIMING | GENERATION                     | generation_ms=51277.23 | chunks=401 | tokens=261
2026-02-23 20:08:13,353 | INFO     | generation      | TIMING | SOURCE_DOCS_FINAL              | captured_count=8 | result_count=8 | final_count=8
2026-02-23 20:08:13,353 | INFO     | api             | TIMING | STREAMING_COMPLETE             | Duration: 51278.7ms | chunks=401 | response_length=1918 | first_chunk_ms=38706.27
2026-02-23 20:08:13,359 | INFO     | api             | TIMING | DB_ADD_AI_WS                   | Duration: 5.26ms | response_length=1918
2026-02-23 20:08:13,360 | INFO     | api             | ====================================================================================================
2026-02-23 20:08:13,360 | INFO     | api             | QUERY_COMPLETE | ID: 2c23f625 | Status: SUCCESS
2026-02-23 20:08:13,360 | INFO     | api             | TOTAL_TIME | 51294.75ms
2026-02-23 20:08:13,360 | INFO     | api             | ====================================================================================================
2026-02-23 20:08:13,362 | INFO     | api             | WebSocket client disconnected - request_id=2c23f625
2026-02-23 20:36:35,706 | INFO     | api             | ====================================================================================================
2026-02-23 20:36:35,706 | INFO     | api             | QUERY_START | ID: 4129ba42 | Question: I found uneven shapes in potato tuber what could be the reason?...
2026-02-23 20:36:35,706 | INFO     | api             | ====================================================================================================
2026-02-23 20:36:35,712 | INFO     | api             | TIMING | DB_ADD_USER_WS                 | Duration: 5.28ms
2026-02-23 20:36:35,717 | INFO     | api             | TIMING | HISTORY_RETRIEVAL_WS           | Duration: 3.89ms | history_items=0
2026-02-23 20:36:35,718 | INFO     | generation      | TIMING | MEMORY_CLEAR                   | Cleared stale chain memory for new conversation
2026-02-23 20:36:45,086 | INFO     | retrieval       | TIMING | ENSEMBLE_RETRIEVAL             | Duration: 9366.31ms | docs_retrieved=14
2026-02-23 20:36:45,087 | INFO     | retrieval       | TIMING | DOCUMENT_RERANKING             | Duration: 0.63ms | docs_processed=14 | docs_returned=8
2026-02-23 20:36:45,088 | INFO     | retrieval       | TIMING | RETRIEVAL                      | num_docs=8 | retrieval_ms=9367.85 | methods=ensemble
2026-02-23 20:36:45,088 | INFO     | generation      | TIMING | SOURCE_DOCS_CAPTURED            | count=8
2026-02-23 20:36:52,170 | INFO     | generation      | TIMING | STREAMING_CHUNKS               | Duration: 16450.35ms | chunk_count=266 | answer_length=1375
2026-02-23 20:36:52,171 | INFO     | generation      | TIMING | GENERATION                     | generation_ms=16452.77 | chunks=266 | tokens=204
2026-02-23 20:36:52,171 | INFO     | generation      | TIMING | SOURCE_DOCS_FINAL              | captured_count=8 | result_count=8 | final_count=8
2026-02-23 20:36:52,172 | INFO     | api             | TIMING | STREAMING_COMPLETE             | Duration: 16454.64ms | chunks=266 | response_length=1375 | first_chunk_ms=10422.5
2026-02-23 20:36:52,180 | INFO     | api             | TIMING | DB_ADD_AI_WS                   | Duration: 5.56ms | response_length=1375
2026-02-23 20:36:52,180 | INFO     | api             | ====================================================================================================
2026-02-23 20:36:52,181 | INFO     | api             | QUERY_COMPLETE | ID: 4129ba42 | Status: SUCCESS
2026-02-23 20:36:52,181 | INFO     | api             | TOTAL_TIME | 16475.98ms
2026-02-23 20:36:52,181 | INFO     | api             | ====================================================================================================
2026-02-23 20:36:52,183 | INFO     | api             | WebSocket client disconnected - request_id=4129ba42
2026-02-23 20:37:40,734 | INFO     | api             | ====================================================================================================
2026-02-23 20:37:40,734 | INFO     | api             | QUERY_START | ID: ac7bc549 | Question: Can nutritions defficiency lead to irregular growth?...
2026-02-23 20:37:40,734 | INFO     | api             | ====================================================================================================
2026-02-23 20:37:40,740 | INFO     | api             | TIMING | DB_ADD_USER_WS                 | Duration: 5.31ms
2026-02-23 20:37:40,743 | INFO     | api             | TIMING | HISTORY_RETRIEVAL_WS           | Duration: 1.9ms | history_items=1
2026-02-23 20:37:40,743 | INFO     | generation      | TIMING | MEMORY_SYNC_STREAM             | Duration: 0.1ms | history_items=1
2026-02-23 20:37:40,745 | INFO     | generation      | TIMING | CONDENSE_QUESTION_LLM          | Started (rephrasing follow-up as standalone question)
2026-02-23 20:37:42,370 | INFO     | generation      | TIMING | CONDENSE_QUESTION_LLM          | Duration: 1625.1ms
2026-02-23 20:37:43,437 | INFO     | retrieval       | TIMING | ENSEMBLE_RETRIEVAL             | Duration: 1065.86ms | docs_retrieved=14
2026-02-23 20:37:43,438 | INFO     | retrieval       | TIMING | DOCUMENT_RERANKING             | Duration: 0.65ms | docs_processed=14 | docs_returned=8
2026-02-23 20:37:43,438 | INFO     | retrieval       | TIMING | RETRIEVAL                      | num_docs=8 | retrieval_ms=1067.47 | methods=ensemble
2026-02-23 20:37:43,439 | INFO     | generation      | TIMING | SOURCE_DOCS_CAPTURED            | count=8
2026-02-23 20:37:52,189 | INFO     | generation      | TIMING | STREAMING_CHUNKS               | Duration: 11444.2ms | chunk_count=333 | answer_length=1787
2026-02-23 20:37:52,191 | INFO     | generation      | TIMING | GENERATION                     | generation_ms=11447.51 | chunks=333 | tokens=258
2026-02-23 20:37:52,192 | INFO     | generation      | TIMING | SOURCE_DOCS_FINAL              | captured_count=8 | result_count=8 | final_count=8
2026-02-23 20:37:52,194 | INFO     | api             | TIMING | STREAMING_COMPLETE             | Duration: 11450.67ms | chunks=333 | response_length=1787 | first_chunk_ms=3352.65
2026-02-23 20:37:52,202 | INFO     | api             | TIMING | DB_ADD_AI_WS                   | Duration: 6.04ms | response_length=1787
2026-02-23 20:37:52,202 | INFO     | api             | ====================================================================================================
2026-02-23 20:37:52,203 | INFO     | api             | QUERY_COMPLETE | ID: ac7bc549 | Status: SUCCESS
2026-02-23 20:37:52,203 | INFO     | api             | TOTAL_TIME | 11470.06ms
2026-02-23 20:37:52,203 | INFO     | api             | ====================================================================================================
2026-02-23 20:37:52,209 | INFO     | api             | WebSocket client disconnected - request_id=ac7bc549
2026-02-27 22:47:04,761 | INFO     | api             | ====================================================================================================
2026-02-27 22:47:04,761 | INFO     | api             | QUERY_START | ID: dcb80daf | Question: During Harvesting of potato, i found green color mark on tuber surface, what cou...
2026-02-27 22:47:04,762 | INFO     | api             | ====================================================================================================
2026-02-27 22:47:04,768 | INFO     | api             | TIMING | DB_ADD_USER_WS                 | Duration: 6.1ms
2026-02-27 22:47:04,773 | INFO     | api             | TIMING | HISTORY_RETRIEVAL_WS           | Duration: 3.17ms | history_items=0
2026-02-27 22:47:04,775 | INFO     | generation      | TIMING | MEMORY_CLEAR                   | Cleared stale chain memory for new conversation
2026-02-27 22:47:08,342 | INFO     | retrieval       | TIMING | ENSEMBLE_RETRIEVAL             | Duration: 3563.22ms | docs_retrieved=14
2026-02-27 22:47:08,345 | INFO     | retrieval       | TIMING | DOCUMENT_RERANKING             | Duration: 2.28ms | docs_processed=14 | docs_returned=8
2026-02-27 22:47:08,345 | INFO     | retrieval       | TIMING | RETRIEVAL                      | num_docs=8 | retrieval_ms=3566.94 | methods=ensemble
2026-02-27 22:47:08,346 | INFO     | generation      | TIMING | SOURCE_DOCS_CAPTURED            | count=8
2026-02-27 22:47:14,293 | INFO     | generation      | TIMING | STREAMING_CHUNKS               | Duration: 9513.52ms | chunk_count=198 | answer_length=1029
2026-02-27 22:47:14,293 | INFO     | generation      | TIMING | GENERATION                     | generation_ms=9518.65 | chunks=198 | tokens=169
2026-02-27 22:47:14,294 | INFO     | generation      | TIMING | SOURCE_DOCS_FINAL              | captured_count=8 | result_count=8 | final_count=8
2026-02-27 22:47:14,294 | INFO     | api             | TIMING | STREAMING_COMPLETE             | Duration: 9520.92ms | chunks=198 | response_length=1029 | first_chunk_ms=6206.11
2026-02-27 22:47:14,304 | INFO     | api             | TIMING | DB_ADD_AI_WS                   | Duration: 7.98ms | response_length=1029
2026-02-27 22:47:14,305 | INFO     | api             | ====================================================================================================
2026-02-27 22:47:14,305 | INFO     | api             | QUERY_COMPLETE | ID: dcb80daf | Status: SUCCESS
2026-02-27 22:47:14,306 | INFO     | api             | TOTAL_TIME | 9549.14ms
2026-02-27 22:47:14,307 | INFO     | api             | ====================================================================================================
2026-02-27 22:47:14,309 | INFO     | api             | WebSocket client disconnected - request_id=dcb80daf
2026-02-27 22:48:17,728 | INFO     | api             | ====================================================================================================
2026-02-27 22:48:17,729 | INFO     | api             | QUERY_START | ID: a667bc78 | Question: along with that i found , crack uneven shapes of potato also...
2026-02-27 22:48:17,730 | INFO     | api             | ====================================================================================================
2026-02-27 22:48:17,736 | INFO     | api             | TIMING | DB_ADD_USER_WS                 | Duration: 5.79ms
2026-02-27 22:48:17,740 | INFO     | api             | TIMING | HISTORY_RETRIEVAL_WS           | Duration: 3.2ms | history_items=1
2026-02-27 22:48:17,741 | INFO     | generation      | TIMING | MEMORY_SYNC_STREAM             | Duration: 0.1ms | history_items=1
2026-02-27 22:48:17,744 | INFO     | generation      | TIMING | CONDENSE_QUESTION_LLM          | Started (rephrasing follow-up as standalone question)
2026-02-27 22:48:58,159 | INFO     | generation      | TIMING | CONDENSE_QUESTION_LLM          | Duration: 40414.97ms
2026-02-27 22:48:58,825 | INFO     | retrieval       | TIMING | ENSEMBLE_RETRIEVAL             | Duration: 663.73ms | docs_retrieved=15
2026-02-27 22:48:58,828 | INFO     | retrieval       | TIMING | DOCUMENT_RERANKING             | Duration: 2.59ms | docs_processed=15 | docs_returned=8
2026-02-27 22:48:58,829 | INFO     | retrieval       | TIMING | RETRIEVAL                      | num_docs=8 | retrieval_ms=668.38 | methods=ensemble
2026-02-27 22:48:58,830 | INFO     | generation      | TIMING | SOURCE_DOCS_CAPTURED            | count=8
2026-02-27 22:49:05,336 | INFO     | generation      | TIMING | STREAMING_CHUNKS               | Duration: 47592.16ms | chunk_count=340 | answer_length=1734
2026-02-27 22:49:05,337 | INFO     | generation      | TIMING | GENERATION                     | generation_ms=47596.31 | chunks=340 | tokens=254
2026-02-27 22:49:05,338 | INFO     | generation      | TIMING | SOURCE_DOCS_FINAL              | captured_count=8 | result_count=8 | final_count=8
2026-02-27 22:49:05,339 | INFO     | api             | TIMING | STREAMING_COMPLETE             | Duration: 47598.76ms | chunks=340 | response_length=1734 | first_chunk_ms=42648.75
2026-02-27 22:49:05,348 | INFO     | api             | TIMING | DB_ADD_AI_WS                   | Duration: 6.51ms | response_length=1734
2026-02-27 22:49:05,348 | INFO     | api             | ====================================================================================================
2026-02-27 22:49:05,348 | INFO     | api             | QUERY_COMPLETE | ID: a667bc78 | Status: SUCCESS
2026-02-27 22:49:05,349 | INFO     | api             | TOTAL_TIME | 47623.63ms
2026-02-27 22:49:05,353 | INFO     | api             | ====================================================================================================
2026-02-27 22:49:05,355 | INFO     | api             | WebSocket client disconnected - request_id=a667bc78
2026-02-27 22:49:55,011 | INFO     | api             | ====================================================================================================
2026-02-27 22:49:55,011 | INFO     | api             | QUERY_START | ID: 8079e6c4 | Question: how Nutrient Imbalance can lead to this problem...
2026-02-27 22:49:55,012 | INFO     | api             | ====================================================================================================
2026-02-27 22:49:55,019 | INFO     | api             | TIMING | DB_ADD_USER_WS                 | Duration: 7.05ms
2026-02-27 22:49:55,023 | INFO     | api             | TIMING | HISTORY_RETRIEVAL_WS           | Duration: 3.0ms | history_items=2
2026-02-27 22:49:55,024 | INFO     | generation      | TIMING | MEMORY_SYNC_STREAM             | Duration: 0.12ms | history_items=2
2026-02-27 22:49:55,026 | INFO     | generation      | TIMING | CONDENSE_QUESTION_LLM          | Started (rephrasing follow-up as standalone question)
2026-02-27 22:49:56,258 | INFO     | generation      | TIMING | CONDENSE_QUESTION_LLM          | Duration: 1232.31ms
2026-02-27 22:49:56,623 | INFO     | retrieval       | TIMING | ENSEMBLE_RETRIEVAL             | Duration: 363.08ms | docs_retrieved=15
2026-02-27 22:49:56,627 | INFO     | retrieval       | TIMING | DOCUMENT_RERANKING             | Duration: 3.66ms | docs_processed=15 | docs_returned=8
2026-02-27 22:49:56,628 | INFO     | retrieval       | TIMING | RETRIEVAL                      | num_docs=8 | retrieval_ms=368.21 | methods=ensemble
2026-02-27 22:49:56,628 | INFO     | generation      | TIMING | SOURCE_DOCS_CAPTURED            | count=8
2026-02-27 22:50:07,116 | INFO     | generation      | TIMING | CONDENSE_QUESTION_LLM          | Started (rephrasing follow-up as standalone question)
2026-02-27 22:50:11,073 | INFO     | generation      | TIMING | CONDENSE_QUESTION_LLM          | Duration: 3956.95ms
2026-02-27 22:50:11,075 | INFO     | generation      | TIMING | STREAMING_CHUNKS               | Duration: 16049.31ms | chunk_count=450 | answer_length=2475
2026-02-27 22:50:11,076 | INFO     | generation      | TIMING | GENERATION                     | generation_ms=16051.95 | chunks=450 | tokens=345
2026-02-27 22:50:11,076 | INFO     | generation      | TIMING | SOURCE_DOCS_FINAL              | captured_count=8 | result_count=8 | final_count=8
2026-02-27 22:50:11,078 | INFO     | api             | TIMING | STREAMING_COMPLETE             | Duration: 16054.3ms | chunks=450 | response_length=2475 | first_chunk_ms=2186.8
2026-02-27 22:50:11,087 | INFO     | api             | TIMING | DB_ADD_AI_WS                   | Duration: 7.4ms | response_length=2475
2026-02-27 22:50:11,088 | INFO     | api             | ====================================================================================================
2026-02-27 22:50:11,089 | INFO     | api             | QUERY_COMPLETE | ID: 8079e6c4 | Status: SUCCESS
2026-02-27 22:50:11,092 | INFO     | api             | TOTAL_TIME | 16079.89ms
2026-02-27 22:50:11,093 | INFO     | api             | ====================================================================================================
2026-02-27 22:50:11,098 | INFO     | api             | WebSocket client disconnected - request_id=8079e6c4
2026-02-27 23:14:10,141 | INFO     | retrieval       | TIMING | BM25_INDEX_BUILD               | Duration: 354.46ms | num_docs=6174
2026-02-27 23:14:10,304 | INFO     | retrieval       | BM25 cache saved to faiss_index_multimodal\bm25_cache.pkl
2026-02-27 23:14:31,881 | INFO     | retrieval       | TIMING | BM25_CACHE_LOAD                | Duration: 182.29ms | source=disk
2026-02-27 23:25:44,506 | INFO     | api             | ====================================================================================================
2026-02-27 23:25:44,506 | INFO     | api             | QUERY_START | ID: 545c4f41 | Question: explain How deficiency of Ca, B also affect this irregualr shape?...
2026-02-27 23:25:44,506 | INFO     | api             | ====================================================================================================
2026-02-27 23:25:44,513 | INFO     | api             | TIMING | DB_ADD_USER_WS                 | Duration: 6.14ms
2026-02-27 23:25:44,517 | INFO     | api             | TIMING | HISTORY_RETRIEVAL_WS           | Duration: 2.69ms | history_items=3
2026-02-27 23:25:44,519 | INFO     | generation      | TIMING | MEMORY_SYNC_STREAM             | Duration: 0.35ms | history_items=3
2026-02-27 23:25:44,520 | INFO     | generation      | TIMING | CONDENSE_QUESTION_LLM             | Started (rephrasing follow-up as standalone question)
2026-02-27 23:26:24,947 | INFO     | generation      | TIMING | CONDENSE_QUESTION_LLM          | Duration: 40427.28ms
2026-02-27 23:26:25,126 | INFO     | retrieval       | TIMING | ENSEMBLE_RETRIEVAL             | Duration: 40581.91ms | docs_retrieved=14
2026-02-27 23:26:25,128 | INFO     | retrieval       | TIMING | DOCUMENT_RERANKING             | Duration: 1.82ms | docs_processed=14 | docs_returned=8
2026-02-27 23:26:25,129 | INFO     | retrieval       | TIMING | RETRIEVAL                      | num_docs=8 | retrieval_ms=40585.56 | methods=ensemble
2026-02-27 23:26:25,131 | INFO     | generation      | TIMING | PARALLEL_CONDENSE_RETRIEVE     | Duration: 40611.69ms | original_docs=8
2026-02-27 23:26:25,509 | INFO     | retrieval       | TIMING | ENSEMBLE_RETRIEVAL             | Duration: 377.28ms | docs_retrieved=14
2026-02-27 23:26:25,512 | INFO     | retrieval       | TIMING | DOCUMENT_RERANKING             | Duration: 1.99ms | docs_processed=14 | docs_returned=8
2026-02-27 23:26:25,513 | INFO     | retrieval       | TIMING | RETRIEVAL                      | num_docs=8 | retrieval_ms=381.01 | methods=ensemble
2026-02-27 23:26:25,514 | INFO     | generation      | TIMING | CONDENSED_RETRIEVAL_MERGE      | Duration: 382.03ms | extra_docs=6 | total_docs=14
2026-02-27 23:26:25,514 | INFO     | generation      | TIMING | SOURCE_DOCS_CAPTURED           | count=14
2026-02-27 23:26:32,513 | INFO     | generation      | TIMING | STREAMING_CHUNKS               | Duration: 6997.87ms | chunk_count=299 | answer_length=1550
2026-02-27 23:26:32,514 | INFO     | generation      | TIMING | GENERATION                     | generation_ms=47995.64 | chunks=299 | tokens=224
2026-02-27 23:26:32,514 | INFO     | generation      | TIMING | SOURCE_DOCS_FINAL              | captured_count=14 | result_count=14 | final_count=14
2026-02-27 23:26:32,516 | INFO     | api             | TIMING | STREAMING_COMPLETE             | Duration: 47997.94ms | chunks=299 | response_length=1550 | first_chunk_ms=42575.21
2026-02-27 23:26:32,522 | INFO     | api             | TIMING | DB_ADD_AI_WS                   | Duration: 5.25ms | response_length=1550
2026-02-27 23:26:32,523 | INFO     | api             | ====================================================================================================
2026-02-27 23:26:32,523 | INFO     | api             | QUERY_COMPLETE | ID: 545c4f41 | Status: SUCCESS
2026-02-27 23:26:32,524 | INFO     | api             | TOTAL_TIME | 48020.99ms
2026-02-27 23:26:32,525 | INFO     | api             | ====================================================================================================
2026-02-27 23:26:32,527 | INFO     | api             | WebSocket client disconnected - request_id=545c4f41
2026-02-27 23:46:14,207 | INFO     | api             | ====================================================================================================
2026-02-27 23:46:14,207 | INFO     | api             | QUERY_START | ID: eabb0c5a | Question: which fertilizer can be used for Ca and B...
2026-02-27 23:46:14,208 | INFO     | api             | ====================================================================================================
2026-02-27 23:46:14,215 | INFO     | api             | TIMING | DB_ADD_USER_WS                 | Duration: 6.67ms
2026-02-27 23:46:14,219 | INFO     | api             | TIMING | HISTORY_RETRIEVAL_WS           | Duration: 3.41ms | history_items=4
2026-02-27 23:46:14,220 | INFO     | generation      | TIMING | MEMORY_SYNC_STREAM             | Duration: 0.22ms | history_items=4
2026-02-27 23:46:14,221 | INFO     | generation      | TIMING | CONDENSE_QUESTION_LLM             | Started (rephrasing follow-up as standalone question)
2026-02-27 23:46:15,235 | INFO     | generation      | TIMING | CONDENSE_QUESTION_LLM          | Duration: 1013.3ms
2026-02-27 23:46:15,311 | INFO     | retrieval       | TIMING | ENSEMBLE_RETRIEVAL             | Duration: 1085.44ms | docs_retrieved=15
2026-02-27 23:46:15,314 | INFO     | retrieval       | TIMING | DOCUMENT_RERANKING             | Duration: 1.35ms | docs_processed=15 | docs_returned=8
2026-02-27 23:46:15,314 | INFO     | retrieval       | TIMING | RETRIEVAL                      | num_docs=8 | retrieval_ms=1088.5 | methods=ensemble
2026-02-27 23:46:15,316 | INFO     | generation      | TIMING | PARALLEL_CONDENSE_RETRIEVE     | Duration: 1094.75ms | original_docs=8
2026-02-27 23:46:16,309 | INFO     | retrieval       | TIMING | ENSEMBLE_RETRIEVAL             | Duration: 992.38ms | docs_retrieved=14
2026-02-27 23:46:16,311 | INFO     | retrieval       | TIMING | DOCUMENT_RERANKING             | Duration: 1.42ms | docs_processed=14 | docs_returned=8
2026-02-27 23:46:16,312 | INFO     | retrieval       | TIMING | RETRIEVAL                      | num_docs=8 | retrieval_ms=995.59 | methods=ensemble
2026-02-27 23:46:16,313 | INFO     | generation      | TIMING | CONDENSED_RETRIEVAL_MERGE      | Duration: 996.6ms | extra_docs=6 | total_docs=14
2026-02-27 23:46:16,314 | INFO     | generation      | TIMING | SOURCE_DOCS_CAPTURED           | count=14
2026-02-27 23:46:32,826 | INFO     | generation      | TIMING | STREAMING_CHUNKS               | Duration: 16511.07ms | chunk_count=377 | answer_length=1798
2026-02-27 23:46:32,826 | INFO     | generation      | TIMING | GENERATION                     | generation_ms=18606.16 | chunks=377 | tokens=268
2026-02-27 23:46:32,827 | INFO     | generation      | TIMING | SOURCE_DOCS_FINAL              | captured_count=14 | result_count=14 | final_count=14
2026-02-27 23:46:32,828 | INFO     | api             | TIMING | STREAMING_COMPLETE             | Duration: 18607.98ms | chunks=377 | response_length=1798 | first_chunk_ms=5763.02
2026-02-27 23:46:32,837 | INFO     | api             | TIMING | DB_ADD_AI_WS                   | Duration: 7.72ms | response_length=1798
2026-02-27 23:46:32,839 | INFO     | api             | ====================================================================================================
2026-02-27 23:46:32,840 | INFO     | api             | QUERY_COMPLETE | ID: eabb0c5a | Status: SUCCESS
2026-02-27 23:46:32,840 | INFO     | api             | TOTAL_TIME | 18635.38ms
2026-02-27 23:46:32,840 | INFO     | api             | ====================================================================================================
2026-02-27 23:46:32,843 | INFO     | api             | WebSocket client disconnected - request_id=eabb0c5a
2026-02-27 23:47:42,791 | INFO     | api             | ====================================================================================================
2026-02-27 23:47:42,792 | INFO     | api             | QUERY_START | ID: 642f47d3 | Question: In  Calcium Nitrate, % of C and N?...
2026-02-27 23:47:42,793 | INFO     | api             | ====================================================================================================
2026-02-27 23:47:42,801 | INFO     | api             | TIMING | DB_ADD_USER_WS                 | Duration: 5.96ms
2026-02-27 23:47:42,805 | INFO     | api             | TIMING | HISTORY_RETRIEVAL_WS           | Duration: 3.53ms | history_items=5
2026-02-27 23:47:42,807 | INFO     | generation      | TIMING | MEMORY_SYNC_STREAM             | Duration: 0.49ms | history_items=5
2026-02-27 23:47:42,808 | INFO     | generation      | TIMING | CONDENSE_QUESTION_LLM             | Started (rephrasing follow-up as standalone question)
2026-02-27 23:47:43,241 | INFO     | retrieval       | TIMING | ENSEMBLE_RETRIEVAL             | Duration: 426.45ms | docs_retrieved=14
2026-02-27 23:47:43,243 | INFO     | retrieval       | TIMING | DOCUMENT_RERANKING             | Duration: 1.58ms | docs_processed=14 | docs_returned=8
2026-02-27 23:47:43,244 | INFO     | retrieval       | TIMING | RETRIEVAL                      | num_docs=8 | retrieval_ms=429.72 | methods=ensemble
2026-02-27 23:47:44,114 | INFO     | generation      | TIMING | CONDENSE_QUESTION_LLM          | Duration: 1305.28ms
2026-02-27 23:47:44,115 | INFO     | generation      | TIMING | PARALLEL_CONDENSE_RETRIEVE     | Duration: 1307.45ms | original_docs=8
2026-02-27 23:47:44,422 | INFO     | retrieval       | TIMING | ENSEMBLE_RETRIEVAL             | Duration: 305.62ms | docs_retrieved=14
2026-02-27 23:47:44,424 | INFO     | retrieval       | TIMING | DOCUMENT_RERANKING             | Duration: 0.99ms | docs_processed=14 | docs_returned=8
2026-02-27 23:47:44,424 | INFO     | retrieval       | TIMING | RETRIEVAL                      | num_docs=8 | retrieval_ms=308.19 | methods=ensemble
2026-02-27 23:47:44,425 | INFO     | generation      | TIMING | CONDENSED_RETRIEVAL_MERGE      | Duration: 309.21ms | extra_docs=3 | total_docs=11
2026-02-27 23:47:44,426 | INFO     | generation      | TIMING | SOURCE_DOCS_CAPTURED           | count=11
2026-02-27 23:47:48,124 | INFO     | generation      | TIMING | STREAMING_CHUNKS               | Duration: 3698.09ms | chunk_count=157 | answer_length=812
2026-02-27 23:47:48,125 | INFO     | generation      | TIMING | GENERATION                     | generation_ms=5318.39 | chunks=157 | tokens=122
2026-02-27 23:47:48,126 | INFO     | generation      | TIMING | SOURCE_DOCS_FINAL              | captured_count=11 | result_count=11 | final_count=11
2026-02-27 23:47:48,127 | INFO     | api             | TIMING | STREAMING_COMPLETE             | Duration: 5320.94ms | chunks=157 | response_length=812 | first_chunk_ms=2238.67
2026-02-27 23:47:48,135 | INFO     | api             | TIMING | DB_ADD_AI_WS                   | Duration: 6.4ms | response_length=812
2026-02-27 23:47:48,135 | INFO     | api             | ====================================================================================================
2026-02-27 23:47:48,136 | INFO     | api             | QUERY_COMPLETE | ID: 642f47d3 | Status: SUCCESS
2026-02-27 23:47:48,136 | INFO     | api             | TOTAL_TIME | 5346.53ms
2026-02-27 23:47:48,137 | INFO     | api             | ====================================================================================================
2026-02-27 23:47:48,139 | INFO     | api             | WebSocket client disconnected - request_id=642f47d3
2026-02-28 12:11:22,726 | INFO     | retrieval       | TIMING | BM25_CACHE_LOAD                | Duration: 135.31ms | source=disk
2026-02-28 12:13:06,791 | INFO     | api             | ====================================================================================================
2026-02-28 12:13:06,791 | INFO     | api             | QUERY_START | ID: 4ef4347a | Question: i found insect attack on field , what insectsides should use, leafs are getting ...
2026-02-28 12:13:06,792 | INFO     | api             | ====================================================================================================
2026-02-28 12:13:06,796 | INFO     | api             | TIMING | DB_ADD_USER_WS                 | Duration: 3.78ms
2026-02-28 12:13:06,798 | INFO     | api             | TIMING | HISTORY_RETRIEVAL_WS           | Duration: 1.54ms | history_items=0
2026-02-28 12:13:06,798 | INFO     | generation      | TIMING | MEMORY_CLEAR                   | Cleared stale chain memory for new conversation
2026-02-28 12:13:43,618 | INFO     | retrieval       | TIMING | ENSEMBLE_RETRIEVAL             | Duration: 36809.74ms | docs_retrieved=14
2026-02-28 12:13:43,620 | INFO     | retrieval       | TIMING | DOCUMENT_RERANKING             | Duration: 1.54ms | docs_processed=14 | docs_returned=8
2026-02-28 12:13:43,620 | INFO     | retrieval       | TIMING | RETRIEVAL                      | num_docs=8 | retrieval_ms=36811.88 | methods=ensemble
2026-02-28 12:13:43,620 | INFO     | generation      | TIMING | SOURCE_DOCS_CAPTURED           | count=8
2026-02-28 12:13:50,172 | INFO     | generation      | TIMING | STREAMING_CHUNKS               | Duration: 6551.79ms | chunk_count=267 | answer_length=1465
2026-02-28 12:13:50,173 | INFO     | generation      | TIMING | GENERATION                     | generation_ms=43374.39 | chunks=267 | tokens=214
2026-02-28 12:13:50,173 | INFO     | generation      | TIMING | SOURCE_DOCS_FINAL              | captured_count=8 | result_count=8 | final_count=8
2026-02-28 12:13:50,174 | INFO     | api             | TIMING | STREAMING_COMPLETE             | Duration: 43375.57ms | chunks=267 | response_length=1465 | first_chunk_ms=37917.72
2026-02-28 12:13:50,178 | INFO     | api             | TIMING | DB_ADD_AI_WS                   | Duration: 3.71ms | response_length=1465
2026-02-28 12:13:50,179 | INFO     | api             | ====================================================================================================
2026-02-28 12:13:50,179 | INFO     | api             | QUERY_COMPLETE | ID: 4ef4347a | Status: SUCCESS
2026-02-28 12:13:50,179 | INFO     | api             | TOTAL_TIME | 43391.22ms
2026-02-28 12:13:50,179 | INFO     | api             | ====================================================================================================
2026-02-28 12:13:50,180 | INFO     | api             | WebSocket client disconnected - request_id=4ef4347a
2026-02-28 12:16:11,994 | INFO     | api             | ====================================================================================================
2026-02-28 12:16:11,994 | INFO     | api             | QUERY_START | ID: 4555daba | Question: How to manage PLRV ?...
2026-02-28 12:16:11,995 | INFO     | api             | ====================================================================================================
2026-02-28 12:16:12,000 | INFO     | api             | TIMING | DB_ADD_USER_WS                 | Duration: 5.32ms
2026-02-28 12:16:12,003 | INFO     | api             | TIMING | HISTORY_RETRIEVAL_WS           | Duration: 2.12ms | history_items=1
2026-02-28 12:16:12,004 | INFO     | generation      | TIMING | MEMORY_SYNC_STREAM             | Duration: 0.28ms | history_items=1
2026-02-28 12:16:12,005 | INFO     | generation      | TIMING | CONDENSE_QUESTION_LLM             | Started (rephrasing follow-up as standalone question)
2026-02-28 12:16:13,714 | INFO     | generation      | TIMING | CONDENSE_QUESTION_LLM          | Duration: 1708.86ms
2026-02-28 12:16:14,730 | INFO     | retrieval       | TIMING | ENSEMBLE_RETRIEVAL             | Duration: 2722.31ms | docs_retrieved=14
2026-02-28 12:16:14,731 | INFO     | retrieval       | TIMING | DOCUMENT_RERANKING             | Duration: 0.4ms | docs_processed=14 | docs_returned=8
2026-02-28 12:16:14,732 | INFO     | retrieval       | TIMING | RETRIEVAL                      | num_docs=8 | retrieval_ms=2723.47 | methods=ensemble
2026-02-28 12:16:14,732 | INFO     | generation      | TIMING | PARALLEL_CONDENSE_RETRIEVE     | Duration: 2727.68ms | original_docs=8
2026-02-28 12:16:15,175 | INFO     | retrieval       | TIMING | ENSEMBLE_RETRIEVAL             | Duration: 442.55ms | docs_retrieved=14
2026-02-28 12:16:15,178 | INFO     | retrieval       | TIMING | DOCUMENT_RERANKING             | Duration: 1.98ms | docs_processed=14 | docs_returned=8
2026-02-28 12:16:15,178 | INFO     | retrieval       | TIMING | RETRIEVAL                      | num_docs=8 | retrieval_ms=445.18 | methods=ensemble
2026-02-28 12:16:15,178 | INFO     | generation      | TIMING | CONDENSED_RETRIEVAL_MERGE      | Duration: 445.59ms | extra_docs=7 | total_docs=15
2026-02-28 12:16:15,178 | INFO     | generation      | TIMING | SOURCE_DOCS_CAPTURED           | count=15
2026-02-28 12:16:17,385 | ERROR    | generation      | Error in chain streaming: [WinError 10053] An established connection was aborted by the software in your host machine
2026-02-28 12:16:17,395 | INFO     | generation      | TIMING | STREAM_ERROR                   | Duration: 5381.31ms | chunks_sent=19 | error=ReadError
2026-02-28 12:16:17,409 | INFO     | api             | ====================================================================================================
2026-02-28 12:16:17,421 | INFO     | api             | QUERY_COMPLETE | ID: 4555daba | Status: FAILED: UnboundLocalError
2026-02-28 12:16:17,429 | INFO     | api             | TOTAL_TIME | 5416.72ms
2026-02-28 12:16:17,439 | INFO     | api             | ====================================================================================================
2026-02-28 12:16:17,444 | INFO     | api             | WebSocket client disconnected - request_id=4555daba
2026-02-28 12:16:29,880 | INFO     | api             | ====================================================================================================
2026-02-28 12:16:29,880 | INFO     | api             | QUERY_START | ID: e3c83f09 | Question: How to manage PLRV ?...
2026-02-28 12:16:29,881 | INFO     | api             | ====================================================================================================
2026-02-28 12:16:29,886 | INFO     | api             | TIMING | DB_ADD_USER_WS                 | Duration: 5.32ms
2026-02-28 12:16:29,889 | INFO     | api             | TIMING | HISTORY_RETRIEVAL_WS           | Duration: 2.11ms | history_items=1
2026-02-28 12:16:29,890 | INFO     | generation      | TIMING | MEMORY_SYNC_STREAM             | Duration: 0.07ms | history_items=1
2026-02-28 12:16:29,890 | INFO     | generation      | TIMING | CONDENSE_QUESTION_LLM             | Started (rephrasing follow-up as standalone question)
2026-02-28 12:17:12,294 | INFO     | retrieval       | TIMING | ENSEMBLE_RETRIEVAL             | Duration: 42402.68ms | docs_retrieved=14
2026-02-28 12:17:12,294 | INFO     | retrieval       | TIMING | DOCUMENT_RERANKING             | Duration: 0.44ms | docs_processed=14 | docs_returned=8
2026-02-28 12:17:12,295 | INFO     | retrieval       | TIMING | RETRIEVAL                      | num_docs=8 | retrieval_ms=42403.94 | methods=ensemble
2026-02-28 12:17:12,811 | INFO     | generation      | TIMING | CONDENSE_QUESTION_LLM          | Duration: 42920.43ms
2026-02-28 12:17:12,812 | INFO     | generation      | TIMING | PARALLEL_CONDENSE_RETRIEVE     | Duration: 42921.64ms | original_docs=8
2026-02-28 12:17:13,047 | INFO     | retrieval       | TIMING | ENSEMBLE_RETRIEVAL             | Duration: 234.54ms | docs_retrieved=14
2026-02-28 12:17:13,048 | INFO     | retrieval       | TIMING | DOCUMENT_RERANKING             | Duration: 0.39ms | docs_processed=14 | docs_returned=8
2026-02-28 12:17:13,048 | INFO     | retrieval       | TIMING | RETRIEVAL                      | num_docs=8 | retrieval_ms=235.76 | methods=ensemble
2026-02-28 12:17:13,048 | INFO     | generation      | TIMING | CONDENSED_RETRIEVAL_MERGE      | Duration: 236.2ms | extra_docs=7 | total_docs=15
2026-02-28 12:17:13,049 | INFO     | generation      | TIMING | SOURCE_DOCS_CAPTURED           | count=15
2026-02-28 12:17:19,019 | INFO     | generation      | TIMING | STREAMING_CHUNKS               | Duration: 5969.99ms | chunk_count=308 | answer_length=1590
2026-02-28 12:17:19,019 | INFO     | generation      | TIMING | GENERATION                     | generation_ms=49129.54 | chunks=308 | tokens=234
2026-02-28 12:17:19,020 | INFO     | generation      | TIMING | SOURCE_DOCS_FINAL              | captured_count=15 | result_count=15 | final_count=15
2026-02-28 12:17:19,021 | INFO     | api             | TIMING | STREAMING_COMPLETE             | Duration: 49130.98ms | chunks=308 | response_length=1590 | first_chunk_ms=44394.19
2026-02-28 12:17:19,026 | INFO     | api             | TIMING | DB_ADD_AI_WS                   | Duration: 4.89ms | response_length=1590
2026-02-28 12:17:19,027 | INFO     | api             | ====================================================================================================
2026-02-28 12:17:19,027 | INFO     | api             | QUERY_COMPLETE | ID: e3c83f09 | Status: SUCCESS
2026-02-28 12:17:19,027 | INFO     | api             | TOTAL_TIME | 49147.88ms
2026-02-28 12:17:19,027 | INFO     | api             | ====================================================================================================
2026-02-28 12:17:19,028 | INFO     | api             | WebSocket client disconnected - request_id=e3c83f09
2026-02-28 12:18:06,908 | INFO     | api             | ====================================================================================================
2026-02-28 12:18:06,908 | INFO     | api             | QUERY_START | ID: aa3a43d1 | Question: which insecticides to use and when?...
2026-02-28 12:18:06,909 | INFO     | api             | ====================================================================================================
2026-02-28 12:18:06,913 | INFO     | api             | TIMING | DB_ADD_USER_WS                 | Duration: 4.5ms
2026-02-28 12:18:06,916 | INFO     | api             | TIMING | HISTORY_RETRIEVAL_WS           | Duration: 1.67ms | history_items=2
2026-02-28 12:18:06,916 | INFO     | generation      | TIMING | MEMORY_SYNC_STREAM             | Duration: 0.08ms | history_items=2
2026-02-28 12:18:06,917 | INFO     | generation      | TIMING | CONDENSE_QUESTION_LLM             | Started (rephrasing follow-up as standalone question)
2026-02-28 12:18:07,262 | INFO     | retrieval       | TIMING | ENSEMBLE_RETRIEVAL             | Duration: 343.2ms | docs_retrieved=14
2026-02-28 12:18:07,264 | INFO     | retrieval       | TIMING | DOCUMENT_RERANKING             | Duration: 2.05ms | docs_processed=14 | docs_returned=8
2026-02-28 12:18:07,265 | INFO     | retrieval       | TIMING | RETRIEVAL                      | num_docs=8 | retrieval_ms=346.0 | methods=ensemble
2026-02-28 12:18:07,856 | INFO     | generation      | TIMING | CONDENSE_QUESTION_LLM          | Duration: 939.34ms
2026-02-28 12:18:07,857 | INFO     | generation      | TIMING | PARALLEL_CONDENSE_RETRIEVE     | Duration: 940.3ms | original_docs=8
2026-02-28 12:18:08,126 | INFO     | retrieval       | TIMING | ENSEMBLE_RETRIEVAL             | Duration: 268.96ms | docs_retrieved=13
2026-02-28 12:18:08,127 | INFO     | retrieval       | TIMING | DOCUMENT_RERANKING             | Duration: 0.36ms | docs_processed=13 | docs_returned=8
2026-02-28 12:18:08,127 | INFO     | retrieval       | TIMING | RETRIEVAL                      | num_docs=8 | retrieval_ms=269.97 | methods=ensemble
2026-02-28 12:18:08,128 | INFO     | generation      | TIMING | CONDENSED_RETRIEVAL_MERGE      | Duration: 270.39ms | extra_docs=4 | total_docs=12
2026-02-28 12:18:08,128 | INFO     | generation      | TIMING | SOURCE_DOCS_CAPTURED           | count=12
2026-02-28 12:18:17,328 | INFO     | generation      | TIMING | STREAMING_CHUNKS               | Duration: 9199.7ms | chunk_count=289 | answer_length=1501
2026-02-28 12:18:17,328 | INFO     | generation      | TIMING | GENERATION                     | generation_ms=10411.89 | chunks=289 | tokens=215
2026-02-28 12:18:17,329 | INFO     | generation      | TIMING | SOURCE_DOCS_FINAL              | captured_count=12 | result_count=12 | final_count=12
2026-02-28 12:18:17,329 | INFO     | api             | TIMING | STREAMING_COMPLETE             | Duration: 10413.0ms | chunks=289 | response_length=1501 | first_chunk_ms=3140.73
2026-02-28 12:18:17,333 | INFO     | api             | TIMING | DB_ADD_AI_WS                   | Duration: 3.11ms | response_length=1501
2026-02-28 12:18:17,333 | INFO     | api             | ====================================================================================================
2026-02-28 12:18:17,333 | INFO     | api             | QUERY_COMPLETE | ID: aa3a43d1 | Status: SUCCESS
2026-02-28 12:18:17,333 | INFO     | api             | TOTAL_TIME | 10426.43ms
2026-02-28 12:18:17,334 | INFO     | api             | ====================================================================================================
2026-02-28 12:18:17,335 | INFO     | api             | WebSocket client disconnected - request_id=aa3a43d1
2026-02-28 13:22:05,352 | INFO     | retrieval       | TIMING | BM25_CACHE_LOAD                | Duration: 119.34ms | source=disk
2026-02-28 13:29:34,169 | INFO     | api             | ====================================================================================================
2026-02-28 13:29:34,170 | INFO     | api             | QUERY_START | ID: 32e17380 | Question: What are the different potato disease can affect potato production?...
2026-02-28 13:29:34,170 | INFO     | api             | ====================================================================================================
2026-02-28 13:29:34,175 | INFO     | api             | TIMING | DB_ADD_USER_WS                 | Duration: 4.81ms
2026-02-28 13:29:34,177 | INFO     | api             | TIMING | HISTORY_RETRIEVAL_WS           | Duration: 1.65ms | history_items=0
2026-02-28 13:29:34,178 | INFO     | generation      | TIMING | MEMORY_CLEAR                   | Cleared stale chain memory for new conversation
2026-02-28 13:29:36,906 | INFO     | retrieval       | TIMING | ENSEMBLE_RETRIEVAL             | Duration: 2720.06ms | docs_retrieved=15
2026-02-28 13:29:36,906 | INFO     | retrieval       | TIMING | DOCUMENT_RERANKING             | Duration: 0.44ms | docs_processed=15 | docs_returned=8
2026-02-28 13:29:36,907 | INFO     | retrieval       | TIMING | RETRIEVAL                      | num_docs=8 | retrieval_ms=2721.22 | methods=ensemble
2026-02-28 13:29:36,907 | INFO     | generation      | TIMING | SOURCE_DOCS_CAPTURED           | count=8
2026-02-28 13:29:46,002 | INFO     | generation      | TIMING | STREAMING_CHUNKS               | Duration: 9094.16ms | chunk_count=417 | answer_length=1835
2026-02-28 13:29:46,002 | INFO     | generation      | TIMING | GENERATION                     | generation_ms=11824.18 | chunks=417 | tokens=260
2026-02-28 13:29:46,002 | INFO     | generation      | TIMING | SOURCE_DOCS_FINAL              | captured_count=8 | result_count=8 | final_count=8
2026-02-28 13:29:46,003 | INFO     | api             | TIMING | STREAMING_COMPLETE             | Duration: 11825.4ms | chunks=417 | response_length=1835 | first_chunk_ms=3845.31
2026-02-28 13:29:46,009 | INFO     | api             | TIMING | DB_ADD_AI_WS                   | Duration: 4.71ms | response_length=1835
2026-02-28 13:29:46,009 | INFO     | api             | ====================================================================================================
2026-02-28 13:29:46,009 | INFO     | api             | QUERY_COMPLETE | ID: 32e17380 | Status: SUCCESS
2026-02-28 13:29:46,009 | INFO     | api             | TOTAL_TIME | 11841.09ms
2026-02-28 13:29:46,009 | INFO     | api             | ====================================================================================================
2026-02-28 13:29:46,010 | INFO     | api             | WebSocket client disconnected - request_id=32e17380
2026-02-28 13:30:19,316 | INFO     | api             | ====================================================================================================
2026-02-28 13:30:19,317 | INFO     | api             | QUERY_START | ID: e362272d | Question: Common Scab , symptoms?...
2026-02-28 13:30:19,317 | INFO     | api             | ====================================================================================================
2026-02-28 13:30:19,321 | INFO     | api             | TIMING | DB_ADD_USER_WS                 | Duration: 3.91ms
2026-02-28 13:30:19,324 | INFO     | api             | TIMING | HISTORY_RETRIEVAL_WS           | Duration: 2.3ms | history_items=1
2026-02-28 13:30:19,325 | INFO     | generation      | TIMING | MEMORY_SYNC_STREAM             | Duration: 0.08ms | history_items=1
2026-02-28 13:30:19,325 | INFO     | generation      | TIMING | CONDENSE_QUESTION_LLM             | Started (rephrasing follow-up as standalone question)
2026-02-28 13:30:19,326 | INFO     | retrieval       | TIMING | QUERY_PREPROCESS               | Duration: 0.0ms | enhancements=1 | applied_domains=scab
2026-02-28 13:30:20,302 | INFO     | retrieval       | TIMING | ENSEMBLE_RETRIEVAL             | Duration: 973.37ms | docs_retrieved=14
2026-02-28 13:30:20,303 | INFO     | retrieval       | TIMING | DOCUMENT_RERANKING             | Duration: 0.65ms | docs_processed=14 | docs_returned=8
2026-02-28 13:30:20,304 | INFO     | retrieval       | TIMING | RETRIEVAL                      | num_docs=8 | retrieval_ms=977.61 | methods=ensemble
2026-02-28 13:30:20,924 | INFO     | generation      | TIMING | CONDENSE_QUESTION_LLM          | Duration: 1598.8ms
2026-02-28 13:30:20,925 | INFO     | generation      | TIMING | PARALLEL_CONDENSE_RETRIEVE     | Duration: 1599.86ms | original_docs=8
2026-02-28 13:30:20,925 | INFO     | retrieval       | TIMING | QUERY_PREPROCESS               | Duration: 0.0ms | enhancements=1 | applied_domains=scab
2026-02-28 13:30:23,299 | INFO     | retrieval       | TIMING | ENSEMBLE_RETRIEVAL             | Duration: 2373.23ms | docs_retrieved=13
2026-02-28 13:30:23,299 | INFO     | retrieval       | TIMING | DOCUMENT_RERANKING             | Duration: 0.35ms | docs_processed=13 | docs_returned=8
2026-02-28 13:30:23,300 | INFO     | retrieval       | TIMING | RETRIEVAL                      | num_docs=8 | retrieval_ms=2374.45 | methods=ensemble
2026-02-28 13:30:23,300 | INFO     | generation      | TIMING | CONDENSED_RETRIEVAL_MERGE      | Duration: 2374.79ms | extra_docs=4 | total_docs=12
2026-02-28 13:30:23,300 | INFO     | generation      | TIMING | SOURCE_DOCS_CAPTURED           | count=12
2026-02-28 13:30:28,249 | INFO     | generation      | TIMING | STREAMING_CHUNKS               | Duration: 4948.83ms | chunk_count=191 | answer_length=904
2026-02-28 13:30:28,250 | INFO     | generation      | TIMING | GENERATION                     | generation_ms=8925.22 | chunks=191 | tokens=145
2026-02-28 13:30:28,250 | INFO     | generation      | TIMING | SOURCE_DOCS_FINAL              | captured_count=12 | result_count=12 | final_count=12
2026-02-28 13:30:28,251 | INFO     | api             | TIMING | STREAMING_COMPLETE             | Duration: 8926.3ms | chunks=191 | response_length=904 | first_chunk_ms=5125.21
2026-02-28 13:30:28,256 | INFO     | api             | TIMING | DB_ADD_AI_WS                   | Duration: 4.43ms | response_length=904
2026-02-28 13:30:28,256 | INFO     | api             | ====================================================================================================
2026-02-28 13:30:28,256 | INFO     | api             | QUERY_COMPLETE | ID: e362272d | Status: SUCCESS
2026-02-28 13:30:28,256 | INFO     | api             | TOTAL_TIME | 8940.98ms
2026-02-28 13:30:28,257 | INFO     | api             | ====================================================================================================
2026-02-28 13:30:28,258 | INFO     | api             | WebSocket client disconnected - request_id=e362272d
2026-02-28 13:31:03,055 | INFO     | api             | ====================================================================================================
2026-02-28 13:31:03,055 | INFO     | api             | QUERY_START | ID: e58c41f2 | Question: How to manage it?...
2026-02-28 13:31:03,056 | INFO     | api             | ====================================================================================================
2026-02-28 13:31:03,060 | INFO     | api             | TIMING | DB_ADD_USER_WS                 | Duration: 4.1ms
2026-02-28 13:31:03,063 | INFO     | api             | TIMING | HISTORY_RETRIEVAL_WS           | Duration: 2.43ms | history_items=2
2026-02-28 13:31:03,064 | INFO     | generation      | TIMING | MEMORY_SYNC_STREAM             | Duration: 0.11ms | history_items=2
2026-02-28 13:31:03,064 | INFO     | generation      | TIMING | CONDENSE_QUESTION_LLM             | Started (rephrasing follow-up as standalone question)
2026-02-28 13:31:03,436 | INFO     | retrieval       | TIMING | ENSEMBLE_RETRIEVAL             | Duration: 370.82ms | docs_retrieved=15
2026-02-28 13:31:03,437 | INFO     | retrieval       | TIMING | DOCUMENT_RERANKING             | Duration: 0.32ms | docs_processed=15 | docs_returned=8
2026-02-28 13:31:03,437 | INFO     | retrieval       | TIMING | RETRIEVAL                      | num_docs=8 | retrieval_ms=371.81 | methods=ensemble
2026-02-28 13:31:04,826 | INFO     | generation      | TIMING | CONDENSE_QUESTION_LLM          | Duration: 1761.06ms
2026-02-28 13:31:04,827 | INFO     | generation      | TIMING | PARALLEL_CONDENSE_RETRIEVE     | Duration: 1762.56ms | original_docs=8
2026-02-28 13:31:04,827 | INFO     | retrieval       | TIMING | QUERY_PREPROCESS               | Duration: 0.01ms | enhancements=1 | applied_domains=scab
2026-02-28 13:31:05,066 | INFO     | retrieval       | TIMING | ENSEMBLE_RETRIEVAL             | Duration: 238.39ms | docs_retrieved=13
2026-02-28 13:31:05,067 | INFO     | retrieval       | TIMING | DOCUMENT_RERANKING             | Duration: 0.32ms | docs_processed=13 | docs_returned=8
2026-02-28 13:31:05,067 | INFO     | retrieval       | TIMING | RETRIEVAL                      | num_docs=8 | retrieval_ms=239.75 | methods=ensemble
2026-02-28 13:31:05,067 | INFO     | generation      | TIMING | CONDENSED_RETRIEVAL_MERGE      | Duration: 240.21ms | extra_docs=8 | total_docs=16
2026-02-28 13:31:05,068 | INFO     | generation      | TIMING | SOURCE_DOCS_CAPTURED           | count=16
2026-02-28 13:31:24,998 | INFO     | generation      | TIMING | STREAMING_CHUNKS               | Duration: 19929.66ms | chunk_count=395 | answer_length=1937
2026-02-28 13:31:24,998 | INFO     | generation      | TIMING | GENERATION                     | generation_ms=21934.13 | chunks=395 | tokens=273
2026-02-28 13:31:24,998 | INFO     | generation      | TIMING | SOURCE_DOCS_FINAL              | captured_count=16 | result_count=16 | final_count=16
2026-02-28 13:31:24,999 | INFO     | api             | TIMING | STREAMING_COMPLETE             | Duration: 21935.31ms | chunks=395 | response_length=1937 | first_chunk_ms=10308.41
2026-02-28 13:31:25,005 | INFO     | api             | TIMING | DB_ADD_AI_WS                   | Duration: 4.97ms | response_length=1937
2026-02-28 13:31:25,005 | INFO     | api             | ====================================================================================================
2026-02-28 13:31:25,005 | INFO     | api             | QUERY_COMPLETE | ID: e58c41f2 | Status: SUCCESS
2026-02-28 13:31:25,005 | INFO     | api             | TOTAL_TIME | 21951.03ms
2026-02-28 13:31:25,006 | INFO     | api             | ====================================================================================================
2026-02-28 13:31:25,006 | INFO     | api             | WebSocket client disconnected - request_id=e58c41f2
2026-02-28 13:32:31,592 | INFO     | api             | ====================================================================================================
2026-02-28 13:32:31,592 | INFO     | api             | QUERY_START | ID: edc0aba4 | Question: discuss biocontrol agents to discuss it?...
2026-02-28 13:32:31,592 | INFO     | api             | ====================================================================================================
2026-02-28 13:32:31,597 | INFO     | api             | TIMING | DB_ADD_USER_WS                 | Duration: 4.77ms
2026-02-28 13:32:31,601 | INFO     | api             | TIMING | HISTORY_RETRIEVAL_WS           | Duration: 2.64ms | history_items=3
2026-02-28 13:32:31,601 | INFO     | generation      | TIMING | MEMORY_SYNC_STREAM             | Duration: 0.15ms | history_items=3
2026-02-28 13:32:31,602 | INFO     | generation      | TIMING | CONDENSE_QUESTION_LLM             | Started (rephrasing follow-up as standalone question)
2026-02-28 13:32:31,992 | INFO     | retrieval       | TIMING | ENSEMBLE_RETRIEVAL             | Duration: 390.08ms | docs_retrieved=15
2026-02-28 13:32:31,993 | INFO     | retrieval       | TIMING | DOCUMENT_RERANKING             | Duration: 0.4ms | docs_processed=15 | docs_returned=8
2026-02-28 13:32:31,994 | INFO     | retrieval       | TIMING | RETRIEVAL                      | num_docs=8 | retrieval_ms=391.37 | methods=ensemble
2026-02-28 13:32:33,817 | INFO     | generation      | TIMING | CONDENSE_QUESTION_LLM          | Duration: 2215.07ms
2026-02-28 13:32:33,819 | INFO     | generation      | TIMING | PARALLEL_CONDENSE_RETRIEVE     | Duration: 2216.99ms | original_docs=8
2026-02-28 13:32:33,820 | INFO     | retrieval       | TIMING | QUERY_PREPROCESS               | Duration: 0.01ms | enhancements=1 | applied_domains=scab
2026-02-28 13:32:34,076 | INFO     | retrieval       | TIMING | ENSEMBLE_RETRIEVAL             | Duration: 256.33ms | docs_retrieved=12
2026-02-28 13:32:34,077 | INFO     | retrieval       | TIMING | DOCUMENT_RERANKING             | Duration: 0.36ms | docs_processed=12 | docs_returned=8
2026-02-28 13:32:34,077 | INFO     | retrieval       | TIMING | RETRIEVAL                      | num_docs=8 | retrieval_ms=257.83 | methods=ensemble
2026-02-28 13:32:34,078 | INFO     | generation      | TIMING | CONDENSED_RETRIEVAL_MERGE      | Duration: 258.33ms | extra_docs=8 | total_docs=16
2026-02-28 13:32:34,078 | INFO     | generation      | TIMING | SOURCE_DOCS_CAPTURED           | count=16
2026-02-28 13:32:45,440 | INFO     | generation      | TIMING | STREAMING_CHUNKS               | Duration: 11361.8ms | chunk_count=395 | answer_length=1786
2026-02-28 13:32:45,440 | INFO     | generation      | TIMING | GENERATION                     | generation_ms=13838.98 | chunks=395 | tokens=243
2026-02-28 13:32:45,441 | INFO     | generation      | TIMING | SOURCE_DOCS_FINAL              | captured_count=16 | result_count=16 | final_count=16
2026-02-28 13:32:45,441 | INFO     | api             | TIMING | STREAMING_COMPLETE             | Duration: 13840.12ms | chunks=395 | response_length=1786 | first_chunk_ms=3651.82
2026-02-28 13:32:45,447 | INFO     | api             | TIMING | DB_ADD_AI_WS                   | Duration: 4.76ms | response_length=1786
2026-02-28 13:32:45,447 | INFO     | api             | ====================================================================================================
2026-02-28 13:32:45,448 | INFO     | api             | QUERY_COMPLETE | ID: edc0aba4 | Status: SUCCESS
2026-02-28 13:32:45,448 | INFO     | api             | TOTAL_TIME | 13857.09ms
2026-02-28 13:32:45,448 | INFO     | api             | ====================================================================================================
2026-02-28 13:32:45,449 | INFO     | api             | WebSocket client disconnected - request_id=edc0aba4
2026-02-28 13:33:20,356 | INFO     | api             | ====================================================================================================
2026-02-28 13:33:20,356 | INFO     | api             | QUERY_START | ID: faf15467 | Question: Pseudomonas  Vs Trichoderma ...
2026-02-28 13:33:20,356 | INFO     | api             | ====================================================================================================
2026-02-28 13:33:20,360 | INFO     | api             | TIMING | DB_ADD_USER_WS                 | Duration: 4.08ms
2026-02-28 13:33:20,364 | INFO     | api             | TIMING | HISTORY_RETRIEVAL_WS           | Duration: 2.85ms | history_items=4
2026-02-28 13:33:20,365 | INFO     | generation      | TIMING | MEMORY_SYNC_STREAM             | Duration: 0.17ms | history_items=4
2026-02-28 13:33:20,365 | INFO     | generation      | TIMING | CONDENSE_QUESTION_LLM             | Started (rephrasing follow-up as standalone question)
2026-02-28 13:33:20,730 | INFO     | retrieval       | TIMING | ENSEMBLE_RETRIEVAL             | Duration: 362.39ms | docs_retrieved=14
2026-02-28 13:33:20,731 | INFO     | retrieval       | TIMING | DOCUMENT_RERANKING             | Duration: 0.33ms | docs_processed=14 | docs_returned=8
2026-02-28 13:33:20,731 | INFO     | retrieval       | TIMING | RETRIEVAL                      | num_docs=8 | retrieval_ms=363.43 | methods=ensemble
2026-02-28 13:33:21,619 | INFO     | generation      | TIMING | CONDENSE_QUESTION_LLM          | Duration: 1253.29ms
2026-02-28 13:33:21,619 | INFO     | generation      | TIMING | PARALLEL_CONDENSE_RETRIEVE     | Duration: 1254.15ms | original_docs=8
2026-02-28 13:33:21,619 | INFO     | retrieval       | TIMING | QUERY_PREPROCESS               | Duration: 0.0ms | enhancements=1 | applied_domains=scab
2026-02-28 13:33:21,913 | INFO     | retrieval       | TIMING | ENSEMBLE_RETRIEVAL             | Duration: 293.07ms | docs_retrieved=12
2026-02-28 13:33:21,913 | INFO     | retrieval       | TIMING | DOCUMENT_RERANKING             | Duration: 0.4ms | docs_processed=12 | docs_returned=8
2026-02-28 13:33:21,914 | INFO     | retrieval       | TIMING | RETRIEVAL                      | num_docs=8 | retrieval_ms=294.3 | methods=ensemble
2026-02-28 13:33:21,914 | INFO     | generation      | TIMING | CONDENSED_RETRIEVAL_MERGE      | Duration: 294.62ms | extra_docs=7 | total_docs=15
2026-02-28 13:33:21,914 | INFO     | generation      | TIMING | SOURCE_DOCS_CAPTURED           | count=15
2026-02-28 13:33:41,930 | INFO     | generation      | TIMING | STREAMING_CHUNKS               | Duration: 20015.49ms | chunk_count=513 | answer_length=2312
2026-02-28 13:33:41,930 | INFO     | generation      | TIMING | GENERATION                     | generation_ms=21565.75 | chunks=513 | tokens=323
2026-02-28 13:33:41,931 | INFO     | generation      | TIMING | SOURCE_DOCS_FINAL              | captured_count=15 | result_count=15 | final_count=15
2026-02-28 13:33:41,931 | INFO     | api             | TIMING | STREAMING_COMPLETE             | Duration: 21566.71ms | chunks=513 | response_length=2312 | first_chunk_ms=3372.52
2026-02-28 13:33:41,936 | INFO     | api             | TIMING | DB_ADD_AI_WS                   | Duration: 4.48ms | response_length=2312
2026-02-28 13:33:41,937 | INFO     | api             | ====================================================================================================
2026-02-28 13:33:41,937 | INFO     | api             | QUERY_COMPLETE | ID: faf15467 | Status: SUCCESS
2026-02-28 13:33:41,937 | INFO     | api             | TOTAL_TIME | 21582.14ms
2026-02-28 13:33:41,937 | INFO     | api             | ====================================================================================================
2026-02-28 13:33:41,938 | INFO     | api             | WebSocket client disconnected - request_id=faf15467
2026-02-28 13:35:13,165 | INFO     | api             | ====================================================================================================
2026-02-28 13:35:13,165 | INFO     | api             | QUERY_START | ID: 6c540fc3 | Question: can Pseudomonas and Trichoderma also effective in fungal maagement?...
2026-02-28 13:35:13,166 | INFO     | api             | ====================================================================================================
2026-02-28 13:35:13,171 | INFO     | api             | TIMING | DB_ADD_USER_WS                 | Duration: 4.71ms
2026-02-28 13:35:13,174 | INFO     | api             | TIMING | HISTORY_RETRIEVAL_WS           | Duration: 2.89ms | history_items=5
2026-02-28 13:35:13,175 | INFO     | generation      | TIMING | MEMORY_SYNC_STREAM             | Duration: 0.17ms | history_items=5
2026-02-28 13:35:13,176 | INFO     | generation      | TIMING | CONDENSE_QUESTION_LLM             | Started (rephrasing follow-up as standalone question)
2026-02-28 13:35:13,563 | INFO     | retrieval       | TIMING | ENSEMBLE_RETRIEVAL             | Duration: 384.78ms | docs_retrieved=12
2026-02-28 13:35:13,563 | INFO     | retrieval       | TIMING | DOCUMENT_RERANKING             | Duration: 0.34ms | docs_processed=12 | docs_returned=8
2026-02-28 13:35:13,564 | INFO     | retrieval       | TIMING | RETRIEVAL                      | num_docs=8 | retrieval_ms=385.86 | methods=ensemble
2026-02-28 13:35:14,891 | INFO     | generation      | TIMING | CONDENSE_QUESTION_LLM          | Duration: 1715.73ms
2026-02-28 13:35:14,893 | INFO     | generation      | TIMING | PARALLEL_CONDENSE_RETRIEVE     | Duration: 1717.23ms | original_docs=8
2026-02-28 13:35:15,197 | INFO     | retrieval       | TIMING | ENSEMBLE_RETRIEVAL             | Duration: 303.25ms | docs_retrieved=12
2026-02-28 13:35:15,197 | INFO     | retrieval       | TIMING | DOCUMENT_RERANKING             | Duration: 0.32ms | docs_processed=12 | docs_returned=8
2026-02-28 13:35:15,197 | INFO     | retrieval       | TIMING | RETRIEVAL                      | num_docs=8 | retrieval_ms=304.23 | methods=ensemble
2026-02-28 13:35:15,198 | INFO     | generation      | TIMING | CONDENSED_RETRIEVAL_MERGE      | Duration: 304.59ms | extra_docs=0 | total_docs=8
2026-02-28 13:35:15,198 | INFO     | generation      | TIMING | SOURCE_DOCS_CAPTURED           | count=8
2026-02-28 13:35:22,361 | INFO     | generation      | TIMING | STREAMING_CHUNKS               | Duration: 7163.34ms | chunk_count=303 | answer_length=1346
2026-02-28 13:35:22,362 | INFO     | generation      | TIMING | GENERATION                     | generation_ms=9187.08 | chunks=303 | tokens=177
2026-02-28 13:35:22,362 | INFO     | generation      | TIMING | SOURCE_DOCS_FINAL              | captured_count=8 | result_count=8 | final_count=8
2026-02-28 13:35:22,362 | INFO     | api             | TIMING | STREAMING_COMPLETE             | Duration: 9187.99ms | chunks=303 | response_length=1346 | first_chunk_ms=2724.59
2026-02-28 13:35:22,369 | INFO     | api             | TIMING | DB_ADD_AI_WS                   | Duration: 6.03ms | response_length=1346
2026-02-28 13:35:22,369 | INFO     | api             | ====================================================================================================
2026-02-28 13:35:22,370 | INFO     | api             | QUERY_COMPLETE | ID: 6c540fc3 | Status: SUCCESS
2026-02-28 13:35:22,370 | INFO     | api             | TOTAL_TIME | 9205.41ms
2026-02-28 13:35:22,370 | INFO     | api             | ====================================================================================================
2026-02-28 13:35:22,371 | INFO     | api             | WebSocket client disconnected - request_id=6c540fc3
2026-02-28 19:36:37,849 | INFO     | retrieval       | TIMING | BM25_CACHE_LOAD                | Duration: 294.29ms | source=disk
2026-02-28 19:39:35,306 | INFO     | api             | ====================================================================================================
2026-02-28 19:39:35,308 | INFO     | api             | QUERY_START | ID: d40ba658 | Question: other bacterial agent to be used for White fungus in potato ?...
2026-02-28 19:39:35,308 | INFO     | api             | ====================================================================================================
2026-02-28 19:39:35,316 | INFO     | api             | TIMING | DB_ADD_USER_WS                 | Duration: 9.05ms
2026-02-28 19:39:35,324 | INFO     | api             | TIMING | HISTORY_RETRIEVAL_WS           | Duration: 5.31ms | history_items=6
2026-02-28 19:39:35,326 | INFO     | generation      | TIMING | MEMORY_SYNC_STREAM             | Duration: 1.02ms | history_items=6
2026-02-28 19:39:35,332 | INFO     | generation      | TIMING | CONDENSE_QUESTION_LLM             | Started (rephrasing follow-up as standalone question)
2026-02-28 19:39:37,430 | INFO     | generation      | TIMING | CONDENSE_QUESTION_LLM          | Duration: 2097.69ms
2026-02-28 19:39:40,012 | INFO     | retrieval       | TIMING | ENSEMBLE_RETRIEVAL             | Duration: 4649.67ms | docs_retrieved=15
2026-02-28 19:39:40,015 | INFO     | retrieval       | TIMING | DOCUMENT_RERANKING             | Duration: 3.2ms | docs_processed=15 | docs_returned=8
2026-02-28 19:39:40,015 | INFO     | retrieval       | TIMING | RETRIEVAL                      | num_docs=8 | retrieval_ms=4653.77 | methods=ensemble
2026-02-28 19:39:40,018 | INFO     | generation      | TIMING | PARALLEL_CONDENSE_RETRIEVE     | Duration: 4686.97ms | original_docs=8
2026-02-28 19:39:43,708 | INFO     | retrieval       | TIMING | ENSEMBLE_RETRIEVAL             | Duration: 3699.29ms | docs_retrieved=15
2026-02-28 19:39:43,722 | INFO     | retrieval       | TIMING | DOCUMENT_RERANKING             | Duration: 3.29ms | docs_processed=15 | docs_returned=8
2026-02-28 19:39:43,722 | INFO     | retrieval       | TIMING | RETRIEVAL                      | num_docs=8 | retrieval_ms=3704.52 | methods=ensemble
2026-02-28 19:39:43,724 | INFO     | generation      | TIMING | CONDENSED_RETRIEVAL_MERGE      | Duration: 3705.58ms | extra_docs=8 | total_docs=16
2026-02-28 19:39:43,735 | INFO     | generation      | TIMING | SOURCE_DOCS_CAPTURED           | count=16
2026-02-28 19:39:46,750 | ERROR    | generation      | Error in chain streaming: peer closed connection without sending complete message body (incomplete chunked read)
2026-02-28 19:39:46,767 | INFO     | generation      | TIMING | STREAM_ERROR                   | Duration: 11422.2ms | chunks_sent=43 | error=RemoteProtocolError
2026-02-28 19:39:46,781 | INFO     | api             | ====================================================================================================
2026-02-28 19:39:46,806 | INFO     | api             | QUERY_COMPLETE | ID: d40ba658 | Status: FAILED: UnboundLocalError
2026-02-28 19:39:46,860 | INFO     | api             | TOTAL_TIME | 11480.59ms
2026-02-28 19:39:46,891 | INFO     | api             | ====================================================================================================
2026-02-28 19:39:46,924 | INFO     | api             | WebSocket client disconnected - request_id=d40ba658
2026-02-28 19:40:15,839 | INFO     | api             | ====================================================================================================
2026-02-28 19:40:15,841 | INFO     | api             | QUERY_START | ID: 8a46d0ea | Question: other bacterial agent to be used for White fungus in potato tuber?...
2026-02-28 19:40:15,841 | INFO     | api             | ====================================================================================================
2026-02-28 19:40:15,846 | INFO     | api             | TIMING | DB_ADD_USER_WS                 | Duration: 6.46ms
2026-02-28 19:40:15,852 | INFO     | api             | TIMING | HISTORY_RETRIEVAL_WS           | Duration: 4.56ms | history_items=6
2026-02-28 19:40:15,854 | INFO     | generation      | TIMING | MEMORY_SYNC_STREAM             | Duration: 0.26ms | history_items=6
2026-02-28 19:40:15,857 | INFO     | generation      | TIMING | CONDENSE_QUESTION_LLM             | Started (rephrasing follow-up as standalone question)
2026-02-28 19:40:16,453 | INFO     | retrieval       | TIMING | ENSEMBLE_RETRIEVAL             | Duration: 594.9ms | docs_retrieved=15
2026-02-28 19:40:16,456 | INFO     | retrieval       | TIMING | DOCUMENT_RERANKING             | Duration: 0.69ms | docs_processed=15 | docs_returned=8
2026-02-28 19:40:16,456 | INFO     | retrieval       | TIMING | RETRIEVAL                      | num_docs=8 | retrieval_ms=597.35 | methods=ensemble
2026-02-28 19:40:18,320 | INFO     | generation      | TIMING | CONDENSE_QUESTION_LLM          | Duration: 2464.06ms
2026-02-28 19:40:18,323 | INFO     | generation      | TIMING | PARALLEL_CONDENSE_RETRIEVE     | Duration: 2468.03ms | original_docs=8
2026-02-28 19:40:18,822 | INFO     | retrieval       | TIMING | ENSEMBLE_RETRIEVAL             | Duration: 499.12ms | docs_retrieved=15
2026-02-28 19:40:18,825 | INFO     | retrieval       | TIMING | DOCUMENT_RERANKING             | Duration: 0.98ms | docs_processed=15 | docs_returned=8
2026-02-28 19:40:18,826 | INFO     | retrieval       | TIMING | RETRIEVAL                      | num_docs=8 | retrieval_ms=501.77 | methods=ensemble
2026-02-28 19:40:18,826 | INFO     | generation      | TIMING | CONDENSED_RETRIEVAL_MERGE      | Duration: 502.81ms | extra_docs=7 | total_docs=15
2026-02-28 19:40:18,826 | INFO     | generation      | TIMING | SOURCE_DOCS_CAPTURED           | count=15
2026-02-28 19:40:25,146 | ERROR    | generation      | Error in chain streaming: peer closed connection without sending complete message body (incomplete chunked read)
2026-02-28 19:40:25,164 | INFO     | generation      | TIMING | STREAM_ERROR                   | Duration: 9292.11ms | chunks_sent=207 | error=RemoteProtocolError
2026-02-28 19:40:25,168 | INFO     | api             | ====================================================================================================
2026-02-28 19:40:25,194 | INFO     | api             | QUERY_COMPLETE | ID: 8a46d0ea | Status: FAILED: UnboundLocalError
2026-02-28 19:40:25,208 | INFO     | api             | TOTAL_TIME | 9331.22ms
2026-02-28 19:40:25,238 | INFO     | api             | ====================================================================================================
2026-02-28 19:40:25,267 | INFO     | api             | WebSocket client disconnected - request_id=8a46d0ea
2026-02-28 19:45:46,968 | INFO     | retrieval       | TIMING | BM25_CACHE_LOAD                | Duration: 668.86ms | source=disk
2026-02-28 19:48:00,717 | INFO     | retrieval       | TIMING | BM25_CACHE_LOAD                | Duration: 258.3ms | source=disk
2026-02-28 19:48:29,618 | INFO     | api             | ====================================================================================================
2026-02-28 19:48:29,618 | INFO     | api             | QUERY_START | ID: 662a4c26 | Question: other bacterial agent to be used for White fungus in potato tuber?...
2026-02-28 19:48:29,618 | INFO     | api             | ====================================================================================================
2026-02-28 19:48:29,626 | INFO     | api             | TIMING | DB_ADD_USER_WS                 | Duration: 6.19ms
2026-02-28 19:48:29,631 | INFO     | api             | TIMING | HISTORY_RETRIEVAL_WS           | Duration: 3.41ms | history_items=7
2026-02-28 19:48:29,631 | INFO     | generation      | TIMING | MEMORY_SYNC_STREAM             | Duration: 0.21ms | history_items=7
2026-02-28 19:48:29,633 | INFO     | generation      | TIMING | CONDENSE_QUESTION_LLM             | Started (rephrasing follow-up as standalone question)
2026-02-28 19:48:32,531 | INFO     | retrieval       | TIMING | ENSEMBLE_RETRIEVAL             | Duration: 2879.43ms | docs_retrieved=15
2026-02-28 19:48:32,531 | INFO     | retrieval       | TIMING | DOCUMENT_RERANKING             | Duration: 1.33ms | docs_processed=15 | docs_returned=8
2026-02-28 19:48:32,537 | INFO     | retrieval       | TIMING | RETRIEVAL                      | num_docs=8 | retrieval_ms=2882.57 | methods=ensemble
2026-02-28 19:48:33,146 | INFO     | generation      | TIMING | CONDENSE_QUESTION_LLM          | Duration: 3512.31ms
2026-02-28 19:48:33,146 | INFO     | generation      | TIMING | PARALLEL_CONDENSE_RETRIEVE     | Duration: 3514.31ms | original_docs=8
2026-02-28 19:48:33,601 | INFO     | retrieval       | TIMING | ENSEMBLE_RETRIEVAL             | Duration: 464.98ms | docs_retrieved=15
2026-02-28 19:48:33,601 | INFO     | retrieval       | TIMING | DOCUMENT_RERANKING             | Duration: 1.3ms | docs_processed=15 | docs_returned=8
2026-02-28 19:48:33,601 | INFO     | retrieval       | TIMING | RETRIEVAL                      | num_docs=8 | retrieval_ms=467.73 | methods=ensemble
2026-02-28 19:48:33,601 | INFO     | generation      | TIMING | CONDENSED_RETRIEVAL_MERGE      | Duration: 468.72ms | extra_docs=7 | total_docs=15
2026-02-28 19:48:33,617 | INFO     | generation      | TIMING | SOURCE_DOCS_CAPTURED           | count=15
2026-02-28 19:48:40,623 | INFO     | generation      | TIMING | STREAMING_CHUNKS               | Duration: 7007.71ms | chunk_count=357 | answer_length=1670
2026-02-28 19:48:40,627 | INFO     | generation      | TIMING | GENERATION                     | generation_ms=10994.86 | chunks=357 | tokens=226
2026-02-28 19:48:40,627 | INFO     | generation      | TIMING | SOURCE_DOCS_FINAL              | captured_count=15 | result_count=15 | final_count=15
2026-02-28 19:48:40,629 | INFO     | api             | TIMING | STREAMING_COMPLETE             | Duration: 10998.24ms | chunks=357 | response_length=1670 | first_chunk_ms=5047.04
2026-02-28 19:48:40,636 | INFO     | api             | TIMING | DB_ADD_AI_WS                   | Duration: 7.98ms | response_length=1670
2026-02-28 19:48:40,636 | INFO     | api             | ====================================================================================================
2026-02-28 19:48:40,636 | INFO     | api             | QUERY_COMPLETE | ID: 662a4c26 | Status: SUCCESS
2026-02-28 19:48:40,643 | INFO     | api             | TOTAL_TIME | 11026.73ms
2026-02-28 19:48:40,643 | INFO     | api             | ====================================================================================================
2026-02-28 19:48:40,644 | INFO     | api             | WebSocket client disconnected - request_id=662a4c26
2026-02-28 23:50:04,650 | INFO     | retrieval       | TIMING | BM25_CACHE_LOAD                | Duration: 288.95ms | source=disk
2026-02-28 23:50:28,227 | INFO     | retrieval       | TIMING | BM25_CACHE_LOAD                | Duration: 330.87ms | source=disk
2026-02-28 23:51:24,785 | INFO     | retrieval       | TIMING | BM25_CACHE_LOAD                | Duration: 103.49ms | source=disk
2026-02-28 23:52:07,920 | INFO     | retrieval       | TIMING | BM25_CACHE_LOAD                | Duration: 99.8ms | source=disk
2026-02-28 23:52:26,587 | INFO     | retrieval       | TIMING | BM25_CACHE_LOAD                | Duration: 146.91ms | source=disk
2026-02-28 23:52:52,645 | INFO     | retrieval       | TIMING | BM25_CACHE_LOAD                | Duration: 138.47ms | source=disk
2026-02-28 23:53:06,944 | INFO     | retrieval       | TIMING | BM25_CACHE_LOAD                | Duration: 140.52ms | source=disk
2026-02-28 23:53:20,727 | INFO     | retrieval       | TIMING | BM25_CACHE_LOAD                | Duration: 132.16ms | source=disk
2026-02-28 23:55:20,142 | INFO     | retrieval       | TIMING | BM25_CACHE_LOAD                | Duration: 140.17ms | source=disk
2026-02-28 23:55:20,657 | INFO     | image_analyzer  | Initializing CLIPDiseaseAnalyzer...
2026-02-28 23:58:17,734 | INFO     | image_analyzer  | Encoding disease text prompts...
2026-02-28 23:58:18,479 | WARNING  | image_analyzer  | Reference FAISS index not found at B:\Research\Potato Disease\potato-llm-project - multimodal\reference_images. Image-to-image matching disabled. Run: python -m src.build_reference_index
2026-02-28 23:58:18,479 | INFO     | image_analyzer  | TIMING | CLIP_ANALYZER_INIT             | Duration: 177823.25ms | device=cpu | disease_categories=20 | ref_index_loaded=False | ref_images_count=0
2026-02-28 23:59:28,519 | INFO     | retrieval       | TIMING | BM25_CACHE_LOAD                | Duration: 102.63ms | source=disk
2026-02-28 23:59:28,871 | INFO     | image_analyzer  | Initializing CLIPDiseaseAnalyzer...
2026-02-28 23:59:33,862 | INFO     | image_analyzer  | Encoding disease text prompts...
2026-02-28 23:59:34,481 | WARNING  | image_analyzer  | Reference FAISS index not found at B:\Research\Potato Disease\potato-llm-project - multimodal\reference_images. Image-to-image matching disabled. Run: python -m src.build_reference_index
2026-02-28 23:59:34,481 | INFO     | image_analyzer  | TIMING | CLIP_ANALYZER_INIT             | Duration: 5604.21ms | device=cpu | disease_categories=20 | ref_index_loaded=False | ref_images_count=0
2026-02-28 23:59:43,871 | INFO     | retrieval       | TIMING | BM25_CACHE_LOAD                | Duration: 102.09ms | source=disk
2026-02-28 23:59:44,256 | INFO     | image_analyzer  | Initializing CLIPDiseaseAnalyzer...
2026-02-28 23:59:49,282 | INFO     | image_analyzer  | Encoding disease text prompts...
2026-02-28 23:59:49,945 | WARNING  | image_analyzer  | Reference FAISS index not found at B:\Research\Potato Disease\potato-llm-project - multimodal\reference_images. Image-to-image matching disabled. Run: python -m src.build_reference_index
2026-02-28 23:59:49,945 | INFO     | image_analyzer  | TIMING | CLIP_ANALYZER_INIT             | Duration: 5703.43ms | device=cpu | disease_categories=20 | ref_index_loaded=False | ref_images_count=0
2026-03-01 00:01:33,278 | INFO     | retrieval       | TIMING | BM25_CACHE_LOAD                | Duration: 103.99ms | source=disk
2026-03-01 00:01:33,623 | INFO     | image_analyzer  | Initializing CLIPDiseaseAnalyzer...
2026-03-01 00:01:37,518 | INFO     | image_analyzer  | Encoding disease text prompts...
2026-03-01 00:01:38,220 | INFO     | image_analyzer  | Reference FAISS index loaded: 228 images
2026-03-01 00:01:38,220 | INFO     | image_analyzer  | TIMING | CLIP_ANALYZER_INIT             | Duration: 4583.62ms | device=cpu | disease_categories=20 | ref_index_loaded=True | ref_images_count=228
2026-03-01 00:02:09,623 | INFO     | api             | ====================================================================================================
2026-03-01 00:02:09,623 | INFO     | api             | QUERY_START | ID: 9a2878fd | Question: hh...
2026-03-01 00:02:09,623 | INFO     | api             | ====================================================================================================
2026-03-01 00:02:09,627 | INFO     | api             | TIMING | DB_ADD_USER_WS                 | Duration: 3.33ms
2026-03-01 00:02:09,630 | INFO     | api             | TIMING | HISTORY_RETRIEVAL_WS           | Duration: 2.4ms | history_items=8
2026-03-01 00:02:09,631 | INFO     | generation      | TIMING | MEMORY_SYNC_STREAM             | Duration: 0.13ms | history_items=8
2026-03-01 00:02:09,632 | INFO     | generation      | TIMING | CONDENSE_QUESTION_LLM             | Started (rephrasing follow-up as standalone question)
2026-03-01 00:02:12,230 | INFO     | retrieval       | TIMING | ENSEMBLE_RETRIEVAL             | Duration: 2591.47ms | docs_retrieved=15
2026-03-01 00:02:12,230 | INFO     | retrieval       | TIMING | DOCUMENT_RERANKING             | Duration: 1.65ms | docs_processed=15 | docs_returned=8
2026-03-01 00:02:12,230 | INFO     | retrieval       | TIMING | RETRIEVAL                      | num_docs=8 | retrieval_ms=2593.83 | methods=ensemble
2026-03-01 00:02:12,525 | INFO     | generation      | TIMING | CONDENSE_QUESTION_LLM          | Duration: 2896.75ms
2026-03-01 00:02:12,525 | INFO     | generation      | TIMING | PARALLEL_CONDENSE_RETRIEVE     | Duration: 2897.83ms | original_docs=8
2026-03-01 00:02:14,724 | INFO     | retrieval       | TIMING | ENSEMBLE_RETRIEVAL             | Duration: 2195.77ms | docs_retrieved=15
2026-03-01 00:02:14,724 | INFO     | retrieval       | TIMING | DOCUMENT_RERANKING             | Duration: 0.53ms | docs_processed=15 | docs_returned=8
2026-03-01 00:02:14,724 | INFO     | retrieval       | TIMING | RETRIEVAL                      | num_docs=8 | retrieval_ms=2197.05 | methods=ensemble
2026-03-01 00:02:14,724 | INFO     | generation      | TIMING | CONDENSED_RETRIEVAL_MERGE      | Duration: 2197.54ms | extra_docs=8 | total_docs=16
2026-03-01 00:02:14,724 | INFO     | generation      | TIMING | SOURCE_DOCS_CAPTURED           | count=16
2026-03-01 00:02:30,701 | INFO     | generation      | TIMING | STREAMING_CHUNKS               | Duration: 15972.83ms | chunk_count=333 | answer_length=1549
2026-03-01 00:02:30,702 | INFO     | generation      | TIMING | GENERATION                     | generation_ms=21070.37 | chunks=333 | tokens=215
2026-03-01 00:02:30,702 | INFO     | generation      | TIMING | SOURCE_DOCS_FINAL              | captured_count=16 | result_count=16 | final_count=16
2026-03-01 00:02:30,702 | INFO     | api             | TIMING | STREAMING_COMPLETE             | Duration: 21071.65ms | chunks=333 | response_length=1549 | first_chunk_ms=7692.81
2026-03-01 00:02:30,708 | INFO     | api             | TIMING | DB_ADD_AI_WS                   | Duration: 5.15ms | response_length=1549
2026-03-01 00:02:30,709 | INFO     | api             | ====================================================================================================
2026-03-01 00:02:30,709 | INFO     | api             | QUERY_COMPLETE | ID: 9a2878fd | Status: SUCCESS
2026-03-01 00:02:30,709 | INFO     | api             | TOTAL_TIME | 21086.35ms
2026-03-01 00:02:30,709 | INFO     | api             | ====================================================================================================
2026-03-01 00:02:30,710 | INFO     | api             | WebSocket client disconnected - request_id=9a2878fd
2026-03-01 00:03:01,093 | INFO     | api             | ====================================================================================================
2026-03-01 00:03:01,093 | INFO     | api             | QUERY_START | ID: 53649810 | Question: IMAGE_ANALYSIS: 9570095c-02e9-497b-bec1-4e526f3462e5___RS_LB 2815.JPG...
2026-03-01 00:03:01,093 | INFO     | api             | ====================================================================================================
2026-03-01 00:03:01,223 | INFO     | image_analyzer  | TIMING | ZERO_SHOT_CLASSIFY             | Duration: 116.97ms | top_disease=Early Blight | top_confidence=22.0
2026-03-01 00:03:01,290 | INFO     | image_analyzer  | TIMING | REF_IMAGE_MATCHING             | Duration: 66.99ms | results=10
2026-03-01 00:03:01,290 | INFO     | image_analyzer  | TIMING | FULL_IMAGE_ANALYSIS            | Duration: 185.01ms | prediction=Late Blight | confidence=76.2 | ref_images_used=10 | mode=hybrid
2026-03-01 00:03:01,290 | INFO     | api             | TIMING | CLIP_IMAGE_ANALYSIS            | Duration: 185.34ms | prediction=Late Blight | confidence=0.7618
2026-03-01 00:03:01,298 | INFO     | generation      | TIMING | MEMORY_SYNC                    | Duration: 0.11ms | history_items=9
2026-03-01 00:03:01,298 | INFO     | generation      | TIMING | CONDENSE_QUESTION_LLM             | Started (rephrasing follow-up as standalone question)
2026-03-01 00:03:01,299 | INFO     | retrieval       | TIMING | QUERY_PREPROCESS               | Duration: 0.01ms | enhancements=2 | applied_domains=late blight,early blight
2026-03-01 00:03:01,760 | INFO     | retrieval       | TIMING | ENSEMBLE_RETRIEVAL             | Duration: 456.9ms | docs_retrieved=14
2026-03-01 00:03:01,761 | INFO     | retrieval       | TIMING | DOCUMENT_RERANKING             | Duration: 0.61ms | docs_processed=14 | docs_returned=8
2026-03-01 00:03:01,761 | INFO     | retrieval       | TIMING | RETRIEVAL                      | num_docs=8 | retrieval_ms=462.18 | methods=ensemble
2026-03-01 00:03:02,412 | INFO     | generation      | TIMING | CONDENSE_QUESTION_LLM          | Duration: 1113.55ms
2026-03-01 00:03:02,413 | INFO     | generation      | TIMING | PARALLEL_CONDENSE_RETRIEVE     | Duration: 1115.14ms | original_docs=8
2026-03-01 00:03:02,413 | INFO     | retrieval       | TIMING | QUERY_PREPROCESS               | Duration: 0.01ms | enhancements=1 | applied_domains=late blight
2026-03-01 00:03:02,711 | INFO     | retrieval       | TIMING | ENSEMBLE_RETRIEVAL             | Duration: 307.34ms | docs_retrieved=14
2026-03-01 00:03:02,711 | INFO     | retrieval       | TIMING | DOCUMENT_RERANKING             | Duration: 0.51ms | docs_processed=14 | docs_returned=8
2026-03-01 00:03:02,711 | INFO     | retrieval       | TIMING | RETRIEVAL                      | num_docs=8 | retrieval_ms=309.32 | methods=ensemble
2026-03-01 00:03:02,711 | INFO     | generation      | TIMING | CONDENSED_RETRIEVAL_MERGE      | Duration: 309.83ms | extra_docs=5 | total_docs=13
2026-03-01 00:03:02,711 | INFO     | generation      | TIMING | SOURCE_DOCS_CAPTURED           | count=13
2026-03-01 00:03:10,793 | INFO     | generation      | TIMING | CHAIN_INVOCATION               | Duration: 8073.41ms | answer_length=1761 | source_docs=13
2026-03-01 00:03:10,793 | INFO     | generation      | TIMING | GENERATION                     | generation_ms=9500.04
2026-03-01 00:03:10,793 | INFO     | api             | TIMING | IMAGE_RAG_CHAIN                | Duration: 9500.34ms
2026-03-01 00:03:10,793 | INFO     | api             | ====================================================================================================
2026-03-01 00:03:10,793 | INFO     | api             | QUERY_COMPLETE | ID: 53649810 | Status: SUCCESS
2026-03-01 00:03:10,793 | INFO     | api             | TOTAL_TIME | 9709.23ms
2026-03-01 00:03:10,793 | INFO     | api             | ====================================================================================================
2026-03-01 00:05:58,549 | INFO     | api             | ====================================================================================================
2026-03-01 00:05:58,549 | INFO     | api             | QUERY_START | ID: 9b5bf64f | Question: IMAGE_ANALYSIS: test_late_blight.png...
2026-03-01 00:05:58,550 | INFO     | api             | ====================================================================================================
2026-03-01 00:05:58,667 | INFO     | image_analyzer  | TIMING | ZERO_SHOT_CLASSIFY             | Duration: 129.03ms | top_disease=Blackleg | top_confidence=48.1
2026-03-01 00:05:58,790 | INFO     | image_analyzer  | TIMING | REF_IMAGE_MATCHING             | Duration: 112.04ms | results=10
2026-03-01 00:05:58,792 | INFO     | image_analyzer  | TIMING | FULL_IMAGE_ANALYSIS            | Duration: 242.11ms | prediction=Late Blight | confidence=50.6 | ref_images_used=10 | mode=hybrid
2026-03-01 00:05:58,792 | INFO     | api             | TIMING | CLIP_IMAGE_ANALYSIS            | Duration: 242.59ms | prediction=Late Blight | confidence=0.5056
2026-03-01 00:05:58,797 | INFO     | generation      | TIMING | MEMORY_SYNC                    | Duration: 0.13ms | history_items=10
2026-03-01 00:05:58,800 | INFO     | generation      | TIMING | CONDENSE_QUESTION_LLM             | Started (rephrasing follow-up as standalone question)
2026-03-01 00:05:58,800 | INFO     | retrieval       | TIMING | QUERY_PREPROCESS               | Duration: 0.01ms | enhancements=3 | applied_domains=late blight,early blight,blackleg
2026-03-01 00:05:59,257 | INFO     | retrieval       | TIMING | ENSEMBLE_RETRIEVAL             | Duration: 453.25ms | docs_retrieved=14
2026-03-01 00:05:59,257 | INFO     | retrieval       | TIMING | DOCUMENT_RERANKING             | Duration: 0.6ms | docs_processed=14 | docs_returned=8
2026-03-01 00:05:59,257 | INFO     | retrieval       | TIMING | RETRIEVAL                      | num_docs=8 | retrieval_ms=457.14 | methods=ensemble
2026-03-01 00:05:59,850 | INFO     | generation      | TIMING | CONDENSE_QUESTION_LLM          | Duration: 1058.88ms
2026-03-01 00:05:59,850 | INFO     | generation      | TIMING | PARALLEL_CONDENSE_RETRIEVE     | Duration: 1060.05ms | original_docs=8
2026-03-01 00:05:59,850 | INFO     | retrieval       | TIMING | QUERY_PREPROCESS               | Duration: 0.01ms | enhancements=1 | applied_domains=late blight
2026-03-01 00:06:00,140 | INFO     | retrieval       | TIMING | ENSEMBLE_RETRIEVAL             | Duration: 280.0ms | docs_retrieved=14
2026-03-01 00:06:00,140 | INFO     | retrieval       | TIMING | DOCUMENT_RERANKING             | Duration: 0.48ms | docs_processed=14 | docs_returned=8
2026-03-01 00:06:00,140 | INFO     | retrieval       | TIMING | RETRIEVAL                      | num_docs=8 | retrieval_ms=281.42 | methods=ensemble
2026-03-01 00:06:00,140 | INFO     | generation      | TIMING | CONDENSED_RETRIEVAL_MERGE      | Duration: 281.83ms | extra_docs=6 | total_docs=14
2026-03-01 00:06:00,140 | INFO     | generation      | TIMING | SOURCE_DOCS_CAPTURED           | count=14
2026-03-01 00:06:06,233 | INFO     | generation      | TIMING | CHAIN_INVOCATION               | Duration: 6103.38ms | answer_length=1652 | source_docs=14
2026-03-01 00:06:06,233 | INFO     | generation      | TIMING | GENERATION                     | generation_ms=7447.77
2026-03-01 00:06:06,248 | INFO     | api             | TIMING | IMAGE_RAG_CHAIN                | Duration: 7448.2ms
2026-03-01 00:06:06,251 | INFO     | api             | ====================================================================================================
2026-03-01 00:06:06,251 | INFO     | api             | QUERY_COMPLETE | ID: 9b5bf64f | Status: SUCCESS
2026-03-01 00:06:06,251 | INFO     | api             | TOTAL_TIME | 7766.72ms
2026-03-01 00:06:06,251 | INFO     | api             | ====================================================================================================
2026-03-01 00:06:48,814 | INFO     | api             | ====================================================================================================
2026-03-01 00:06:48,814 | INFO     | api             | QUERY_START | ID: 2bad6745 | Question: which fungicides to use to control it?...
2026-03-01 00:06:48,815 | INFO     | api             | ====================================================================================================
2026-03-01 00:06:48,818 | INFO     | api             | TIMING | DB_ADD_USER_WS                 | Duration: 3.48ms
2026-03-01 00:06:48,822 | INFO     | api             | TIMING | HISTORY_RETRIEVAL_WS           | Duration: 2.34ms | history_items=11
2026-03-01 00:06:48,823 | INFO     | generation      | TIMING | MEMORY_SYNC_STREAM             | Duration: 0.14ms | history_items=11
2026-03-01 00:06:48,823 | INFO     | generation      | TIMING | CONDENSE_QUESTION_LLM             | Started (rephrasing follow-up as standalone question)
2026-03-01 00:06:49,937 | INFO     | generation      | TIMING | CONDENSE_QUESTION_LLM          | Duration: 1116.74ms
2026-03-01 00:06:50,034 | INFO     | retrieval       | TIMING | ENSEMBLE_RETRIEVAL             | Duration: 1209.01ms | docs_retrieved=14
2026-03-01 00:06:50,035 | INFO     | retrieval       | TIMING | DOCUMENT_RERANKING             | Duration: 0.7ms | docs_processed=14 | docs_returned=8
2026-03-01 00:06:50,035 | INFO     | retrieval       | TIMING | RETRIEVAL                      | num_docs=8 | retrieval_ms=1210.34 | methods=ensemble
2026-03-01 00:06:50,035 | INFO     | generation      | TIMING | PARALLEL_CONDENSE_RETRIEVE     | Duration: 1212.98ms | original_docs=8
2026-03-01 00:06:50,036 | INFO     | retrieval       | TIMING | QUERY_PREPROCESS               | Duration: 0.0ms | enhancements=1 | applied_domains=late blight
2026-03-01 00:06:50,335 | INFO     | retrieval       | TIMING | ENSEMBLE_RETRIEVAL             | Duration: 298.37ms | docs_retrieved=14
2026-03-01 00:06:50,336 | INFO     | retrieval       | TIMING | DOCUMENT_RERANKING             | Duration: 0.41ms | docs_processed=14 | docs_returned=8
2026-03-01 00:06:50,336 | INFO     | retrieval       | TIMING | RETRIEVAL                      | num_docs=8 | retrieval_ms=299.82 | methods=ensemble
2026-03-01 00:06:50,336 | INFO     | generation      | TIMING | CONDENSED_RETRIEVAL_MERGE      | Duration: 300.27ms | extra_docs=8 | total_docs=16
2026-03-01 00:06:50,337 | INFO     | generation      | TIMING | SOURCE_DOCS_CAPTURED           | count=16
2026-03-01 00:06:59,473 | INFO     | generation      | TIMING | STREAMING_CHUNKS               | Duration: 9135.69ms | chunk_count=348 | answer_length=1507
2026-03-01 00:06:59,473 | INFO     | generation      | TIMING | GENERATION                     | generation_ms=10650.89 | chunks=348 | tokens=212
2026-03-01 00:06:59,473 | INFO     | generation      | TIMING | SOURCE_DOCS_FINAL              | captured_count=16 | result_count=16 | final_count=16
2026-03-01 00:06:59,473 | INFO     | api             | TIMING | STREAMING_COMPLETE             | Duration: 10652.26ms | chunks=348 | response_length=1507 | first_chunk_ms=3361.38
2026-03-01 00:06:59,480 | INFO     | api             | TIMING | DB_ADD_AI_WS                   | Duration: 4.68ms | response_length=1507
2026-03-01 00:06:59,480 | INFO     | api             | ====================================================================================================
2026-03-01 00:06:59,480 | INFO     | api             | QUERY_COMPLETE | ID: 2bad6745 | Status: SUCCESS
2026-03-01 00:06:59,481 | INFO     | api             | TOTAL_TIME | 10668.09ms
2026-03-01 00:06:59,481 | INFO     | api             | ====================================================================================================
2026-03-01 00:06:59,482 | INFO     | api             | WebSocket client disconnected - request_id=2bad6745
2026-03-01 00:09:02,067 | INFO     | api             | ====================================================================================================
2026-03-01 00:09:02,067 | INFO     | api             | QUERY_START | ID: 00e9d799 | Question: IMAGE_ANALYSIS: 5dd2be45-9c02-4b82-a7be-ecbac29981a9___RS_Early.B 7947.JPG...
2026-03-01 00:09:02,067 | INFO     | api             | ====================================================================================================
2026-03-01 00:09:02,136 | INFO     | image_analyzer  | TIMING | ZERO_SHOT_CLASSIFY             | Duration: 68.75ms | top_disease=Late Blight | top_confidence=42.0
2026-03-01 00:09:02,207 | INFO     | image_analyzer  | TIMING | REF_IMAGE_MATCHING             | Duration: 69.3ms | results=10
2026-03-01 00:09:02,207 | INFO     | image_analyzer  | TIMING | FULL_IMAGE_ANALYSIS            | Duration: 138.93ms | prediction=Early Blight | confidence=78.0 | ref_images_used=10 | mode=hybrid
2026-03-01 00:09:02,207 | INFO     | api             | TIMING | CLIP_IMAGE_ANALYSIS            | Duration: 139.16ms | prediction=Early Blight | confidence=0.7795
2026-03-01 00:09:02,214 | INFO     | generation      | TIMING | MEMORY_SYNC                    | Duration: 0.13ms | history_items=12
2026-03-01 00:09:02,215 | INFO     | generation      | TIMING | CONDENSE_QUESTION_LLM             | Started (rephrasing follow-up as standalone question)
2026-03-01 00:09:02,216 | INFO     | retrieval       | TIMING | QUERY_PREPROCESS               | Duration: 0.01ms | enhancements=2 | applied_domains=late blight,early blight
2026-03-01 00:09:02,710 | INFO     | retrieval       | TIMING | ENSEMBLE_RETRIEVAL             | Duration: 505.03ms | docs_retrieved=14
2026-03-01 00:09:02,723 | INFO     | retrieval       | TIMING | DOCUMENT_RERANKING             | Duration: 0.66ms | docs_processed=14 | docs_returned=8
2026-03-01 00:09:02,723 | INFO     | retrieval       | TIMING | RETRIEVAL                      | num_docs=8 | retrieval_ms=506.97 | methods=ensemble
2026-03-01 00:09:03,311 | INFO     | generation      | TIMING | CONDENSE_QUESTION_LLM          | Duration: 1097.13ms
2026-03-01 00:09:03,311 | INFO     | generation      | TIMING | PARALLEL_CONDENSE_RETRIEVE     | Duration: 1098.64ms | original_docs=8
2026-03-01 00:09:03,311 | INFO     | retrieval       | TIMING | QUERY_PREPROCESS               | Duration: 0.01ms | enhancements=1 | applied_domains=early blight
2026-03-01 00:09:03,698 | INFO     | retrieval       | TIMING | ENSEMBLE_RETRIEVAL             | Duration: 388.33ms | docs_retrieved=15
2026-03-01 00:09:03,698 | INFO     | retrieval       | TIMING | DOCUMENT_RERANKING             | Duration: 0.48ms | docs_processed=15 | docs_returned=8
2026-03-01 00:09:03,698 | INFO     | retrieval       | TIMING | RETRIEVAL                      | num_docs=8 | retrieval_ms=389.83 | methods=ensemble
2026-03-01 00:09:03,698 | INFO     | generation      | TIMING | CONDENSED_RETRIEVAL_MERGE      | Duration: 390.23ms | extra_docs=7 | total_docs=15
2026-03-01 00:09:03,698 | INFO     | generation      | TIMING | SOURCE_DOCS_CAPTURED           | count=15
2026-03-01 00:09:11,873 | INFO     | generation      | TIMING | CHAIN_INVOCATION               | Duration: 8172.13ms | answer_length=1874 | source_docs=15
2026-03-01 00:09:11,876 | INFO     | generation      | TIMING | GENERATION                     | generation_ms=9662.95
2026-03-01 00:09:11,876 | INFO     | api             | TIMING | IMAGE_RAG_CHAIN                | Duration: 9663.32ms
2026-03-01 00:09:11,876 | INFO     | api             | ====================================================================================================
2026-03-01 00:09:11,876 | INFO     | api             | QUERY_COMPLETE | ID: 00e9d799 | Status: SUCCESS
2026-03-01 00:09:11,876 | INFO     | api             | TOTAL_TIME | 9816.05ms
2026-03-01 00:09:11,876 | INFO     | api             | ====================================================================================================
2026-03-01 00:23:39,250 | INFO     | retrieval       | TIMING | BM25_CACHE_LOAD                | Duration: 97.18ms | source=disk
2026-03-01 00:23:39,595 | INFO     | image_analyzer  | Initializing CLIPDiseaseAnalyzer...
2026-03-01 00:23:43,576 | INFO     | image_analyzer  | Encoding disease text prompts...
2026-03-01 00:23:44,273 | INFO     | image_analyzer  | Reference FAISS index loaded: 228 images
2026-03-01 00:23:44,273 | INFO     | image_analyzer  | TIMING | CLIP_ANALYZER_INIT             | Duration: 4680.88ms | device=cpu | disease_categories=20 | ref_index_loaded=True | ref_images_count=228
2026-03-01 00:25:18,468 | INFO     | retrieval       | TIMING | BM25_CACHE_LOAD                | Duration: 107.77ms | source=disk
2026-03-01 00:25:18,831 | INFO     | image_analyzer  | Initializing CLIPDiseaseAnalyzer...
2026-03-01 00:25:23,305 | INFO     | image_analyzer  | Encoding disease text prompts...
2026-03-01 00:25:24,035 | INFO     | image_analyzer  | Reference FAISS index loaded: 228 images
2026-03-01 00:25:24,035 | INFO     | image_analyzer  | TIMING | CLIP_ANALYZER_INIT             | Duration: 5204.58ms | device=cpu | disease_categories=20 | ref_index_loaded=True | ref_images_count=228
2026-03-01 00:25:42,848 | INFO     | api             | ====================================================================================================
2026-03-01 00:25:42,848 | INFO     | api             | QUERY_START | ID: deb08eb2 | Question: hii...
2026-03-01 00:25:42,848 | INFO     | api             | ====================================================================================================
2026-03-01 00:25:42,848 | INFO     | api             | TIMING | DB_ADD_USER_WS                 | Duration: 4.83ms
2026-03-01 00:25:42,848 | INFO     | api             | TIMING | HISTORY_RETRIEVAL_WS           | Duration: 1.69ms | history_items=0
2026-03-01 00:25:42,863 | INFO     | generation      | TIMING | MEMORY_CLEAR                   | Cleared stale chain memory for new conversation
2026-03-01 00:25:43,986 | INFO     | retrieval       | TIMING | ENSEMBLE_RETRIEVAL             | Duration: 1114.04ms | docs_retrieved=15
2026-03-01 00:25:43,988 | INFO     | retrieval       | TIMING | DOCUMENT_RERANKING             | Duration: 0.34ms | docs_processed=15 | docs_returned=8
2026-03-01 00:25:43,988 | INFO     | retrieval       | TIMING | RETRIEVAL                      | num_docs=8 | retrieval_ms=1115.04 | methods=ensemble
2026-03-01 00:25:43,989 | INFO     | generation      | TIMING | SOURCE_DOCS_CAPTURED           | count=8
2026-03-01 00:25:44,718 | INFO     | generation      | TIMING | STREAMING_CHUNKS               | Duration: 731.45ms | chunk_count=13 | answer_length=34
2026-03-01 00:25:44,718 | INFO     | generation      | TIMING | GENERATION                     | generation_ms=1857.74 | chunks=13 | tokens=7
2026-03-01 00:25:44,718 | INFO     | generation      | TIMING | SOURCE_DOCS_FINAL              | captured_count=8 | result_count=8 | final_count=8
2026-03-01 00:25:44,718 | INFO     | api             | TIMING | STREAMING_COMPLETE             | Duration: 1859.22ms | chunks=13 | response_length=34 | first_chunk_ms=1734.62
2026-03-01 00:25:44,718 | INFO     | api             | TIMING | DB_ADD_AI_WS                   | Duration: 6.09ms | response_length=34
2026-03-01 00:25:44,718 | INFO     | api             | ====================================================================================================
2026-03-01 00:25:44,718 | INFO     | api             | QUERY_COMPLETE | ID: deb08eb2 | Status: SUCCESS
2026-03-01 00:25:44,718 | INFO     | api             | TOTAL_TIME | 1875.88ms
2026-03-01 00:25:44,718 | INFO     | api             | ====================================================================================================
2026-03-01 00:25:44,718 | INFO     | api             | WebSocket client disconnected - request_id=deb08eb2
2026-03-01 00:27:03,902 | INFO     | retrieval       | TIMING | BM25_CACHE_LOAD                | Duration: 97.61ms | source=disk
2026-03-01 00:27:04,273 | INFO     | image_analyzer  | Initializing CLIPDiseaseAnalyzer...
2026-03-01 00:27:08,264 | INFO     | image_analyzer  | Encoding disease text prompts...
2026-03-01 00:27:08,930 | INFO     | image_analyzer  | Reference FAISS index loaded: 228 images
2026-03-01 00:27:08,930 | INFO     | image_analyzer  | TIMING | CLIP_ANALYZER_INIT             | Duration: 4661.2ms | device=cpu | disease_categories=20 | ref_index_loaded=True | ref_images_count=228
2026-03-01 00:27:49,514 | INFO     | api             | ====================================================================================================
2026-03-01 00:27:49,515 | INFO     | api             | QUERY_START | ID: 399550b0 | Question: IMAGE_ANALYSIS: test_late_blight.png...
2026-03-01 00:27:49,515 | INFO     | api             | ====================================================================================================
2026-03-01 00:27:49,681 | INFO     | image_analyzer  | TIMING | ZERO_SHOT_CLASSIFY             | Duration: 166.95ms | top_disease=Blackleg | top_confidence=48.1
2026-03-01 00:27:49,797 | INFO     | image_analyzer  | TIMING | REF_IMAGE_MATCHING             | Duration: 115.91ms | results=10
2026-03-01 00:27:49,799 | INFO     | image_analyzer  | TIMING | FULL_IMAGE_ANALYSIS            | Duration: 283.72ms | prediction=Late Blight | confidence=50.6 | ref_images_used=10 | mode=hybrid
2026-03-01 00:27:49,799 | INFO     | api             | TIMING | CLIP_IMAGE_ANALYSIS            | Duration: 284.07ms | prediction=Late Blight | confidence=0.5056
2026-03-01 00:27:49,805 | INFO     | generation      | TIMING | MEMORY_SYNC                    | Duration: 0.14ms | history_items=1
2026-03-01 00:27:49,805 | INFO     | generation      | TIMING | CONDENSE_QUESTION_LLM             | Started (rephrasing follow-up as standalone question)
2026-03-01 00:27:49,813 | INFO     | retrieval       | TIMING | QUERY_PREPROCESS               | Duration: 0.01ms | enhancements=3 | applied_domains=late blight,early blight,blackleg
2026-03-01 00:27:50,858 | INFO     | retrieval       | TIMING | ENSEMBLE_RETRIEVAL             | Duration: 1058.02ms | docs_retrieved=14
2026-03-01 00:27:50,874 | INFO     | retrieval       | TIMING | DOCUMENT_RERANKING             | Duration: 0.82ms | docs_processed=14 | docs_returned=8
2026-03-01 00:27:50,875 | INFO     | retrieval       | TIMING | RETRIEVAL                      | num_docs=8 | retrieval_ms=1060.46 | methods=ensemble
2026-03-01 00:27:51,691 | INFO     | generation      | TIMING | CONDENSE_QUESTION_LLM          | Duration: 1885.79ms
2026-03-01 00:27:51,691 | INFO     | generation      | TIMING | PARALLEL_CONDENSE_RETRIEVE     | Duration: 1887.03ms | original_docs=8
2026-03-01 00:27:51,691 | INFO     | retrieval       | TIMING | QUERY_PREPROCESS               | Duration: 0.01ms | enhancements=1 | applied_domains=late blight
2026-03-01 00:27:51,992 | INFO     | retrieval       | TIMING | ENSEMBLE_RETRIEVAL             | Duration: 303.05ms | docs_retrieved=14
2026-03-01 00:27:51,992 | INFO     | retrieval       | TIMING | DOCUMENT_RERANKING             | Duration: 0.41ms | docs_processed=14 | docs_returned=8
2026-03-01 00:27:51,992 | INFO     | retrieval       | TIMING | RETRIEVAL                      | num_docs=8 | retrieval_ms=304.52 | methods=ensemble
2026-03-01 00:27:51,992 | INFO     | generation      | TIMING | CONDENSED_RETRIEVAL_MERGE      | Duration: 304.93ms | extra_docs=6 | total_docs=14
2026-03-01 00:27:51,992 | INFO     | generation      | TIMING | SOURCE_DOCS_CAPTURED           | count=14
2026-03-01 00:27:57,010 | INFO     | generation      | TIMING | CHAIN_INVOCATION               | Duration: 5023.98ms | answer_length=1320 | source_docs=14
2026-03-01 00:27:57,010 | INFO     | generation      | TIMING | GENERATION                     | generation_ms=7217.87
2026-03-01 00:27:57,023 | INFO     | api             | TIMING | IMAGE_RAG_CHAIN                | Duration: 7218.18ms
2026-03-01 00:27:57,025 | INFO     | api             | ====================================================================================================
2026-03-01 00:27:57,025 | INFO     | api             | QUERY_COMPLETE | ID: 399550b0 | Status: SUCCESS
2026-03-01 00:27:57,025 | INFO     | api             | TOTAL_TIME | 7598.53ms
2026-03-01 00:27:57,025 | INFO     | api             | ====================================================================================================
2026-03-01 00:29:05,084 | INFO     | api             | ====================================================================================================
2026-03-01 00:29:05,084 | INFO     | api             | QUERY_START | ID: 3b771b06 | Question: which fungicides to use to treat it?...
2026-03-01 00:29:05,084 | INFO     | api             | ====================================================================================================
2026-03-01 00:29:05,089 | INFO     | api             | TIMING | DB_ADD_USER_WS                 | Duration: 4.54ms
2026-03-01 00:29:05,091 | INFO     | api             | TIMING | HISTORY_RETRIEVAL_WS           | Duration: 1.65ms | history_items=2
2026-03-01 00:29:05,092 | INFO     | generation      | TIMING | MEMORY_SYNC_STREAM             | Duration: 0.08ms | history_items=2
2026-03-01 00:29:05,093 | INFO     | generation      | TIMING | CONDENSE_QUESTION_LLM             | Started (rephrasing follow-up as standalone question)
2026-03-01 00:29:05,464 | INFO     | retrieval       | TIMING | ENSEMBLE_RETRIEVAL             | Duration: 370.94ms | docs_retrieved=13
2026-03-01 00:29:05,465 | INFO     | retrieval       | TIMING | DOCUMENT_RERANKING             | Duration: 0.51ms | docs_processed=13 | docs_returned=8
2026-03-01 00:29:05,466 | INFO     | retrieval       | TIMING | RETRIEVAL                      | num_docs=8 | retrieval_ms=372.19 | methods=ensemble
2026-03-01 00:29:05,911 | INFO     | generation      | TIMING | CONDENSE_QUESTION_LLM          | Duration: 818.38ms
2026-03-01 00:29:05,912 | INFO     | generation      | TIMING | PARALLEL_CONDENSE_RETRIEVE     | Duration: 819.92ms | original_docs=8
2026-03-01 00:29:05,913 | INFO     | retrieval       | TIMING | QUERY_PREPROCESS               | Duration: 0.01ms | enhancements=1 | applied_domains=late blight
2026-03-01 00:29:06,362 | INFO     | retrieval       | TIMING | ENSEMBLE_RETRIEVAL             | Duration: 449.12ms | docs_retrieved=14
2026-03-01 00:29:06,363 | INFO     | retrieval       | TIMING | DOCUMENT_RERANKING             | Duration: 0.33ms | docs_processed=14 | docs_returned=8
2026-03-01 00:29:06,363 | INFO     | retrieval       | TIMING | RETRIEVAL                      | num_docs=8 | retrieval_ms=450.57 | methods=ensemble
2026-03-01 00:29:06,364 | INFO     | generation      | TIMING | CONDENSED_RETRIEVAL_MERGE      | Duration: 450.99ms | extra_docs=8 | total_docs=16
2026-03-01 00:29:06,364 | INFO     | generation      | TIMING | SOURCE_DOCS_CAPTURED           | count=16
2026-03-01 00:29:12,028 | INFO     | generation      | TIMING | STREAMING_CHUNKS               | Duration: 5664.23ms | chunk_count=286 | answer_length=1419
2026-03-01 00:29:12,028 | INFO     | generation      | TIMING | GENERATION                     | generation_ms=6937.04 | chunks=286 | tokens=202
2026-03-01 00:29:12,029 | INFO     | generation      | TIMING | SOURCE_DOCS_FINAL              | captured_count=16 | result_count=16 | final_count=16
2026-03-01 00:29:12,029 | INFO     | api             | TIMING | STREAMING_COMPLETE             | Duration: 6938.29ms | chunks=286 | response_length=1419 | first_chunk_ms=2207.79
2026-03-01 00:29:12,036 | INFO     | api             | TIMING | DB_ADD_AI_WS                   | Duration: 5.18ms | response_length=1419
2026-03-01 00:29:12,036 | INFO     | api             | ====================================================================================================
2026-03-01 00:29:12,037 | INFO     | api             | QUERY_COMPLETE | ID: 3b771b06 | Status: SUCCESS
2026-03-01 00:29:12,037 | INFO     | api             | TOTAL_TIME | 6954.54ms
2026-03-01 00:29:12,037 | INFO     | api             | ====================================================================================================
2026-03-01 00:29:12,038 | INFO     | api             | WebSocket client disconnected - request_id=3b771b06
2026-03-01 00:30:12,479 | INFO     | api             | ====================================================================================================
2026-03-01 00:30:12,480 | INFO     | api             | QUERY_START | ID: 78fbd76e | Question: IMAGE_ANALYSIS: test_late_blight.png...
2026-03-01 00:30:12,480 | INFO     | api             | ====================================================================================================
2026-03-01 00:30:12,598 | INFO     | image_analyzer  | TIMING | ZERO_SHOT_CLASSIFY             | Duration: 124.29ms | top_disease=Blackleg | top_confidence=48.1
2026-03-01 00:30:12,716 | INFO     | image_analyzer  | TIMING | REF_IMAGE_MATCHING             | Duration: 114.12ms | results=10
2026-03-01 00:30:12,716 | INFO     | image_analyzer  | TIMING | FULL_IMAGE_ANALYSIS            | Duration: 239.28ms | prediction=Late Blight | confidence=50.6 | ref_images_used=10 | mode=hybrid
2026-03-01 00:30:12,716 | INFO     | api             | TIMING | CLIP_IMAGE_ANALYSIS            | Duration: 239.62ms | prediction=Late Blight | confidence=0.5056
2026-03-01 00:30:12,716 | INFO     | generation      | TIMING | MEMORY_CLEAR                   | Cleared stale chain memory for new conversation
2026-03-01 00:30:12,716 | INFO     | retrieval       | TIMING | QUERY_PREPROCESS               | Duration: 0.01ms | enhancements=3 | applied_domains=late blight,early blight,blackleg
2026-03-01 00:30:13,116 | INFO     | retrieval       | TIMING | ENSEMBLE_RETRIEVAL             | Duration: 403.59ms | docs_retrieved=14
2026-03-01 00:30:13,132 | INFO     | retrieval       | TIMING | DOCUMENT_RERANKING             | Duration: 0.54ms | docs_processed=14 | docs_returned=8
2026-03-01 00:30:13,132 | INFO     | retrieval       | TIMING | RETRIEVAL                      | num_docs=8 | retrieval_ms=405.14 | methods=ensemble
2026-03-01 00:30:13,132 | INFO     | generation      | TIMING | SOURCE_DOCS_CAPTURED           | count=8
2026-03-01 00:30:19,721 | INFO     | generation      | TIMING | CHAIN_INVOCATION               | Duration: 6598.0ms | answer_length=1574 | source_docs=8
2026-03-01 00:30:19,721 | INFO     | generation      | TIMING | GENERATION                     | generation_ms=7004.89
2026-03-01 00:30:19,721 | INFO     | api             | TIMING | IMAGE_RAG_CHAIN                | Duration: 7005.33ms
2026-03-01 00:30:19,734 | INFO     | api             | ====================================================================================================
2026-03-01 00:30:19,734 | INFO     | api             | QUERY_COMPLETE | ID: 78fbd76e | Status: SUCCESS
2026-03-01 00:30:19,734 | INFO     | api             | TOTAL_TIME | 7319.78ms
2026-03-01 00:30:19,734 | INFO     | api             | ====================================================================================================
2026-03-01 00:31:22,946 | INFO     | api             | ====================================================================================================
2026-03-01 00:31:22,947 | INFO     | api             | QUERY_START | ID: e348bf44 | Question: Which fungicide to use to treat it?...
2026-03-01 00:31:22,947 | INFO     | api             | ====================================================================================================
2026-03-01 00:31:22,953 | INFO     | api             | TIMING | DB_ADD_USER_WS                 | Duration: 5.07ms
2026-03-01 00:31:22,955 | INFO     | api             | TIMING | HISTORY_RETRIEVAL_WS           | Duration: 1.83ms | history_items=1
2026-03-01 00:31:22,956 | INFO     | generation      | TIMING | MEMORY_SYNC_STREAM             | Duration: 0.06ms | history_items=1
2026-03-01 00:31:22,956 | INFO     | generation      | TIMING | CONDENSE_QUESTION_LLM             | Started (rephrasing follow-up as standalone question)
2026-03-01 00:31:23,513 | INFO     | retrieval       | TIMING | ENSEMBLE_RETRIEVAL             | Duration: 557.37ms | docs_retrieved=15
2026-03-01 00:31:23,513 | INFO     | retrieval       | TIMING | DOCUMENT_RERANKING             | Duration: 0.39ms | docs_processed=15 | docs_returned=8
2026-03-01 00:31:23,513 | INFO     | retrieval       | TIMING | RETRIEVAL                      | num_docs=8 | retrieval_ms=558.45 | methods=ensemble
2026-03-01 00:31:23,989 | INFO     | generation      | TIMING | CONDENSE_QUESTION_LLM          | Duration: 1033.44ms
2026-03-01 00:31:23,991 | INFO     | generation      | TIMING | PARALLEL_CONDENSE_RETRIEVE     | Duration: 1035.03ms | original_docs=8
2026-03-01 00:31:23,991 | INFO     | retrieval       | TIMING | QUERY_PREPROCESS               | Duration: 0.0ms | enhancements=1 | applied_domains=late blight
2026-03-01 00:31:24,270 | INFO     | retrieval       | TIMING | ENSEMBLE_RETRIEVAL             | Duration: 279.16ms | docs_retrieved=13
2026-03-01 00:31:24,272 | INFO     | retrieval       | TIMING | DOCUMENT_RERANKING             | Duration: 0.31ms | docs_processed=13 | docs_returned=8
2026-03-01 00:31:24,272 | INFO     | retrieval       | TIMING | RETRIEVAL                      | num_docs=8 | retrieval_ms=280.35 | methods=ensemble
2026-03-01 00:31:24,272 | INFO     | generation      | TIMING | CONDENSED_RETRIEVAL_MERGE      | Duration: 280.71ms | extra_docs=8 | total_docs=16
2026-03-01 00:31:24,272 | INFO     | generation      | TIMING | SOURCE_DOCS_CAPTURED           | count=16
2026-03-01 00:31:30,879 | INFO     | generation      | TIMING | STREAMING_CHUNKS               | Duration: 6618.68ms | chunk_count=271 | answer_length=1244
2026-03-01 00:31:30,879 | INFO     | generation      | TIMING | GENERATION                     | generation_ms=7936.24 | chunks=271 | tokens=179
2026-03-01 00:31:30,879 | INFO     | generation      | TIMING | SOURCE_DOCS_FINAL              | captured_count=16 | result_count=16 | final_count=16
2026-03-01 00:31:30,879 | INFO     | api             | TIMING | STREAMING_COMPLETE             | Duration: 7937.52ms | chunks=271 | response_length=1244 | first_chunk_ms=2132.33
2026-03-01 00:31:30,897 | INFO     | api             | TIMING | DB_ADD_AI_WS                   | Duration: 5.52ms | response_length=1244
2026-03-01 00:31:30,897 | INFO     | api             | ====================================================================================================
2026-03-01 00:31:30,897 | INFO     | api             | QUERY_COMPLETE | ID: e348bf44 | Status: SUCCESS
2026-03-01 00:31:30,897 | INFO     | api             | TOTAL_TIME | 7954.02ms
2026-03-01 00:31:30,897 | INFO     | api             | ====================================================================================================
2026-03-01 00:31:30,902 | INFO     | api             | WebSocket client disconnected - request_id=e348bf44
2026-03-01 00:40:52,562 | INFO     | retrieval       | TIMING | BM25_CACHE_LOAD                | Duration: 99.29ms | source=disk
2026-03-01 00:40:52,908 | INFO     | image_analyzer  | Initializing CLIPDiseaseAnalyzer...
2026-03-01 00:40:57,166 | INFO     | image_analyzer  | Encoding disease text prompts...
2026-03-01 00:40:57,853 | INFO     | image_analyzer  | Reference FAISS index loaded: 228 images
2026-03-01 00:40:57,853 | INFO     | image_analyzer  | TIMING | CLIP_ANALYZER_INIT             | Duration: 4951.37ms | device=cpu | disease_categories=20 | ref_index_loaded=True | ref_images_count=228
2026-03-01 00:41:45,428 | INFO     | retrieval       | TIMING | BM25_CACHE_LOAD                | Duration: 98.1ms | source=disk
2026-03-01 00:41:45,806 | INFO     | image_analyzer  | Initializing CLIPDiseaseAnalyzer...
2026-03-01 00:41:49,969 | INFO     | image_analyzer  | Encoding disease text prompts...
2026-03-01 00:41:50,672 | INFO     | image_analyzer  | Reference FAISS index loaded: 228 images
2026-03-01 00:41:50,672 | INFO     | image_analyzer  | TIMING | CLIP_ANALYZER_INIT             | Duration: 4857.95ms | device=cpu | disease_categories=20 | ref_index_loaded=True | ref_images_count=228
2026-03-01 00:42:20,660 | INFO     | api             | ====================================================================================================
2026-03-01 00:42:20,660 | INFO     | api             | QUERY_START | ID: ba6c4bc9 | Question: IMAGE_ANALYSIS: test_late_blight.png...
2026-03-01 00:42:20,660 | INFO     | api             | ====================================================================================================
2026-03-01 00:42:20,827 | INFO     | image_analyzer  | TIMING | ZERO_SHOT_CLASSIFY             | Duration: 166.39ms | top_disease=Blackleg | top_confidence=48.1
2026-03-01 00:42:20,934 | INFO     | image_analyzer  | TIMING | REF_IMAGE_MATCHING             | Duration: 111.47ms | results=10
2026-03-01 00:42:20,934 | INFO     | image_analyzer  | TIMING | FULL_IMAGE_ANALYSIS            | Duration: 278.67ms | prediction=Late Blight | confidence=50.6 | ref_images_used=10 | mode=hybrid
2026-03-01 00:42:20,934 | INFO     | api             | TIMING | CLIP_IMAGE_ANALYSIS            | Duration: 278.98ms | prediction=Late Blight | confidence=0.5056
2026-03-01 00:42:20,934 | INFO     | generation      | TIMING | MEMORY_CLEAR                   | Cleared stale chain memory for new conversation
2026-03-01 00:42:20,952 | INFO     | retrieval       | TIMING | QUERY_PREPROCESS               | Duration: 0.01ms | enhancements=3 | applied_domains=late blight,early blight,blackleg
2026-03-01 00:42:22,158 | INFO     | retrieval       | TIMING | ENSEMBLE_RETRIEVAL             | Duration: 1212.66ms | docs_retrieved=14
2026-03-01 00:42:22,158 | INFO     | retrieval       | TIMING | DOCUMENT_RERANKING             | Duration: 0.62ms | docs_processed=14 | docs_returned=8
2026-03-01 00:42:22,158 | INFO     | retrieval       | TIMING | RETRIEVAL                      | num_docs=8 | retrieval_ms=1214.26 | methods=ensemble
2026-03-01 00:42:22,158 | INFO     | generation      | TIMING | SOURCE_DOCS_CAPTURED           | count=8
2026-03-01 00:42:28,545 | INFO     | generation      | TIMING | CHAIN_INVOCATION               | Duration: 6377.81ms | answer_length=1617 | source_docs=8
2026-03-01 00:42:28,546 | INFO     | generation      | TIMING | GENERATION                     | generation_ms=7600.03
2026-03-01 00:42:28,546 | INFO     | api             | TIMING | IMAGE_RAG_CHAIN                | Duration: 7600.29ms
2026-03-01 00:42:28,547 | INFO     | api             | ====================================================================================================
2026-03-01 00:42:28,547 | INFO     | api             | QUERY_COMPLETE | ID: ba6c4bc9 | Status: SUCCESS
2026-03-01 00:42:28,547 | INFO     | api             | TOTAL_TIME | 7967.29ms
2026-03-01 00:42:28,547 | INFO     | api             | ====================================================================================================
2026-03-01 00:43:02,980 | INFO     | api             | ====================================================================================================
2026-03-01 00:43:02,981 | INFO     | api             | QUERY_START | ID: 8f325409 | Question: which fungicides to use to treat it?...
2026-03-01 00:43:02,981 | INFO     | api             | ====================================================================================================
2026-03-01 00:43:02,986 | INFO     | api             | TIMING | DB_ADD_USER_WS                 | Duration: 4.46ms
2026-03-01 00:43:02,988 | INFO     | api             | TIMING | HISTORY_RETRIEVAL_WS           | Duration: 2.1ms | history_items=1
2026-03-01 00:43:02,991 | INFO     | generation      | TIMING | MEMORY_SYNC_STREAM             | Duration: 0.1ms | history_items=1
2026-03-01 00:43:02,992 | INFO     | generation      | TIMING | CONDENSE_QUESTION_LLM             | Started (rephrasing follow-up as standalone question)
2026-03-01 00:43:03,884 | INFO     | generation      | TIMING | CONDENSE_QUESTION_LLM          | Duration: 893.84ms
2026-03-01 00:43:04,021 | INFO     | retrieval       | TIMING | ENSEMBLE_RETRIEVAL             | Duration: 1029.27ms | docs_retrieved=13
2026-03-01 00:43:04,022 | INFO     | retrieval       | TIMING | DOCUMENT_RERANKING             | Duration: 0.51ms | docs_processed=13 | docs_returned=8
2026-03-01 00:43:04,022 | INFO     | retrieval       | TIMING | RETRIEVAL                      | num_docs=8 | retrieval_ms=1030.69 | methods=ensemble
2026-03-01 00:43:04,022 | INFO     | generation      | TIMING | PARALLEL_CONDENSE_RETRIEVE     | Duration: 1032.12ms | original_docs=8
2026-03-01 00:43:04,022 | INFO     | retrieval       | TIMING | QUERY_PREPROCESS               | Duration: 0.01ms | enhancements=1 | applied_domains=late blight
2026-03-01 00:43:05,120 | INFO     | retrieval       | TIMING | ENSEMBLE_RETRIEVAL             | Duration: 1096.28ms | docs_retrieved=14
2026-03-01 00:43:05,121 | INFO     | retrieval       | TIMING | DOCUMENT_RERANKING             | Duration: 0.51ms | docs_processed=14 | docs_returned=8
2026-03-01 00:43:05,121 | INFO     | retrieval       | TIMING | RETRIEVAL                      | num_docs=8 | retrieval_ms=1097.94 | methods=ensemble
2026-03-01 00:43:05,122 | INFO     | generation      | TIMING | CONDENSED_RETRIEVAL_MERGE      | Duration: 1098.41ms | extra_docs=8 | total_docs=16
2026-03-01 00:43:05,122 | INFO     | generation      | TIMING | SOURCE_DOCS_CAPTURED           | count=16
2026-03-01 00:43:15,240 | INFO     | generation      | TIMING | STREAMING_CHUNKS               | Duration: 10117.5ms | chunk_count=300 | answer_length=1377
2026-03-01 00:43:15,240 | INFO     | generation      | TIMING | GENERATION                     | generation_ms=12250.11 | chunks=300 | tokens=195
2026-03-01 00:43:15,240 | INFO     | generation      | TIMING | SOURCE_DOCS_FINAL              | captured_count=16 | result_count=16 | final_count=16
2026-03-01 00:43:15,241 | INFO     | api             | TIMING | STREAMING_COMPLETE             | Duration: 12251.85ms | chunks=300 | response_length=1377 | first_chunk_ms=3113.38
2026-03-01 00:43:15,243 | INFO     | api             | TIMING | DB_ADD_AI_WS                   | Duration: 5.61ms | response_length=1377
2026-03-01 00:43:15,243 | INFO     | api             | ====================================================================================================
2026-03-01 00:43:15,243 | INFO     | api             | QUERY_COMPLETE | ID: 8f325409 | Status: SUCCESS
2026-03-01 00:43:15,243 | INFO     | api             | TOTAL_TIME | 12268.78ms
2026-03-01 00:43:15,243 | INFO     | api             | ====================================================================================================
2026-03-01 00:43:15,243 | INFO     | api             | WebSocket client disconnected - request_id=8f325409
2026-03-01 00:44:31,938 | INFO     | api             | ====================================================================================================
2026-03-01 00:44:31,939 | INFO     | api             | QUERY_START | ID: ef127ff8 | Question: IMAGE_ANALYSIS: test_late_blight.png...
2026-03-01 00:44:31,939 | INFO     | api             | ====================================================================================================
2026-03-01 00:44:32,056 | INFO     | image_analyzer  | TIMING | ZERO_SHOT_CLASSIFY             | Duration: 117.15ms | top_disease=Blackleg | top_confidence=48.1
2026-03-01 00:44:32,166 | INFO     | image_analyzer  | TIMING | REF_IMAGE_MATCHING             | Duration: 118.18ms | results=10
2026-03-01 00:44:32,166 | INFO     | image_analyzer  | TIMING | FULL_IMAGE_ANALYSIS            | Duration: 236.28ms | prediction=Late Blight | confidence=50.6 | ref_images_used=10 | mode=hybrid
2026-03-01 00:44:32,166 | INFO     | api             | TIMING | CLIP_IMAGE_ANALYSIS            | Duration: 236.53ms | prediction=Late Blight | confidence=0.5056
2026-03-01 00:44:32,181 | INFO     | generation      | TIMING | MEMORY_CLEAR                   | Cleared stale chain memory for new conversation
2026-03-01 00:44:32,181 | INFO     | retrieval       | TIMING | QUERY_PREPROCESS               | Duration: 0.01ms | enhancements=3 | applied_domains=late blight,early blight,blackleg
2026-03-01 00:44:32,669 | INFO     | retrieval       | TIMING | ENSEMBLE_RETRIEVAL             | Duration: 492.1ms | docs_retrieved=14
2026-03-01 00:44:32,669 | INFO     | retrieval       | TIMING | DOCUMENT_RERANKING             | Duration: 0.54ms | docs_processed=14 | docs_returned=8
2026-03-01 00:44:32,669 | INFO     | retrieval       | TIMING | RETRIEVAL                      | num_docs=8 | retrieval_ms=493.76 | methods=ensemble
2026-03-01 00:44:32,669 | INFO     | generation      | TIMING | SOURCE_DOCS_CAPTURED           | count=8
2026-03-01 00:44:38,254 | INFO     | generation      | TIMING | CHAIN_INVOCATION               | Duration: 5588.22ms | answer_length=1409 | source_docs=8
2026-03-01 00:44:38,266 | INFO     | generation      | TIMING | GENERATION                     | generation_ms=6083.54
2026-03-01 00:44:38,266 | INFO     | api             | TIMING | IMAGE_RAG_CHAIN                | Duration: 6083.89ms
2026-03-01 00:44:38,269 | INFO     | api             | ====================================================================================================
2026-03-01 00:44:38,269 | INFO     | api             | QUERY_COMPLETE | ID: ef127ff8 | Status: SUCCESS
2026-03-01 00:44:38,269 | INFO     | api             | TOTAL_TIME | 6400.5ms
2026-03-01 00:44:38,269 | INFO     | api             | ====================================================================================================
2026-03-01 00:58:53,122 | INFO     | retrieval       | TIMING | BM25_CACHE_LOAD                | Duration: 114.3ms | source=disk
2026-03-01 00:58:53,503 | INFO     | image_analyzer  | Initializing CLIPDiseaseAnalyzer...
2026-03-01 00:58:57,551 | INFO     | image_analyzer  | Encoding disease text prompts...
2026-03-01 00:58:58,370 | INFO     | image_analyzer  | Reference FAISS index loaded: 228 images
2026-03-01 00:58:58,370 | INFO     | image_analyzer  | TIMING | CLIP_ANALYZER_INIT             | Duration: 4873.06ms | device=cpu | disease_categories=20 | ref_index_loaded=True | ref_images_count=228
2026-03-01 01:00:45,532 | INFO     | retrieval       | TIMING | BM25_CACHE_LOAD                | Duration: 118.45ms | source=disk
2026-03-01 01:00:45,945 | INFO     | image_analyzer  | Initializing CLIPDiseaseAnalyzer...
2026-03-01 01:00:49,861 | INFO     | image_analyzer  | Encoding disease text prompts...
2026-03-01 01:00:50,663 | INFO     | image_analyzer  | Reference FAISS index loaded: 228 images
2026-03-01 01:00:50,663 | INFO     | image_analyzer  | TIMING | CLIP_ANALYZER_INIT             | Duration: 4713.9ms | device=cpu | disease_categories=20 | ref_index_loaded=True | ref_images_count=228
2026-03-01 01:01:08,158 | INFO     | retrieval       | TIMING | BM25_CACHE_LOAD                | Duration: 106.49ms | source=disk
2026-03-01 01:01:08,569 | INFO     | image_analyzer  | Initializing CLIPDiseaseAnalyzer...
2026-03-01 01:01:12,394 | INFO     | image_analyzer  | Encoding disease text prompts...
2026-03-01 01:01:13,107 | INFO     | image_analyzer  | Reference FAISS index loaded: 228 images
2026-03-01 01:01:13,107 | INFO     | image_analyzer  | TIMING | CLIP_ANALYZER_INIT             | Duration: 4538.24ms | device=cpu | disease_categories=20 | ref_index_loaded=True | ref_images_count=228
2026-03-01 01:02:00,570 | INFO     | api             | ====================================================================================================
2026-03-01 01:02:00,570 | INFO     | api             | QUERY_START | ID: 5197e4d8 | Question: IMAGE_ANALYSIS: test_late_blight.png...
2026-03-01 01:02:00,571 | INFO     | api             | ====================================================================================================
2026-03-01 01:02:00,724 | INFO     | image_analyzer  | TIMING | ZERO_SHOT_CLASSIFY             | Duration: 156.07ms | top_disease=Blackleg | top_confidence=48.1
2026-03-01 01:02:00,837 | INFO     | image_analyzer  | TIMING | REF_IMAGE_MATCHING             | Duration: 111.35ms | results=10
2026-03-01 01:02:00,837 | INFO     | image_analyzer  | TIMING | FULL_IMAGE_ANALYSIS            | Duration: 268.34ms | prediction=Late Blight | confidence=50.6 | ref_images_used=10 | mode=hybrid
2026-03-01 01:02:00,837 | INFO     | api             | TIMING | CLIP_IMAGE_ANALYSIS            | Duration: 268.87ms | prediction=Late Blight | confidence=0.5056
2026-03-01 01:02:00,872 | INFO     | generation      | TIMING | MEMORY_CLEAR                   | Cleared stale chain memory for new conversation
2026-03-01 01:02:00,879 | INFO     | retrieval       | TIMING | QUERY_PREPROCESS               | Duration: 0.01ms | enhancements=3 | applied_domains=late blight,early blight,blackleg
2026-03-01 01:02:02,224 | INFO     | retrieval       | TIMING | ENSEMBLE_RETRIEVAL             | Duration: 1353.63ms | docs_retrieved=14
2026-03-01 01:02:02,235 | INFO     | retrieval       | TIMING | DOCUMENT_RERANKING             | Duration: 0.62ms | docs_processed=14 | docs_returned=8
2026-03-01 01:02:02,236 | INFO     | retrieval       | TIMING | RETRIEVAL                      | num_docs=8 | retrieval_ms=1355.42 | methods=ensemble
2026-03-01 01:02:02,236 | INFO     | generation      | TIMING | SOURCE_DOCS_CAPTURED           | count=8
2026-03-01 01:02:08,673 | INFO     | generation      | TIMING | CHAIN_INVOCATION               | Duration: 6437.81ms | answer_length=1744 | source_docs=8
2026-03-01 01:02:08,674 | INFO     | generation      | TIMING | GENERATION                     | generation_ms=7802.34
2026-03-01 01:02:08,674 | INFO     | api             | TIMING | IMAGE_RAG_CHAIN                | Duration: 7802.58ms
2026-03-01 01:02:08,680 | INFO     | api             | ====================================================================================================
2026-03-01 01:02:08,680 | INFO     | api             | QUERY_COMPLETE | ID: 5197e4d8 | Status: SUCCESS
2026-03-01 01:02:08,680 | INFO     | api             | TOTAL_TIME | 8194.01ms
2026-03-01 01:02:08,680 | INFO     | api             | ====================================================================================================
2026-03-01 01:02:36,325 | INFO     | api             | ====================================================================================================
2026-03-01 01:02:36,325 | INFO     | api             | QUERY_START | ID: 0c40d058 | Question: which fungicides to use to treat it?...
2026-03-01 01:02:36,325 | INFO     | api             | ====================================================================================================
2026-03-01 01:02:36,330 | INFO     | api             | TIMING | DB_ADD_USER_WS                 | Duration: 3.37ms
2026-03-01 01:02:36,346 | INFO     | api             | TIMING | HISTORY_RETRIEVAL_WS           | Duration: 16.84ms | history_items=1
2026-03-01 01:02:36,352 | INFO     | generation      | TIMING | MEMORY_SYNC_STREAM             | Duration: 0.14ms | history_items=1
2026-03-01 01:02:36,353 | INFO     | generation      | TIMING | CONDENSE_QUESTION_LLM             | Started (rephrasing follow-up as standalone question)
2026-03-01 01:02:36,688 | INFO     | retrieval       | TIMING | ENSEMBLE_RETRIEVAL             | Duration: 345.72ms | docs_retrieved=13
2026-03-01 01:02:36,688 | INFO     | retrieval       | TIMING | DOCUMENT_RERANKING             | Duration: 0.4ms | docs_processed=13 | docs_returned=8
2026-03-01 01:02:36,688 | INFO     | retrieval       | TIMING | RETRIEVAL                      | num_docs=8 | retrieval_ms=346.86 | methods=ensemble
2026-03-01 01:02:38,435 | INFO     | generation      | TIMING | CONDENSE_QUESTION_LLM          | Duration: 2091.79ms
2026-03-01 01:02:38,435 | INFO     | generation      | TIMING | PARALLEL_CONDENSE_RETRIEVE     | Duration: 2092.93ms | original_docs=8
2026-03-01 01:02:38,435 | INFO     | retrieval       | TIMING | QUERY_PREPROCESS               | Duration: 0.0ms | enhancements=1 | applied_domains=late blight
2026-03-01 01:02:39,469 | INFO     | retrieval       | TIMING | ENSEMBLE_RETRIEVAL             | Duration: 1022.32ms | docs_retrieved=14
2026-03-01 01:02:39,469 | INFO     | retrieval       | TIMING | DOCUMENT_RERANKING             | Duration: 0.36ms | docs_processed=14 | docs_returned=8
2026-03-01 01:02:39,471 | INFO     | retrieval       | TIMING | RETRIEVAL                      | num_docs=8 | retrieval_ms=1024.05 | methods=ensemble
2026-03-01 01:02:39,471 | INFO     | generation      | TIMING | CONDENSED_RETRIEVAL_MERGE      | Duration: 1024.46ms | extra_docs=8 | total_docs=16
2026-03-01 01:02:39,471 | INFO     | generation      | TIMING | SOURCE_DOCS_CAPTURED           | count=16
2026-03-01 01:02:45,275 | INFO     | generation      | TIMING | STREAMING_CHUNKS               | Duration: 5806.17ms | chunk_count=343 | answer_length=1641
2026-03-01 01:02:45,275 | INFO     | generation      | TIMING | GENERATION                     | generation_ms=8925.72 | chunks=343 | tokens=230
2026-03-01 01:02:45,275 | INFO     | generation      | TIMING | SOURCE_DOCS_FINAL              | captured_count=16 | result_count=16 | final_count=16
2026-03-01 01:02:45,275 | INFO     | api             | TIMING | STREAMING_COMPLETE             | Duration: 8930.91ms | chunks=343 | response_length=1641 | first_chunk_ms=4172.66
2026-03-01 01:02:45,275 | INFO     | api             | TIMING | DB_ADD_AI_WS                   | Duration: 5.0ms | response_length=1641
2026-03-01 01:02:45,275 | INFO     | api             | ====================================================================================================
2026-03-01 01:02:45,275 | INFO     | api             | QUERY_COMPLETE | ID: 0c40d058 | Status: SUCCESS
2026-03-01 01:02:45,275 | INFO     | api             | TOTAL_TIME | 8961.52ms
2026-03-01 01:02:45,275 | INFO     | api             | ====================================================================================================
2026-03-01 01:02:45,275 | INFO     | api             | WebSocket client disconnected - request_id=0c40d058
2026-03-01 01:04:35,078 | INFO     | api             | ====================================================================================================
2026-03-01 01:04:35,079 | INFO     | api             | QUERY_START | ID: f5ec467d | Question: IMAGE_ANALYSIS: 0b3e5032-8ae8-49ac-8157-a1cac3df01dd___RS_HL 1817.JPG...
2026-03-01 01:04:35,079 | INFO     | api             | ====================================================================================================
2026-03-01 01:04:35,155 | INFO     | image_analyzer  | TIMING | ZERO_SHOT_CLASSIFY             | Duration: 75.13ms | top_disease=Virus Disease (PVY/PLRV) | top_confidence=32.7
2026-03-01 01:04:35,225 | INFO     | image_analyzer  | TIMING | REF_IMAGE_MATCHING             | Duration: 69.64ms | results=10
2026-03-01 01:04:35,225 | INFO     | image_analyzer  | TIMING | FULL_IMAGE_ANALYSIS            | Duration: 145.79ms | prediction=Late Blight | confidence=71.3 | ref_images_used=10 | mode=hybrid
2026-03-01 01:04:35,226 | INFO     | api             | TIMING | CLIP_IMAGE_ANALYSIS            | Duration: 146.07ms | prediction=Late Blight | confidence=0.713
2026-03-01 01:04:35,248 | INFO     | generation      | TIMING | MEMORY_SYNC                    | Duration: 0.08ms | history_items=2
2026-03-01 01:04:35,249 | INFO     | generation      | TIMING | CONDENSE_QUESTION_LLM             | Started (rephrasing follow-up as standalone question)
2026-03-01 01:04:35,251 | INFO     | retrieval       | TIMING | QUERY_PREPROCESS               | Duration: 0.01ms | enhancements=1 | applied_domains=late blight
2026-03-01 01:04:35,648 | INFO     | retrieval       | TIMING | ENSEMBLE_RETRIEVAL             | Duration: 396.72ms | docs_retrieved=13
2026-03-01 01:04:35,649 | INFO     | retrieval       | TIMING | DOCUMENT_RERANKING             | Duration: 0.75ms | docs_processed=13 | docs_returned=8
2026-03-01 01:04:35,651 | INFO     | retrieval       | TIMING | RETRIEVAL                      | num_docs=8 | retrieval_ms=400.24 | methods=ensemble
2026-03-01 01:04:36,733 | INFO     | generation      | TIMING | CONDENSE_QUESTION_LLM          | Duration: 1491.72ms
2026-03-01 01:04:36,733 | INFO     | generation      | TIMING | PARALLEL_CONDENSE_RETRIEVE     | Duration: 1493.86ms | original_docs=8
2026-03-01 01:04:36,733 | INFO     | retrieval       | TIMING | QUERY_PREPROCESS               | Duration: 0.01ms | enhancements=1 | applied_domains=late blight
2026-03-01 01:04:37,015 | INFO     | retrieval       | TIMING | ENSEMBLE_RETRIEVAL             | Duration: 279.51ms | docs_retrieved=14
2026-03-01 01:04:37,015 | INFO     | retrieval       | TIMING | DOCUMENT_RERANKING             | Duration: 0.48ms | docs_processed=14 | docs_returned=8
2026-03-01 01:04:37,015 | INFO     | retrieval       | TIMING | RETRIEVAL                      | num_docs=8 | retrieval_ms=281.33 | methods=ensemble
2026-03-01 01:04:37,015 | INFO     | generation      | TIMING | CONDENSED_RETRIEVAL_MERGE      | Duration: 281.78ms | extra_docs=5 | total_docs=13
2026-03-01 01:04:37,015 | INFO     | generation      | TIMING | SOURCE_DOCS_CAPTURED           | count=13
2026-03-01 01:04:43,798 | INFO     | generation      | TIMING | CHAIN_INVOCATION               | Duration: 6776.79ms | answer_length=1849 | source_docs=13
2026-03-01 01:04:43,798 | INFO     | generation      | TIMING | GENERATION                     | generation_ms=8554.88
2026-03-01 01:04:43,798 | INFO     | api             | TIMING | IMAGE_RAG_CHAIN                | Duration: 8555.11ms
2026-03-01 01:04:43,798 | INFO     | api             | ====================================================================================================
2026-03-01 01:04:43,798 | INFO     | api             | QUERY_COMPLETE | ID: f5ec467d | Status: SUCCESS
2026-03-01 01:04:43,798 | INFO     | api             | TOTAL_TIME | 8730.3ms
2026-03-01 01:04:43,798 | INFO     | api             | ====================================================================================================
2026-03-01 01:09:08,762 | INFO     | retrieval       | TIMING | BM25_CACHE_LOAD                | Duration: 105.3ms | source=disk
2026-03-01 01:09:09,115 | INFO     | image_analyzer  | Initializing CLIPDiseaseAnalyzer...
2026-03-01 01:09:12,887 | INFO     | image_analyzer  | Encoding disease text prompts...
2026-03-01 01:09:13,573 | INFO     | image_analyzer  | Reference FAISS index loaded: 283 images
2026-03-01 01:09:13,573 | INFO     | image_analyzer  | TIMING | CLIP_ANALYZER_INIT             | Duration: 4459.35ms | device=cpu | disease_categories=20 | ref_index_loaded=True | ref_images_count=283
2026-03-01 01:09:47,079 | INFO     | api             | ====================================================================================================
2026-03-01 01:09:47,079 | INFO     | api             | QUERY_START | ID: 975a3fc3 | Question: IMAGE_ANALYSIS: ff700844-68ad-4e99-8427-58a39c07f817___RS_HL 1860.JPG...
2026-03-01 01:09:47,079 | INFO     | api             | ====================================================================================================
2026-03-01 01:09:47,200 | INFO     | image_analyzer  | TIMING | ZERO_SHOT_CLASSIFY             | Duration: 111.5ms | top_disease=Virus Disease (PVY/PLRV) | top_confidence=50.1
2026-03-01 01:09:47,270 | INFO     | image_analyzer  | TIMING | REF_IMAGE_MATCHING             | Duration: 69.82ms | results=10
2026-03-01 01:09:47,271 | INFO     | image_analyzer  | TIMING | FULL_IMAGE_ANALYSIS            | Duration: 182.16ms | prediction=Healthy | confidence=71.2 | ref_images_used=10 | mode=hybrid
2026-03-01 01:09:47,271 | INFO     | api             | TIMING | CLIP_IMAGE_ANALYSIS            | Duration: 182.43ms | prediction=Healthy | confidence=0.7124
2026-03-01 01:09:47,278 | INFO     | generation      | TIMING | MEMORY_CLEAR                   | Cleared stale chain memory for new conversation
2026-03-01 01:09:47,848 | INFO     | retrieval       | TIMING | ENSEMBLE_RETRIEVAL             | Duration: 566.46ms | docs_retrieved=10
2026-03-01 01:09:47,848 | INFO     | retrieval       | TIMING | DOCUMENT_RERANKING             | Duration: 0.27ms | docs_processed=10 | docs_returned=8
2026-03-01 01:09:47,848 | INFO     | retrieval       | TIMING | RETRIEVAL                      | num_docs=8 | retrieval_ms=567.47 | methods=ensemble
2026-03-01 01:09:47,848 | INFO     | generation      | TIMING | SOURCE_DOCS_CAPTURED           | count=8
2026-03-01 01:09:53,716 | INFO     | generation      | TIMING | CHAIN_INVOCATION               | Duration: 5868.62ms | answer_length=1789 | source_docs=8
2026-03-01 01:09:53,716 | INFO     | generation      | TIMING | GENERATION                     | generation_ms=6446.14
2026-03-01 01:09:53,716 | INFO     | api             | TIMING | IMAGE_RAG_CHAIN                | Duration: 6446.55ms
2026-03-01 01:09:53,730 | INFO     | api             | ====================================================================================================
2026-03-01 01:09:53,730 | INFO     | api             | QUERY_COMPLETE | ID: 975a3fc3 | Status: SUCCESS
2026-03-01 01:09:53,730 | INFO     | api             | TOTAL_TIME | 6654.38ms
2026-03-01 01:09:53,731 | INFO     | api             | ====================================================================================================
2026-03-01 01:10:41,161 | INFO     | api             | ====================================================================================================
2026-03-01 01:10:41,161 | INFO     | api             | QUERY_START | ID: a8204bdd | Question: How fungal affect potato production?...
2026-03-01 01:10:41,161 | INFO     | api             | ====================================================================================================
2026-03-01 01:10:41,168 | INFO     | api             | TIMING | DB_ADD_USER_WS                 | Duration: 3.44ms
2026-03-01 01:10:41,168 | INFO     | api             | TIMING | HISTORY_RETRIEVAL_WS           | Duration: 1.63ms | history_items=1
2026-03-01 01:10:41,168 | INFO     | generation      | TIMING | MEMORY_SYNC_STREAM             | Duration: 0.07ms | history_items=1
2026-03-01 01:10:41,168 | INFO     | generation      | TIMING | CONDENSE_QUESTION_LLM             | Started (rephrasing follow-up as standalone question)
2026-03-01 01:10:41,559 | INFO     | retrieval       | TIMING | ENSEMBLE_RETRIEVAL             | Duration: 396.73ms | docs_retrieved=14
2026-03-01 01:10:41,559 | INFO     | retrieval       | TIMING | DOCUMENT_RERANKING             | Duration: 0.33ms | docs_processed=14 | docs_returned=8
2026-03-01 01:10:41,559 | INFO     | retrieval       | TIMING | RETRIEVAL                      | num_docs=8 | retrieval_ms=397.76 | methods=ensemble
2026-03-01 01:10:42,146 | INFO     | generation      | TIMING | CONDENSE_QUESTION_LLM          | Duration: 972.86ms
2026-03-01 01:10:42,146 | INFO     | generation      | TIMING | PARALLEL_CONDENSE_RETRIEVE     | Duration: 973.8ms | original_docs=8
2026-03-01 01:10:42,361 | INFO     | retrieval       | TIMING | ENSEMBLE_RETRIEVAL             | Duration: 221.72ms | docs_retrieved=13
2026-03-01 01:10:42,361 | INFO     | retrieval       | TIMING | DOCUMENT_RERANKING             | Duration: 0.38ms | docs_processed=13 | docs_returned=8
2026-03-01 01:10:42,361 | INFO     | retrieval       | TIMING | RETRIEVAL                      | num_docs=8 | retrieval_ms=222.8 | methods=ensemble
2026-03-01 01:10:42,361 | INFO     | generation      | TIMING | CONDENSED_RETRIEVAL_MERGE      | Duration: 223.16ms | extra_docs=7 | total_docs=15
2026-03-01 01:10:42,361 | INFO     | generation      | TIMING | SOURCE_DOCS_CAPTURED           | count=15
2026-03-01 01:10:48,429 | INFO     | generation      | TIMING | STREAMING_CHUNKS               | Duration: 6067.89ms | chunk_count=290 | answer_length=1394
2026-03-01 01:10:48,429 | INFO     | generation      | TIMING | GENERATION                     | generation_ms=7266.46 | chunks=290 | tokens=197
2026-03-01 01:10:48,429 | INFO     | generation      | TIMING | SOURCE_DOCS_FINAL              | captured_count=15 | result_count=15 | final_count=15
2026-03-01 01:10:48,429 | INFO     | api             | TIMING | STREAMING_COMPLETE             | Duration: 7267.71ms | chunks=290 | response_length=1394 | first_chunk_ms=1940.41
2026-03-01 01:10:48,446 | INFO     | api             | TIMING | DB_ADD_AI_WS                   | Duration: 5.09ms | response_length=1394
2026-03-01 01:10:48,447 | INFO     | api             | ====================================================================================================
2026-03-01 01:10:48,447 | INFO     | api             | QUERY_COMPLETE | ID: a8204bdd | Status: SUCCESS
2026-03-01 01:10:48,447 | INFO     | api             | TOTAL_TIME | 7282.21ms
2026-03-01 01:10:48,447 | INFO     | api             | ====================================================================================================
2026-03-01 01:10:48,448 | INFO     | api             | WebSocket client disconnected - request_id=a8204bdd
2026-03-01 01:42:12,660 | INFO     | retrieval       | TIMING | BM25_CACHE_LOAD                | Duration: 119.79ms | source=disk
2026-03-01 01:42:13,708 | INFO     | image_analyzer  | Initializing CLIPDiseaseAnalyzer...
2026-03-01 01:42:17,700 | INFO     | image_analyzer  | Encoding disease text prompts...
2026-03-01 01:42:18,349 | INFO     | image_analyzer  | Reference FAISS index loaded: 283 images
2026-03-01 01:42:18,349 | INFO     | image_analyzer  | TIMING | CLIP_ANALYZER_INIT             | Duration: 4635.41ms | device=cpu | disease_categories=20 | ref_index_loaded=True | ref_images_count=283
2026-03-01 01:42:45,219 | INFO     | api             | ====================================================================================================
2026-03-01 01:42:45,219 | INFO     | api             | QUERY_START | ID: 9e43b969 | Question: IMAGE_ANALYSIS: test_late_blight.png...
2026-03-01 01:42:45,219 | INFO     | api             | ====================================================================================================
2026-03-01 01:42:45,378 | INFO     | image_analyzer  | TIMING | ZERO_SHOT_CLASSIFY             | Duration: 158.31ms | top_disease=Blackleg | top_confidence=48.1
2026-03-01 01:42:45,473 | INFO     | image_analyzer  | TIMING | REF_IMAGE_MATCHING             | Duration: 103.76ms | results=10
2026-03-01 01:42:45,473 | INFO     | image_analyzer  | TIMING | FULL_IMAGE_ANALYSIS            | Duration: 262.86ms | prediction=Late Blight | confidence=50.6 | ref_images_used=10 | mode=hybrid
2026-03-01 01:42:45,473 | INFO     | api             | TIMING | CLIP_IMAGE_ANALYSIS            | Duration: 263.18ms | prediction=Late Blight | confidence=0.5056
2026-03-01 01:42:45,505 | INFO     | generation      | TIMING | MEMORY_CLEAR                   | Cleared stale chain memory for new conversation
2026-03-01 01:42:45,505 | INFO     | retrieval       | TIMING | QUERY_PREPROCESS               | Duration: 0.01ms | enhancements=3 | applied_domains=late blight,early blight,blackleg
2026-03-01 01:42:47,124 | INFO     | retrieval       | TIMING | ENSEMBLE_RETRIEVAL             | Duration: 1605.01ms | docs_retrieved=14
2026-03-01 01:42:47,126 | INFO     | retrieval       | TIMING | DOCUMENT_RERANKING             | Duration: 0.82ms | docs_processed=14 | docs_returned=8
2026-03-01 01:42:47,126 | INFO     | retrieval       | TIMING | RETRIEVAL                      | num_docs=8 | retrieval_ms=1607.15 | methods=ensemble
2026-03-01 01:42:47,127 | INFO     | generation      | TIMING | SOURCE_DOCS_CAPTURED           | count=8
2026-03-01 01:42:49,375 | INFO     | generation      | TIMING | CHAIN_INVOCATION               | Duration: 2248.67ms | answer_length=2040 | source_docs=8
2026-03-01 01:42:49,375 | INFO     | generation      | TIMING | GENERATION                     | generation_ms=3864.63
2026-03-01 01:42:49,376 | INFO     | api             | TIMING | IMAGE_RAG_CHAIN                | Duration: 3864.86ms
2026-03-01 01:42:49,376 | INFO     | api             | ====================================================================================================
2026-03-01 01:42:49,376 | INFO     | api             | QUERY_COMPLETE | ID: 9e43b969 | Status: SUCCESS
2026-03-01 01:42:49,376 | INFO     | api             | TOTAL_TIME | 4238.01ms
2026-03-01 01:42:49,376 | INFO     | api             | ====================================================================================================
2026-03-01 01:43:15,354 | INFO     | api             | ====================================================================================================
2026-03-01 01:43:15,354 | INFO     | api             | QUERY_START | ID: 1b97cdeb | Question: which fungicide to use to treat it?...
2026-03-01 01:43:15,354 | INFO     | api             | ====================================================================================================
2026-03-01 01:43:15,359 | INFO     | api             | TIMING | DB_ADD_USER_WS                 | Duration: 3.96ms
2026-03-01 01:43:15,373 | INFO     | api             | TIMING | HISTORY_RETRIEVAL_WS           | Duration: 14.39ms | history_items=1
2026-03-01 01:43:15,373 | INFO     | generation      | TIMING | MEMORY_SYNC_STREAM             | Duration: 0.08ms | history_items=1
2026-03-01 01:43:15,373 | INFO     | generation      | TIMING | CONDENSE_QUESTION_LLM              | Started (rephrasing follow-up as standalone question)
2026-03-01 01:43:15,656 | INFO     | generation      | TIMING | CONDENSE_QUESTION_LLM          | Duration: 280.08ms
2026-03-01 01:43:15,748 | INFO     | retrieval       | TIMING | ENSEMBLE_RETRIEVAL             | Duration: 371.48ms | docs_retrieved=15
2026-03-01 01:43:15,749 | INFO     | retrieval       | TIMING | DOCUMENT_RERANKING             | Duration: 0.43ms | docs_processed=15 | docs_returned=8
2026-03-01 01:43:15,749 | INFO     | retrieval       | TIMING | RETRIEVAL                      | num_docs=8 | retrieval_ms=372.66 | methods=ensemble
2026-03-01 01:43:15,749 | INFO     | generation      | TIMING | PARALLEL_CONDENSE_RETRIEVE     | Duration: 374.04ms | original_docs=8
2026-03-01 01:43:15,749 | INFO     | retrieval       | TIMING | QUERY_PREPROCESS               | Duration: 0.0ms | enhancements=1 | applied_domains=late blight
2026-03-01 01:43:16,880 | INFO     | retrieval       | TIMING | ENSEMBLE_RETRIEVAL             | Duration: 1129.67ms | docs_retrieved=13
2026-03-01 01:43:16,880 | INFO     | retrieval       | TIMING | DOCUMENT_RERANKING             | Duration: 0.32ms | docs_processed=13 | docs_returned=8
2026-03-01 01:43:16,881 | INFO     | retrieval       | TIMING | RETRIEVAL                      | num_docs=8 | retrieval_ms=1131.04 | methods=ensemble
2026-03-01 01:43:16,881 | INFO     | generation      | TIMING | CONDENSED_RETRIEVAL_MERGE      | Duration: 1131.4ms | extra_docs=8 | total_docs=16
2026-03-01 01:43:16,882 | INFO     | generation      | TIMING | SOURCE_DOCS_CAPTURED           | count=16
2026-03-01 01:43:18,591 | INFO     | generation      | TIMING | STREAMING_CHUNKS               | Duration: 1711.62ms | chunk_count=357 | answer_length=1561
2026-03-01 01:43:18,591 | INFO     | generation      | TIMING | GENERATION                     | generation_ms=3218.95 | chunks=357 | tokens=227
2026-03-01 01:43:18,591 | INFO     | generation      | TIMING | SOURCE_DOCS_FINAL              | captured_count=16 | result_count=16 | final_count=16
2026-03-01 01:43:18,591 | INFO     | api             | TIMING | STREAMING_COMPLETE             | Duration: 3220.31ms | chunks=357 | response_length=1561 | first_chunk_ms=1696.0
2026-03-01 01:43:18,591 | INFO     | api             | TIMING | DB_ADD_AI_WS                   | Duration: 5.09ms | response_length=1561
2026-03-01 01:43:18,591 | INFO     | api             | ====================================================================================================
2026-03-01 01:43:18,591 | INFO     | api             | QUERY_COMPLETE | ID: 1b97cdeb | Status: SUCCESS
2026-03-01 01:43:18,591 | INFO     | api             | TOTAL_TIME | 3248.7ms
2026-03-01 01:43:18,591 | INFO     | api             | ====================================================================================================
2026-03-01 01:43:18,591 | INFO     | api             | WebSocket client disconnected - request_id=1b97cdeb
2026-03-01 01:44:16,211 | INFO     | api             | ====================================================================================================
2026-03-01 01:44:16,211 | INFO     | api             | QUERY_START | ID: dd0ebd5d | Question: What is Late blight in potato?...
2026-03-01 01:44:16,211 | INFO     | api             | ====================================================================================================
2026-03-01 01:44:16,216 | INFO     | api             | TIMING | DB_ADD_USER_WS                 | Duration: 4.06ms
2026-03-01 01:44:16,218 | INFO     | api             | TIMING | HISTORY_RETRIEVAL_WS           | Duration: 1.63ms | history_items=0
2026-03-01 01:44:16,218 | INFO     | generation      | TIMING | MEMORY_CLEAR                   | Cleared stale chain memory for new conversation
2026-03-01 01:44:16,219 | INFO     | retrieval       | TIMING | QUERY_PREPROCESS               | Duration: 0.41ms | enhancements=1 | applied_domains=late blight
2026-03-01 01:44:16,649 | INFO     | retrieval       | TIMING | ENSEMBLE_RETRIEVAL             | Duration: 429.73ms | docs_retrieved=12
2026-03-01 01:44:16,650 | INFO     | retrieval       | TIMING | DOCUMENT_RERANKING             | Duration: 0.44ms | docs_processed=12 | docs_returned=8
2026-03-01 01:44:16,650 | INFO     | retrieval       | TIMING | RETRIEVAL                      | num_docs=8 | retrieval_ms=431.53 | methods=ensemble
2026-03-01 01:44:16,650 | INFO     | generation      | TIMING | SOURCE_DOCS_CAPTURED           | count=8
2026-03-01 01:44:18,270 | INFO     | generation      | TIMING | STREAMING_CHUNKS               | Duration: 1632.91ms | chunk_count=514 | answer_length=1030
2026-03-01 01:44:18,284 | INFO     | generation      | TIMING | GENERATION                     | generation_ms=2066.11 | chunks=514 | tokens=206
2026-03-01 01:44:18,284 | INFO     | generation      | TIMING | SOURCE_DOCS_FINAL              | captured_count=8 | result_count=8 | final_count=8
2026-03-01 01:44:18,284 | INFO     | api             | TIMING | STREAMING_COMPLETE             | Duration: 2067.34ms | chunks=514 | response_length=1030 | first_chunk_ms=590.52
2026-03-01 01:44:18,288 | INFO     | api             | TIMING | DB_ADD_AI_WS                   | Duration: 5.18ms | response_length=1030
2026-03-01 01:44:18,288 | INFO     | api             | ====================================================================================================
2026-03-01 01:44:18,288 | INFO     | api             | QUERY_COMPLETE | ID: dd0ebd5d | Status: SUCCESS
2026-03-01 01:44:18,288 | INFO     | api             | TOTAL_TIME | 2082.29ms
2026-03-01 01:44:18,288 | INFO     | api             | ====================================================================================================
2026-03-01 01:44:18,288 | INFO     | api             | WebSocket client disconnected - request_id=dd0ebd5d
2026-03-01 01:44:43,597 | INFO     | api             | ====================================================================================================
2026-03-01 01:44:43,598 | INFO     | api             | QUERY_START | ID: 9a5ec044 | Question: which fungicides to use to treat it?...
2026-03-01 01:44:43,598 | INFO     | api             | ====================================================================================================
2026-03-01 01:44:43,602 | INFO     | api             | TIMING | DB_ADD_USER_WS                 | Duration: 4.43ms
2026-03-01 01:44:43,605 | INFO     | api             | TIMING | HISTORY_RETRIEVAL_WS           | Duration: 2.01ms | history_items=1
2026-03-01 01:44:43,606 | INFO     | generation      | TIMING | MEMORY_SYNC_STREAM             | Duration: 0.09ms | history_items=1
2026-03-01 01:44:43,607 | INFO     | generation      | TIMING | CONDENSE_QUESTION_LLM              | Started (rephrasing follow-up as standalone question)
2026-03-01 01:44:43,935 | INFO     | generation      | TIMING | CONDENSE_QUESTION_LLM          | Duration: 338.5ms
2026-03-01 01:44:44,248 | INFO     | retrieval       | TIMING | ENSEMBLE_RETRIEVAL             | Duration: 649.04ms | docs_retrieved=14
2026-03-01 01:44:44,248 | INFO     | retrieval       | TIMING | DOCUMENT_RERANKING             | Duration: 0.46ms | docs_processed=14 | docs_returned=8
2026-03-01 01:44:44,248 | INFO     | retrieval       | TIMING | RETRIEVAL                      | num_docs=8 | retrieval_ms=650.25 | methods=ensemble
2026-03-01 01:44:44,248 | INFO     | generation      | TIMING | PARALLEL_CONDENSE_RETRIEVE     | Duration: 651.77ms | original_docs=8
2026-03-01 01:44:44,553 | INFO     | retrieval       | TIMING | ENSEMBLE_RETRIEVAL             | Duration: 294.1ms | docs_retrieved=15
2026-03-01 01:44:44,553 | INFO     | retrieval       | TIMING | DOCUMENT_RERANKING             | Duration: 1.89ms | docs_processed=15 | docs_returned=8
2026-03-01 01:44:44,553 | INFO     | retrieval       | TIMING | RETRIEVAL                      | num_docs=8 | retrieval_ms=296.73 | methods=ensemble
2026-03-01 01:44:44,553 | INFO     | generation      | TIMING | CONDENSED_RETRIEVAL_MERGE      | Duration: 297.17ms | extra_docs=6 | total_docs=14
2026-03-01 01:44:44,553 | INFO     | generation      | TIMING | SOURCE_DOCS_CAPTURED           | count=14
2026-03-01 01:44:46,083 | INFO     | generation      | TIMING | STREAMING_CHUNKS               | Duration: 1527.8ms | chunk_count=474 | answer_length=911
2026-03-01 01:44:46,085 | INFO     | generation      | TIMING | GENERATION                     | generation_ms=2478.53 | chunks=474 | tokens=151
2026-03-01 01:44:46,085 | INFO     | generation      | TIMING | SOURCE_DOCS_FINAL              | captured_count=14 | result_count=14 | final_count=14
2026-03-01 01:44:46,085 | INFO     | api             | TIMING | STREAMING_COMPLETE             | Duration: 2479.8ms | chunks=474 | response_length=911 | first_chunk_ms=1114.32
2026-03-01 01:44:46,091 | INFO     | api             | TIMING | DB_ADD_AI_WS                   | Duration: 4.83ms | response_length=911
2026-03-01 01:44:46,091 | INFO     | api             | ====================================================================================================
2026-03-01 01:44:46,091 | INFO     | api             | QUERY_COMPLETE | ID: 9a5ec044 | Status: SUCCESS
2026-03-01 01:44:46,091 | INFO     | api             | TOTAL_TIME | 2495.3ms
2026-03-01 01:44:46,091 | INFO     | api             | ====================================================================================================
2026-03-01 01:44:46,093 | INFO     | api             | WebSocket client disconnected - request_id=9a5ec044
2026-03-09 18:49:37,652 | INFO     | retrieval       | TIMING | BM25_CACHE_LOAD                | Duration: 581.23ms | source=disk
2026-03-09 18:49:42,482 | INFO     | image_analyzer  | Initializing CLIPDiseaseAnalyzer...
2026-03-09 18:49:49,280 | INFO     | image_analyzer  | Encoding disease text prompts...
2026-03-09 18:49:50,935 | INFO     | image_analyzer  | Reference FAISS index loaded: 283 images
2026-03-09 18:49:50,936 | INFO     | image_analyzer  | TIMING | CLIP_ANALYZER_INIT             | Duration: 8453.94ms | device=cpu | disease_categories=20 | ref_index_loaded=True | ref_images_count=283
2026-03-09 18:54:49,660 | INFO     | api             | ====================================================================================================
2026-03-09 18:54:49,660 | INFO     | api             | QUERY_START | ID: 97836d75 | Question: IMAGE_ANALYSIS: Late_blight_test.jpg...
2026-03-09 18:54:49,660 | INFO     | api             | ====================================================================================================
2026-03-09 18:54:50,153 | INFO     | image_analyzer  | TIMING | ZERO_SHOT_CLASSIFY             | Duration: 490.27ms | top_disease=Calcium Deficiency | top_confidence=19.8
2026-03-09 18:54:50,427 | INFO     | image_analyzer  | TIMING | REF_IMAGE_MATCHING             | Duration: 274.01ms | results=10
2026-03-09 18:54:50,429 | INFO     | image_analyzer  | TIMING | FULL_IMAGE_ANALYSIS            | Duration: 766.14ms | prediction=Late Blight | confidence=37.0 | ref_images_used=10 | mode=hybrid
2026-03-09 18:54:50,429 | INFO     | api             | TIMING | CLIP_IMAGE_ANALYSIS            | Duration: 766.89ms | prediction=Late Blight | confidence=0.3703
2026-03-09 18:54:50,462 | INFO     | generation      | TIMING | MEMORY_CLEAR                   | Cleared stale chain memory for new conversation
2026-03-09 18:54:50,491 | INFO     | retrieval       | TIMING | QUERY_PREPROCESS               | Duration: 0.03ms | enhancements=1 | applied_domains=late blight
2026-03-09 18:55:02,651 | INFO     | retrieval       | TIMING | ENSEMBLE_RETRIEVAL             | Duration: 12161.79ms | docs_retrieved=14
2026-03-09 18:55:02,659 | INFO     | retrieval       | TIMING | DOCUMENT_RERANKING             | Duration: 3.98ms | docs_processed=14 | docs_returned=8
2026-03-09 18:55:02,659 | INFO     | retrieval       | TIMING | RETRIEVAL                      | num_docs=8 | retrieval_ms=12168.39 | methods=ensemble
2026-03-09 18:55:02,659 | INFO     | generation      | TIMING | SOURCE_DOCS_CAPTURED           | count=8
2026-03-09 18:55:04,046 | INFO     | generation      | TIMING | CHAIN_INVOCATION               | Duration: 1384.49ms | answer_length=2047 | source_docs=8
2026-03-09 18:55:04,047 | INFO     | generation      | TIMING | GENERATION                     | generation_ms=13585.02
2026-03-09 18:55:04,047 | INFO     | api             | TIMING | IMAGE_RAG_CHAIN                | Duration: 13585.61ms
2026-03-09 18:55:04,054 | INFO     | api             | ====================================================================================================
2026-03-09 18:55:04,054 | INFO     | api             | QUERY_COMPLETE | ID: 97836d75 | Status: SUCCESS
2026-03-09 18:55:04,054 | INFO     | api             | TOTAL_TIME | 14466.1ms
2026-03-09 18:55:04,054 | INFO     | api             | ====================================================================================================
2026-03-09 18:56:00,752 | INFO     | api             | ====================================================================================================
2026-03-09 18:56:00,752 | INFO     | api             | QUERY_START | ID: ff5c89bc | Question: which fungicides to use to manage it?...
2026-03-09 18:56:00,752 | INFO     | api             | ====================================================================================================
2026-03-09 18:56:00,763 | INFO     | api             | TIMING | DB_ADD_USER_WS                 | Duration: 6.26ms
2026-03-09 18:56:00,768 | INFO     | api             | TIMING | HISTORY_RETRIEVAL_WS           | Duration: 7.31ms | history_items=1
2026-03-09 18:56:00,768 | INFO     | generation      | TIMING | MEMORY_SYNC_STREAM             | Duration: 0.15ms | history_items=1
2026-03-09 18:56:00,768 | INFO     | generation      | TIMING | CONDENSE_QUESTION_LLM              | Started (rephrasing follow-up as standalone question)
2026-03-09 18:56:01,059 | INFO     | generation      | TIMING | CONDENSE_QUESTION_LLM          | Duration: 286.95ms
2026-03-09 18:56:01,609 | INFO     | retrieval       | TIMING | ENSEMBLE_RETRIEVAL             | Duration: 832.6ms | docs_retrieved=15
2026-03-09 18:56:01,609 | INFO     | retrieval       | TIMING | DOCUMENT_RERANKING             | Duration: 1.34ms | docs_processed=15 | docs_returned=8
2026-03-09 18:56:01,611 | INFO     | retrieval       | TIMING | RETRIEVAL                      | num_docs=8 | retrieval_ms=835.2 | methods=ensemble
2026-03-09 18:56:01,611 | INFO     | generation      | TIMING | PARALLEL_CONDENSE_RETRIEVE     | Duration: 837.95ms | original_docs=8
2026-03-09 18:56:01,611 | INFO     | retrieval       | TIMING | QUERY_PREPROCESS               | Duration: 0.01ms | enhancements=1 | applied_domains=late blight
2026-03-09 18:56:02,352 | INFO     | retrieval       | TIMING | ENSEMBLE_RETRIEVAL             | Duration: 739.43ms | docs_retrieved=13
2026-03-09 18:56:02,352 | INFO     | retrieval       | TIMING | DOCUMENT_RERANKING             | Duration: 0.97ms | docs_processed=13 | docs_returned=8
2026-03-09 18:56:02,355 | INFO     | retrieval       | TIMING | RETRIEVAL                      | num_docs=8 | retrieval_ms=742.5 | methods=ensemble
2026-03-09 18:56:02,355 | INFO     | generation      | TIMING | CONDENSED_RETRIEVAL_MERGE      | Duration: 743.32ms | extra_docs=8 | total_docs=16
2026-03-09 18:56:02,355 | INFO     | generation      | TIMING | SOURCE_DOCS_CAPTURED           | count=16
2026-03-09 18:56:03,873 | INFO     | generation      | TIMING | STREAMING_CHUNKS               | Duration: 1522.22ms | chunk_count=330 | answer_length=1435
2026-03-09 18:56:03,873 | INFO     | generation      | TIMING | GENERATION                     | generation_ms=3107.45 | chunks=330 | tokens=205
2026-03-09 18:56:03,881 | INFO     | generation      | TIMING | SOURCE_DOCS_FINAL              | captured_count=16 | result_count=16 | final_count=16
2026-03-09 18:56:03,882 | INFO     | api             | TIMING | STREAMING_COMPLETE             | Duration: 3110.27ms | chunks=330 | response_length=1435 | first_chunk_ms=1792.79
2026-03-09 18:56:03,891 | INFO     | api             | TIMING | DB_ADD_AI_WS                   | Duration: 7.18ms | response_length=1435
2026-03-09 18:56:03,891 | INFO     | api             | ====================================================================================================
2026-03-09 18:56:03,891 | INFO     | api             | QUERY_COMPLETE | ID: ff5c89bc | Status: SUCCESS
2026-03-09 18:56:03,891 | INFO     | api             | TOTAL_TIME | 3141.74ms
2026-03-09 18:56:03,891 | INFO     | api             | ====================================================================================================
2026-03-09 18:56:03,891 | INFO     | api             | WebSocket client disconnected - request_id=ff5c89bc
2026-03-09 18:56:57,963 | INFO     | api             | ====================================================================================================
2026-03-09 18:56:57,963 | INFO     | api             | QUERY_START | ID: 58124bb1 | Question: How it can affect the production ?...
2026-03-09 18:56:57,963 | INFO     | api             | ====================================================================================================
2026-03-09 18:56:57,971 | INFO     | api             | TIMING | DB_ADD_USER_WS                 | Duration: 6.15ms
2026-03-09 18:56:57,979 | INFO     | api             | TIMING | HISTORY_RETRIEVAL_WS           | Duration: 8.53ms | history_items=2
2026-03-09 18:56:57,983 | INFO     | generation      | TIMING | MEMORY_SYNC_STREAM             | Duration: 0.16ms | history_items=2
2026-03-09 18:56:57,983 | INFO     | generation      | TIMING | CONDENSE_QUESTION_LLM              | Started (rephrasing follow-up as standalone question)
2026-03-09 18:56:58,279 | INFO     | generation      | TIMING | CONDENSE_QUESTION_LLM          | Duration: 307.78ms
2026-03-09 18:56:58,746 | INFO     | retrieval       | TIMING | ENSEMBLE_RETRIEVAL             | Duration: 757.77ms | docs_retrieved=15
2026-03-09 18:56:58,748 | INFO     | retrieval       | TIMING | DOCUMENT_RERANKING             | Duration: 1.19ms | docs_processed=15 | docs_returned=8
2026-03-09 18:56:58,748 | INFO     | retrieval       | TIMING | RETRIEVAL                      | num_docs=8 | retrieval_ms=760.73 | methods=ensemble
2026-03-09 18:56:58,748 | INFO     | generation      | TIMING | PARALLEL_CONDENSE_RETRIEVE     | Duration: 766.81ms | original_docs=8
2026-03-09 18:56:58,752 | INFO     | retrieval       | TIMING | QUERY_PREPROCESS               | Duration: 0.01ms | enhancements=1 | applied_domains=late blight
2026-03-09 18:57:01,217 | INFO     | retrieval       | TIMING | ENSEMBLE_RETRIEVAL             | Duration: 2470.01ms | docs_retrieved=14
2026-03-09 18:57:01,217 | INFO     | retrieval       | TIMING | DOCUMENT_RERANKING             | Duration: 1.45ms | docs_processed=14 | docs_returned=8
2026-03-09 18:57:01,225 | INFO     | retrieval       | TIMING | RETRIEVAL                      | num_docs=8 | retrieval_ms=2473.35 | methods=ensemble
2026-03-09 18:57:01,225 | INFO     | generation      | TIMING | CONDENSED_RETRIEVAL_MERGE      | Duration: 2473.91ms | extra_docs=8 | total_docs=16
2026-03-09 18:57:01,226 | INFO     | generation      | TIMING | SOURCE_DOCS_CAPTURED           | count=16
2026-03-09 18:57:02,786 | INFO     | generation      | TIMING | STREAMING_CHUNKS               | Duration: 1560.0ms | chunk_count=375 | answer_length=1670
2026-03-09 18:57:02,786 | INFO     | generation      | TIMING | GENERATION                     | generation_ms=4803.94 | chunks=375 | tokens=263
2026-03-09 18:57:02,786 | INFO     | generation      | TIMING | SOURCE_DOCS_FINAL              | captured_count=16 | result_count=16 | final_count=16
2026-03-09 18:57:02,786 | INFO     | api             | TIMING | STREAMING_COMPLETE             | Duration: 4806.15ms | chunks=375 | response_length=1670 | first_chunk_ms=3422.59
2026-03-09 18:57:02,794 | INFO     | api             | TIMING | DB_ADD_AI_WS                   | Duration: 5.5ms | response_length=1670
2026-03-09 18:57:02,794 | INFO     | api             | ====================================================================================================
2026-03-09 18:57:02,794 | INFO     | api             | QUERY_COMPLETE | ID: 58124bb1 | Status: SUCCESS
2026-03-09 18:57:02,794 | INFO     | api             | TOTAL_TIME | 4835.18ms
2026-03-09 18:57:02,794 | INFO     | api             | ====================================================================================================
2026-03-09 18:57:02,800 | INFO     | api             | WebSocket client disconnected - request_id=58124bb1
2026-03-09 18:58:30,662 | INFO     | api             | ====================================================================================================
2026-03-09 18:58:30,666 | INFO     | api             | QUERY_START | ID: 99b2be20 | Question: i found black spot in potato leaves after 25 days of plantation, what could be t...
2026-03-09 18:58:30,666 | INFO     | api             | ====================================================================================================
2026-03-09 18:58:30,667 | INFO     | api             | TIMING | DB_ADD_USER_WS                 | Duration: 5.76ms
2026-03-09 18:58:30,677 | INFO     | api             | TIMING | HISTORY_RETRIEVAL_WS           | Duration: 2.93ms | history_items=0
2026-03-09 18:58:30,677 | INFO     | generation      | TIMING | MEMORY_CLEAR                   | Cleared stale chain memory for new conversation
2026-03-09 18:58:31,445 | INFO     | retrieval       | TIMING | ENSEMBLE_RETRIEVAL             | Duration: 768.22ms | docs_retrieved=12
2026-03-09 18:58:31,445 | INFO     | retrieval       | TIMING | DOCUMENT_RERANKING             | Duration: 1.57ms | docs_processed=12 | docs_returned=8
2026-03-09 18:58:31,445 | INFO     | retrieval       | TIMING | RETRIEVAL                      | num_docs=8 | retrieval_ms=772.02 | methods=ensemble
2026-03-09 18:58:31,445 | INFO     | generation      | TIMING | SOURCE_DOCS_CAPTURED           | count=8
2026-03-09 18:58:32,833 | INFO     | generation      | TIMING | STREAMING_CHUNKS               | Duration: 1380.6ms | chunk_count=295 | answer_length=1466
2026-03-09 18:58:32,833 | INFO     | generation      | TIMING | GENERATION                     | generation_ms=2155.64 | chunks=295 | tokens=231
2026-03-09 18:58:32,835 | INFO     | generation      | TIMING | SOURCE_DOCS_FINAL              | captured_count=8 | result_count=8 | final_count=8
2026-03-09 18:58:32,835 | INFO     | api             | TIMING | STREAMING_COMPLETE             | Duration: 2157.99ms | chunks=295 | response_length=1466 | first_chunk_ms=1140.0
2026-03-09 18:58:32,843 | INFO     | api             | TIMING | DB_ADD_AI_WS                   | Duration: 6.52ms | response_length=1466
2026-03-09 18:58:32,843 | INFO     | api             | ====================================================================================================
2026-03-09 18:58:32,846 | INFO     | api             | QUERY_COMPLETE | ID: 99b2be20 | Status: SUCCESS
2026-03-09 18:58:32,846 | INFO     | api             | TOTAL_TIME | 2183.65ms
2026-03-09 18:58:32,846 | INFO     | api             | ====================================================================================================
2026-03-09 18:58:32,846 | INFO     | api             | WebSocket client disconnected - request_id=99b2be20
2026-03-09 19:00:55,602 | INFO     | api             | ====================================================================================================
2026-03-09 19:00:55,602 | INFO     | api             | QUERY_START | ID: bde7935a | Question: found crack in potato tuber what could be the reasons?...
2026-03-09 19:00:55,602 | INFO     | api             | ====================================================================================================
2026-03-09 19:00:55,615 | INFO     | api             | TIMING | DB_ADD_USER_WS                 | Duration: 5.94ms
2026-03-09 19:00:55,618 | INFO     | api             | TIMING | HISTORY_RETRIEVAL_WS           | Duration: 3.86ms | history_items=0
2026-03-09 19:00:55,618 | INFO     | generation      | TIMING | MEMORY_CLEAR                   | Cleared stale chain memory for new conversation
2026-03-09 19:00:56,357 | INFO     | retrieval       | TIMING | ENSEMBLE_RETRIEVAL             | Duration: 734.36ms | docs_retrieved=15
2026-03-09 19:00:56,359 | INFO     | retrieval       | TIMING | DOCUMENT_RERANKING             | Duration: 1.43ms | docs_processed=15 | docs_returned=8
2026-03-09 19:00:56,359 | INFO     | retrieval       | TIMING | RETRIEVAL                      | num_docs=8 | retrieval_ms=737.61 | methods=ensemble
2026-03-09 19:00:56,359 | INFO     | generation      | TIMING | SOURCE_DOCS_CAPTURED           | count=8
2026-03-09 19:00:57,559 | INFO     | generation      | TIMING | STREAMING_CHUNKS               | Duration: 1202.86ms | chunk_count=302 | answer_length=1478
2026-03-09 19:00:57,559 | INFO     | generation      | TIMING | GENERATION                     | generation_ms=1944.07 | chunks=302 | tokens=226
2026-03-09 19:00:57,566 | INFO     | generation      | TIMING | SOURCE_DOCS_FINAL              | captured_count=8 | result_count=8 | final_count=8
2026-03-09 19:00:57,568 | INFO     | api             | TIMING | STREAMING_COMPLETE             | Duration: 1948.18ms | chunks=302 | response_length=1478 | first_chunk_ms=952.72
2026-03-09 19:00:57,574 | INFO     | api             | TIMING | DB_ADD_AI_WS                   | Duration: 8.02ms | response_length=1478
2026-03-09 19:00:57,580 | INFO     | api             | ====================================================================================================
2026-03-09 19:00:57,580 | INFO     | api             | QUERY_COMPLETE | ID: bde7935a | Status: SUCCESS
2026-03-09 19:00:57,580 | INFO     | api             | TOTAL_TIME | 1975.3ms
2026-03-09 19:00:57,582 | INFO     | api             | ====================================================================================================
2026-03-09 19:00:57,582 | INFO     | api             | WebSocket client disconnected - request_id=bde7935a
2026-03-09 19:01:54,242 | INFO     | api             | ====================================================================================================
2026-03-09 19:01:54,242 | INFO     | api             | QUERY_START | ID: 2d9175d0 | Question: can nutrition imbalance leads to this?...
2026-03-09 19:01:54,242 | INFO     | api             | ====================================================================================================
2026-03-09 19:01:54,247 | INFO     | api             | TIMING | DB_ADD_USER_WS                 | Duration: 5.0ms
2026-03-09 19:01:54,253 | INFO     | api             | TIMING | HISTORY_RETRIEVAL_WS           | Duration: 4.07ms | history_items=1
2026-03-09 19:01:54,255 | INFO     | generation      | TIMING | MEMORY_SYNC_STREAM             | Duration: 0.11ms | history_items=1
2026-03-09 19:01:54,255 | INFO     | generation      | TIMING | CONDENSE_QUESTION_LLM              | Started (rephrasing follow-up as standalone question)
2026-03-09 19:01:55,269 | INFO     | retrieval       | TIMING | ENSEMBLE_RETRIEVAL             | Duration: 1009.84ms | docs_retrieved=15
2026-03-09 19:01:55,272 | INFO     | retrieval       | TIMING | DOCUMENT_RERANKING             | Duration: 1.16ms | docs_processed=15 | docs_returned=8
2026-03-09 19:01:55,272 | INFO     | retrieval       | TIMING | RETRIEVAL                      | num_docs=8 | retrieval_ms=1012.61 | methods=ensemble
2026-03-09 19:01:58,560 | INFO     | generation      | TIMING | CONDENSE_QUESTION_LLM          | Duration: 4305.61ms
2026-03-09 19:01:58,562 | INFO     | generation      | TIMING | PARALLEL_CONDENSE_RETRIEVE     | Duration: 4307.34ms | original_docs=8
2026-03-09 19:01:59,595 | INFO     | retrieval       | TIMING | ENSEMBLE_RETRIEVAL             | Duration: 1032.5ms | docs_retrieved=15
2026-03-09 19:01:59,598 | INFO     | retrieval       | TIMING | DOCUMENT_RERANKING             | Duration: 1.61ms | docs_processed=15 | docs_returned=8
2026-03-09 19:01:59,598 | INFO     | retrieval       | TIMING | RETRIEVAL                      | num_docs=8 | retrieval_ms=1036.52 | methods=ensemble
2026-03-09 19:01:59,598 | INFO     | generation      | TIMING | CONDENSED_RETRIEVAL_MERGE      | Duration: 1037.47ms | extra_docs=6 | total_docs=14
2026-03-09 19:01:59,598 | INFO     | generation      | TIMING | SOURCE_DOCS_CAPTURED           | count=14
2026-03-09 19:02:00,817 | INFO     | generation      | TIMING | STREAMING_CHUNKS               | Duration: 1221.34ms | chunk_count=271 | answer_length=1439
2026-03-09 19:02:00,826 | INFO     | generation      | TIMING | GENERATION                     | generation_ms=6570.18 | chunks=271 | tokens=206
2026-03-09 19:02:00,826 | INFO     | generation      | TIMING | SOURCE_DOCS_FINAL              | captured_count=14 | result_count=14 | final_count=14
2026-03-09 19:02:00,826 | INFO     | api             | TIMING | STREAMING_COMPLETE             | Duration: 6573.48ms | chunks=271 | response_length=1439 | first_chunk_ms=5545.56
2026-03-09 19:02:00,834 | INFO     | api             | TIMING | DB_ADD_AI_WS                   | Duration: 7.72ms | response_length=1439
2026-03-09 19:02:00,834 | INFO     | api             | ====================================================================================================
2026-03-09 19:02:00,834 | INFO     | api             | QUERY_COMPLETE | ID: 2d9175d0 | Status: SUCCESS
2026-03-09 19:02:00,834 | INFO     | api             | TOTAL_TIME | 6599.6ms
2026-03-09 19:02:00,834 | INFO     | api             | ====================================================================================================
2026-03-09 19:02:00,843 | INFO     | api             | WebSocket client disconnected - request_id=2d9175d0
2026-03-10 18:41:59,631 | INFO     | api             | ====================================================================================================
2026-03-10 18:41:59,633 | INFO     | api             | QUERY_START | ID: 6db2d8d7 | Question: Which fungicides to use to manage Early Blight, and when to use?...
2026-03-10 18:41:59,633 | INFO     | api             | ====================================================================================================
2026-03-10 18:41:59,637 | INFO     | api             | TIMING | DB_ADD_USER_WS                 | Duration: 4.55ms
2026-03-10 18:41:59,642 | INFO     | api             | TIMING | HISTORY_RETRIEVAL_WS           | Duration: 3.64ms | history_items=1
2026-03-10 18:41:59,644 | INFO     | generation      | TIMING | MEMORY_SYNC_STREAM             | Duration: 0.22ms | history_items=1
2026-03-10 18:41:59,644 | INFO     | generation      | TIMING | CONDENSE_QUESTION_LLM              | Started (rephrasing follow-up as standalone question)
2026-03-10 18:41:59,651 | INFO     | retrieval       | TIMING | QUERY_PREPROCESS               | Duration: 0.01ms | enhancements=1 | applied_domains=early blight
2026-03-10 18:42:00,000 | INFO     | generation      | TIMING | CONDENSE_QUESTION_LLM          | Duration: 356.49ms
2026-03-10 18:42:02,567 | INFO     | retrieval       | TIMING | ENSEMBLE_RETRIEVAL             | Duration: 2917.32ms | docs_retrieved=14
2026-03-10 18:42:02,572 | INFO     | retrieval       | TIMING | DOCUMENT_RERANKING             | Duration: 1.81ms | docs_processed=14 | docs_returned=8
2026-03-10 18:42:02,572 | INFO     | retrieval       | TIMING | RETRIEVAL                      | num_docs=8 | retrieval_ms=2921.9 | methods=ensemble
2026-03-10 18:42:02,572 | INFO     | generation      | TIMING | PARALLEL_CONDENSE_RETRIEVE     | Duration: 2929.81ms | original_docs=8
2026-03-10 18:42:02,575 | INFO     | retrieval       | TIMING | QUERY_PREPROCESS               | Duration: 0.03ms | enhancements=1 | applied_domains=early blight
2026-03-10 18:42:02,986 | INFO     | retrieval       | TIMING | ENSEMBLE_RETRIEVAL             | Duration: 415.33ms | docs_retrieved=12
2026-03-10 18:42:02,994 | INFO     | retrieval       | TIMING | DOCUMENT_RERANKING             | Duration: 1.76ms | docs_processed=12 | docs_returned=8
2026-03-10 18:42:02,994 | INFO     | retrieval       | TIMING | RETRIEVAL                      | num_docs=8 | retrieval_ms=419.25 | methods=ensemble
2026-03-10 18:42:02,994 | INFO     | generation      | TIMING | CONDENSED_RETRIEVAL_MERGE      | Duration: 420.02ms | extra_docs=6 | total_docs=14
2026-03-10 18:42:02,994 | INFO     | generation      | TIMING | SOURCE_DOCS_CAPTURED           | count=14
2026-03-10 18:42:04,154 | INFO     | generation      | TIMING | STREAMING_CHUNKS               | Duration: 1157.55ms | chunk_count=342 | answer_length=1612
2026-03-10 18:42:04,154 | INFO     | generation      | TIMING | GENERATION                     | generation_ms=4511.26 | chunks=342 | tokens=238
2026-03-10 18:42:04,156 | INFO     | generation      | TIMING | SOURCE_DOCS_FINAL              | captured_count=14 | result_count=14 | final_count=14
2026-03-10 18:42:04,157 | INFO     | api             | TIMING | STREAMING_COMPLETE             | Duration: 4513.76ms | chunks=342 | response_length=1612 | first_chunk_ms=3551.13
2026-03-10 18:42:04,167 | INFO     | api             | TIMING | DB_ADD_AI_WS                   | Duration: 7.52ms | response_length=1612
2026-03-10 18:42:04,168 | INFO     | api             | ====================================================================================================
2026-03-10 18:42:04,168 | INFO     | api             | QUERY_COMPLETE | ID: 6db2d8d7 | Status: SUCCESS
2026-03-10 18:42:04,168 | INFO     | api             | TOTAL_TIME | 4538.38ms
2026-03-10 18:42:04,168 | INFO     | api             | ====================================================================================================
2026-03-10 18:42:04,170 | INFO     | api             | WebSocket client disconnected - request_id=6db2d8d7
2026-03-10 18:58:54,221 | INFO     | retrieval       | TIMING | BM25_CACHE_LOAD                | Duration: 164.42ms | source=disk
2026-03-10 18:58:55,598 | INFO     | image_analyzer  | Initializing CLIPDiseaseAnalyzer...
2026-03-10 18:59:00,557 | INFO     | image_analyzer  | Encoding disease text prompts...
2026-03-10 18:59:01,468 | INFO     | image_analyzer  | Reference FAISS index loaded: 283 images
2026-03-10 18:59:01,469 | INFO     | image_analyzer  | TIMING | CLIP_ANALYZER_INIT             | Duration: 5871.67ms | device=cpu | disease_categories=20 | ref_index_loaded=True | ref_images_count=283
2026-03-10 18:59:12,826 | INFO     | retrieval       | TIMING | BM25_CACHE_LOAD                | Duration: 133.35ms | source=disk
2026-03-10 18:59:14,392 | INFO     | image_analyzer  | Initializing CLIPDiseaseAnalyzer...
2026-03-10 18:59:19,557 | INFO     | image_analyzer  | Encoding disease text prompts...
2026-03-10 18:59:20,394 | INFO     | image_analyzer  | Reference FAISS index loaded: 283 images
2026-03-10 18:59:20,395 | INFO     | image_analyzer  | TIMING | CLIP_ANALYZER_INIT             | Duration: 6002.15ms | device=cpu | disease_categories=20 | ref_index_loaded=True | ref_images_count=283
2026-03-10 18:59:31,672 | INFO     | retrieval       | TIMING | BM25_CACHE_LOAD                | Duration: 115.45ms | source=disk
2026-03-10 18:59:32,929 | INFO     | image_analyzer  | Initializing CLIPDiseaseAnalyzer...
2026-03-10 18:59:38,140 | INFO     | image_analyzer  | Encoding disease text prompts...
2026-03-10 18:59:38,956 | INFO     | image_analyzer  | Reference FAISS index loaded: 283 images
2026-03-10 18:59:38,957 | INFO     | image_analyzer  | TIMING | CLIP_ANALYZER_INIT             | Duration: 6027.12ms | device=cpu | disease_categories=20 | ref_index_loaded=True | ref_images_count=283
2026-03-10 18:59:52,235 | INFO     | retrieval       | TIMING | BM25_CACHE_LOAD                | Duration: 124.93ms | source=disk
2026-03-10 18:59:53,533 | INFO     | image_analyzer  | Initializing CLIPDiseaseAnalyzer...
2026-03-10 18:59:58,147 | INFO     | image_analyzer  | Encoding disease text prompts...
2026-03-10 18:59:58,909 | INFO     | image_analyzer  | Reference FAISS index loaded: 283 images
2026-03-10 18:59:58,909 | INFO     | image_analyzer  | TIMING | CLIP_ANALYZER_INIT             | Duration: 5372.17ms | device=cpu | disease_categories=20 | ref_index_loaded=True | ref_images_count=283
2026-03-10 19:00:12,941 | INFO     | retrieval       | TIMING | BM25_CACHE_LOAD                | Duration: 131.65ms | source=disk
2026-03-10 19:00:14,202 | INFO     | image_analyzer  | Initializing CLIPDiseaseAnalyzer...
2026-03-10 19:00:18,892 | INFO     | image_analyzer  | Encoding disease text prompts...
2026-03-10 19:00:19,575 | INFO     | image_analyzer  | Reference FAISS index loaded: 283 images
2026-03-10 19:00:19,575 | INFO     | image_analyzer  | TIMING | CLIP_ANALYZER_INIT             | Duration: 5379.01ms | device=cpu | disease_categories=20 | ref_index_loaded=True | ref_images_count=283
2026-03-10 19:00:29,764 | INFO     | retrieval       | TIMING | BM25_CACHE_LOAD                | Duration: 113.12ms | source=disk
2026-03-10 19:00:30,980 | INFO     | image_analyzer  | Initializing CLIPDiseaseAnalyzer...
2026-03-10 19:00:35,491 | INFO     | image_analyzer  | Encoding disease text prompts...
2026-03-10 19:00:36,205 | INFO     | image_analyzer  | Reference FAISS index loaded: 283 images
2026-03-10 19:00:36,205 | INFO     | image_analyzer  | TIMING | CLIP_ANALYZER_INIT             | Duration: 5229.74ms | device=cpu | disease_categories=20 | ref_index_loaded=True | ref_images_count=283
2026-03-10 19:01:32,375 | INFO     | api             | ====================================================================================================
2026-03-10 19:01:32,375 | INFO     | api             | QUERY_START | ID: 2e68d83e | Question: Explain Fungicides to use in treatment of Early blight V/s Late Blight, explain ...
2026-03-10 19:01:32,376 | INFO     | api             | ====================================================================================================
2026-03-10 19:01:32,380 | INFO     | api             | TIMING | DB_ADD_USER_WS                 | Duration: 4.31ms
2026-03-10 19:01:32,384 | INFO     | api             | TIMING | HISTORY_RETRIEVAL_WS           | Duration: 2.56ms | history_items=2
2026-03-10 19:01:32,384 | INFO     | generation      | TIMING | MEMORY_SYNC_STREAM             | Duration: 0.15ms | history_items=2
2026-03-10 19:01:32,385 | INFO     | generation      | TIMING | CONDENSE_QUESTION_LLM              | Started (rephrasing follow-up as standalone question)
2026-03-10 19:01:32,388 | INFO     | retrieval       | TIMING | QUERY_PREPROCESS               | Duration: 0.01ms | enhancements=2 | applied_domains=late blight,early blight
2026-03-10 19:01:32,980 | INFO     | generation      | TIMING | CONDENSE_QUESTION_LLM          | Duration: 601.68ms
2026-03-10 19:01:34,061 | INFO     | retrieval       | TIMING | ENSEMBLE_RETRIEVAL             | Duration: 1663.2ms | docs_retrieved=14
2026-03-10 19:01:34,062 | INFO     | retrieval       | TIMING | DOCUMENT_RERANKING             | Duration: 0.5ms | docs_processed=14 | docs_returned=8
2026-03-10 19:01:34,062 | INFO     | retrieval       | TIMING | RETRIEVAL                      | num_docs=8 | retrieval_ms=1664.65 | methods=ensemble
2026-03-10 19:01:34,063 | INFO     | generation      | TIMING | PARALLEL_CONDENSE_RETRIEVE     | Duration: 1677.82ms | original_docs=8
2026-03-10 19:01:34,063 | INFO     | retrieval       | TIMING | QUERY_PREPROCESS               | Duration: 0.01ms | enhancements=2 | applied_domains=late blight,early blight
2026-03-10 19:01:36,550 | INFO     | retrieval       | TIMING | ENSEMBLE_RETRIEVAL             | Duration: 2496.89ms | docs_retrieved=14
2026-03-10 19:01:36,550 | INFO     | retrieval       | TIMING | DOCUMENT_RERANKING             | Duration: 0.45ms | docs_processed=14 | docs_returned=8
2026-03-10 19:01:36,550 | INFO     | retrieval       | TIMING | RETRIEVAL                      | num_docs=8 | retrieval_ms=2498.37 | methods=ensemble
2026-03-10 19:01:36,550 | INFO     | generation      | TIMING | CONDENSED_RETRIEVAL_MERGE      | Duration: 2498.83ms | extra_docs=7 | total_docs=15
2026-03-10 19:01:36,550 | INFO     | generation      | TIMING | SOURCE_DOCS_CAPTURED           | count=15
2026-03-10 19:01:37,952 | INFO     | generation      | TIMING | STREAMING_CHUNKS               | Duration: 1389.38ms | chunk_count=347 | answer_length=1271
2026-03-10 19:01:37,952 | INFO     | generation      | TIMING | GENERATION                     | generation_ms=5567.93 | chunks=347 | tokens=163
2026-03-10 19:01:37,953 | INFO     | generation      | TIMING | SOURCE_DOCS_FINAL              | captured_count=15 | result_count=15 | final_count=15
2026-03-10 19:01:37,953 | INFO     | api             | TIMING | STREAMING_COMPLETE             | Duration: 5569.21ms | chunks=347 | response_length=1271 | first_chunk_ms=4354.37
2026-03-10 19:01:37,960 | INFO     | api             | TIMING | DB_ADD_AI_WS                   | Duration: 5.8ms | response_length=1271
2026-03-10 19:01:37,961 | INFO     | api             | ====================================================================================================
2026-03-10 19:01:37,961 | INFO     | api             | QUERY_COMPLETE | ID: 2e68d83e | Status: SUCCESS
2026-03-10 19:01:37,961 | INFO     | api             | TOTAL_TIME | 5586.72ms
2026-03-10 19:01:37,961 | INFO     | api             | ====================================================================================================
2026-03-10 19:01:37,962 | INFO     | api             | WebSocket client disconnected - request_id=2e68d83e
2026-03-10 19:02:20,727 | INFO     | retrieval       | TIMING | BM25_CACHE_LOAD                | Duration: 116.81ms | source=disk
2026-03-10 19:02:22,366 | INFO     | image_analyzer  | Initializing CLIPDiseaseAnalyzer...
2026-03-10 19:02:27,187 | INFO     | image_analyzer  | Encoding disease text prompts...
2026-03-10 19:02:27,961 | INFO     | image_analyzer  | Reference FAISS index loaded: 283 images
2026-03-10 19:02:27,961 | INFO     | image_analyzer  | TIMING | CLIP_ANALYZER_INIT             | Duration: 5587.64ms | device=cpu | disease_categories=20 | ref_index_loaded=True | ref_images_count=283
2026-03-10 19:02:38,344 | INFO     | retrieval       | TIMING | BM25_CACHE_LOAD                | Duration: 111.46ms | source=disk
2026-03-10 19:02:39,738 | INFO     | image_analyzer  | Initializing CLIPDiseaseAnalyzer...
2026-03-10 19:02:44,450 | INFO     | image_analyzer  | Encoding disease text prompts...
2026-03-10 19:02:45,202 | INFO     | image_analyzer  | Reference FAISS index loaded: 283 images
2026-03-10 19:02:45,204 | INFO     | image_analyzer  | TIMING | CLIP_ANALYZER_INIT             | Duration: 5465.52ms | device=cpu | disease_categories=20 | ref_index_loaded=True | ref_images_count=283
2026-03-10 19:02:55,769 | INFO     | retrieval       | TIMING | BM25_CACHE_LOAD                | Duration: 126.17ms | source=disk
2026-03-10 19:02:57,014 | INFO     | image_analyzer  | Initializing CLIPDiseaseAnalyzer...
2026-03-10 19:03:01,474 | INFO     | image_analyzer  | Encoding disease text prompts...
2026-03-10 19:03:02,182 | INFO     | image_analyzer  | Reference FAISS index loaded: 283 images
2026-03-10 19:03:02,182 | INFO     | image_analyzer  | TIMING | CLIP_ANALYZER_INIT             | Duration: 5168.8ms | device=cpu | disease_categories=20 | ref_index_loaded=True | ref_images_count=283
2026-03-10 19:04:03,375 | INFO     | api             | ====================================================================================================
2026-03-10 19:04:03,375 | INFO     | api             | QUERY_START | ID: 40a00dba | Question: if crop is of 50 days found symptoms of Late blight then which fungicides i can ...
2026-03-10 19:04:03,375 | INFO     | api             | ====================================================================================================
2026-03-10 19:04:03,380 | INFO     | api             | TIMING | DB_ADD_USER_WS                 | Duration: 4.2ms
2026-03-10 19:04:03,382 | INFO     | api             | TIMING | HISTORY_RETRIEVAL_WS           | Duration: 1.81ms | history_items=3
2026-03-10 19:04:03,383 | INFO     | generation      | TIMING | MEMORY_SYNC_STREAM             | Duration: 0.24ms | history_items=3
2026-03-10 19:04:03,384 | INFO     | generation      | TIMING | CONDENSE_QUESTION_LLM              | Started (rephrasing follow-up as standalone question)
2026-03-10 19:04:03,391 | INFO     | retrieval       | TIMING | QUERY_PREPROCESS               | Duration: 0.01ms | enhancements=1 | applied_domains=late blight
2026-03-10 19:04:03,818 | INFO     | generation      | TIMING | CONDENSE_QUESTION_LLM          | Duration: 433.6ms
2026-03-10 19:04:04,685 | INFO     | retrieval       | TIMING | ENSEMBLE_RETRIEVAL             | Duration: 1292.7ms | docs_retrieved=11
2026-03-10 19:04:04,686 | INFO     | retrieval       | TIMING | DOCUMENT_RERANKING             | Duration: 0.37ms | docs_processed=11 | docs_returned=8
2026-03-10 19:04:04,686 | INFO     | retrieval       | TIMING | RETRIEVAL                      | num_docs=8 | retrieval_ms=1293.92 | methods=ensemble
2026-03-10 19:04:04,687 | INFO     | generation      | TIMING | PARALLEL_CONDENSE_RETRIEVE     | Duration: 1302.74ms | original_docs=8
2026-03-10 19:04:04,687 | INFO     | retrieval       | TIMING | QUERY_PREPROCESS               | Duration: 0.01ms | enhancements=1 | applied_domains=late blight
2026-03-10 19:04:05,009 | INFO     | retrieval       | TIMING | ENSEMBLE_RETRIEVAL             | Duration: 323.44ms | docs_retrieved=14
2026-03-10 19:04:05,009 | INFO     | retrieval       | TIMING | DOCUMENT_RERANKING             | Duration: 0.41ms | docs_processed=14 | docs_returned=8
2026-03-10 19:04:05,009 | INFO     | retrieval       | TIMING | RETRIEVAL                      | num_docs=8 | retrieval_ms=324.8 | methods=ensemble
2026-03-10 19:04:05,009 | INFO     | generation      | TIMING | CONDENSED_RETRIEVAL_MERGE      | Duration: 325.16ms | extra_docs=6 | total_docs=14
2026-03-10 19:04:05,009 | INFO     | generation      | TIMING | SOURCE_DOCS_CAPTURED           | count=14
2026-03-10 19:04:06,048 | INFO     | generation      | TIMING | STREAMING_CHUNKS               | Duration: 1040.37ms | chunk_count=186 | answer_length=729
2026-03-10 19:04:06,048 | INFO     | generation      | TIMING | GENERATION                     | generation_ms=2670.6 | chunks=186 | tokens=93
2026-03-10 19:04:06,048 | INFO     | generation      | TIMING | SOURCE_DOCS_FINAL              | captured_count=14 | result_count=14 | final_count=14
2026-03-10 19:04:06,048 | INFO     | api             | TIMING | STREAMING_COMPLETE             | Duration: 2672.01ms | chunks=186 | response_length=729 | first_chunk_ms=1806.22
2026-03-10 19:04:06,048 | INFO     | api             | TIMING | DB_ADD_AI_WS                   | Duration: 5.04ms | response_length=729
2026-03-10 19:04:06,048 | INFO     | api             | ====================================================================================================
2026-03-10 19:04:06,048 | INFO     | api             | QUERY_COMPLETE | ID: 40a00dba | Status: SUCCESS
2026-03-10 19:04:06,048 | INFO     | api             | TOTAL_TIME | 2687.06ms
2026-03-10 19:04:06,048 | INFO     | api             | ====================================================================================================
2026-03-10 19:04:06,048 | INFO     | api             | WebSocket client disconnected - request_id=40a00dba
2026-03-10 19:15:31,604 | INFO     | retrieval       | TIMING | BM25_CACHE_LOAD                | Duration: 105.65ms | source=disk
2026-03-10 19:15:32,769 | INFO     | image_analyzer  | Initializing CLIPDiseaseAnalyzer...
2026-03-10 19:15:38,074 | INFO     | image_analyzer  | Encoding disease text prompts...
2026-03-10 19:15:38,808 | INFO     | image_analyzer  | Reference FAISS index loaded: 283 images
2026-03-10 19:15:38,808 | INFO     | image_analyzer  | TIMING | CLIP_ANALYZER_INIT             | Duration: 6037.45ms | device=cpu | disease_categories=20 | ref_index_loaded=True | ref_images_count=283
2026-03-10 19:15:48,790 | INFO     | retrieval       | TIMING | BM25_CACHE_LOAD                | Duration: 106.42ms | source=disk
2026-03-10 19:15:49,890 | INFO     | image_analyzer  | Initializing CLIPDiseaseAnalyzer...
2026-03-10 19:15:54,709 | INFO     | image_analyzer  | Encoding disease text prompts...
2026-03-10 19:15:55,444 | INFO     | image_analyzer  | Reference FAISS index loaded: 283 images
2026-03-10 19:15:55,444 | INFO     | image_analyzer  | TIMING | CLIP_ANALYZER_INIT             | Duration: 5553.41ms | device=cpu | disease_categories=20 | ref_index_loaded=True | ref_images_count=283
2026-03-10 19:28:55,817 | INFO     | retrieval       | TIMING | BM25_CACHE_LOAD                | Duration: 104.68ms | source=disk
2026-03-10 19:28:56,967 | INFO     | image_analyzer  | Initializing CLIPDiseaseAnalyzer...
2026-03-10 19:29:01,362 | INFO     | image_analyzer  | Encoding disease text prompts...
2026-03-10 19:29:02,105 | INFO     | image_analyzer  | Reference FAISS index loaded: 283 images
2026-03-10 19:29:02,105 | INFO     | image_analyzer  | TIMING | CLIP_ANALYZER_INIT             | Duration: 5128.96ms | device=cpu | disease_categories=20 | ref_index_loaded=True | ref_images_count=283
2026-03-10 19:29:13,245 | INFO     | retrieval       | TIMING | BM25_CACHE_LOAD                | Duration: 104.62ms | source=disk
2026-03-10 19:29:14,569 | INFO     | image_analyzer  | Initializing CLIPDiseaseAnalyzer...
2026-03-10 19:29:21,140 | INFO     | image_analyzer  | Encoding disease text prompts...
2026-03-10 19:29:22,044 | INFO     | image_analyzer  | Reference FAISS index loaded: 283 images
2026-03-10 19:29:22,044 | INFO     | image_analyzer  | TIMING | CLIP_ANALYZER_INIT             | Duration: 7475.03ms | device=cpu | disease_categories=20 | ref_index_loaded=True | ref_images_count=283
2026-03-10 19:29:34,010 | INFO     | retrieval       | TIMING | BM25_CACHE_LOAD                | Duration: 108.97ms | source=disk
2026-03-10 19:29:35,238 | INFO     | image_analyzer  | Initializing CLIPDiseaseAnalyzer...
2026-03-10 19:29:39,770 | INFO     | image_analyzer  | Encoding disease text prompts...
2026-03-10 19:29:40,526 | INFO     | image_analyzer  | Reference FAISS index loaded: 283 images
2026-03-10 19:29:40,526 | INFO     | image_analyzer  | TIMING | CLIP_ANALYZER_INIT             | Duration: 5279.2ms | device=cpu | disease_categories=20 | ref_index_loaded=True | ref_images_count=283
2026-03-10 19:29:50,614 | INFO     | retrieval       | TIMING | BM25_CACHE_LOAD                | Duration: 104.1ms | source=disk
2026-03-10 19:29:51,794 | INFO     | image_analyzer  | Initializing CLIPDiseaseAnalyzer...
2026-03-10 19:29:56,308 | INFO     | image_analyzer  | Encoding disease text prompts...
2026-03-10 19:29:57,060 | INFO     | image_analyzer  | Reference FAISS index loaded: 283 images
2026-03-10 19:29:57,062 | INFO     | image_analyzer  | TIMING | CLIP_ANALYZER_INIT             | Duration: 5266.15ms | device=cpu | disease_categories=20 | ref_index_loaded=True | ref_images_count=283
2026-03-10 19:30:08,270 | INFO     | retrieval       | TIMING | BM25_CACHE_LOAD                | Duration: 133.08ms | source=disk
2026-03-10 19:30:09,502 | INFO     | image_analyzer  | Initializing CLIPDiseaseAnalyzer...
2026-03-10 19:30:13,826 | INFO     | image_analyzer  | Encoding disease text prompts...
2026-03-10 19:30:14,606 | INFO     | image_analyzer  | Reference FAISS index loaded: 283 images
2026-03-10 19:30:14,606 | INFO     | image_analyzer  | TIMING | CLIP_ANALYZER_INIT             | Duration: 5093.89ms | device=cpu | disease_categories=20 | ref_index_loaded=True | ref_images_count=283
2026-03-10 19:30:26,912 | INFO     | retrieval       | TIMING | BM25_CACHE_LOAD                | Duration: 116.41ms | source=disk
2026-03-10 19:30:28,167 | INFO     | image_analyzer  | Initializing CLIPDiseaseAnalyzer...
2026-03-10 19:30:32,720 | INFO     | image_analyzer  | Encoding disease text prompts...
2026-03-10 19:30:33,508 | INFO     | image_analyzer  | Reference FAISS index loaded: 283 images
2026-03-10 19:30:33,509 | INFO     | image_analyzer  | TIMING | CLIP_ANALYZER_INIT             | Duration: 5341.29ms | device=cpu | disease_categories=20 | ref_index_loaded=True | ref_images_count=283
2026-03-10 19:33:55,249 | INFO     | retrieval       | TIMING | BM25_CACHE_LOAD                | Duration: 129.82ms | source=disk
2026-03-10 19:33:56,402 | INFO     | image_analyzer  | Initializing CLIPDiseaseAnalyzer...
2026-03-10 19:34:00,809 | INFO     | image_analyzer  | Encoding disease text prompts...
2026-03-10 19:34:01,599 | INFO     | image_analyzer  | Reference FAISS index loaded: 283 images
2026-03-10 19:34:01,599 | INFO     | image_analyzer  | TIMING | CLIP_ANALYZER_INIT             | Duration: 5196.81ms | device=cpu | disease_categories=20 | ref_index_loaded=True | ref_images_count=283
2026-03-10 19:37:05,865 | INFO     | api             | ====================================================================================================
2026-03-10 19:37:05,997 | INFO     | api             | ====================================================================================================
2026-03-10 19:37:06,001 | INFO     | api             | TIMING | DB_ADD_USER_WS                 | Duration: 3.41ms
2026-03-10 19:37:06,004 | INFO     | api             | TIMING | HISTORY_RETRIEVAL_WS           | Duration: 1.6ms | history_items=0
2026-03-10 19:37:06,014 | INFO     | generation      | TIMING | MEMORY_CLEAR                   | Cleared stale chain memory for new conversation
2026-03-10 19:37:07,617 | INFO     | retrieval       | TIMING | ENSEMBLE_RETRIEVAL             | Duration: 1595.86ms | docs_retrieved=14
2026-03-10 19:37:07,617 | INFO     | retrieval       | TIMING | DOCUMENT_RERANKING             | Duration: 0.53ms | docs_processed=14 | docs_returned=8
2026-03-10 19:37:07,617 | INFO     | retrieval       | TIMING | RETRIEVAL                      | num_docs=8 | retrieval_ms=1597.2 | methods=ensemble
2026-03-10 19:37:07,617 | INFO     | generation      | TIMING | SOURCE_DOCS_CAPTURED           | count=8
2026-03-10 19:37:09,142 | INFO     | generation      | TIMING | STREAMING_CHUNKS               | Duration: 1516.51ms | chunk_count=328 | answer_length=648
2026-03-10 19:37:09,143 | INFO     | generation      | TIMING | GENERATION                     | generation_ms=3128.23 | chunks=328 | tokens=134
2026-03-10 19:37:09,143 | INFO     | generation      | TIMING | SOURCE_DOCS_FINAL              | captured_count=8 | result_count=8 | final_count=8
2026-03-10 19:37:09,144 | INFO     | api             | TIMING | STREAMING_COMPLETE             | Duration: 3129.84ms | chunks=328 | response_length=648 | first_chunk_ms=2063.98
2026-03-10 19:37:09,152 | INFO     | api             | TIMING | DB_ADD_AI_WS                   | Duration: 7.29ms | response_length=648
2026-03-10 19:37:09,153 | INFO     | api             | ====================================================================================================
2026-03-10 19:37:09,153 | INFO     | api             | QUERY_COMPLETE | ID: b763d322 | Status: SUCCESS
2026-03-10 19:37:09,153 | INFO     | api             | TOTAL_TIME | 3289.52ms
2026-03-10 19:37:09,153 | INFO     | api             | ====================================================================================================
2026-03-10 19:37:09,154 | INFO     | api             | WebSocket client disconnected - request_id=b763d322
2026-03-10 19:38:25,279 | INFO     | api             | ====================================================================================================
2026-03-10 19:38:25,279 | INFO     | api             | QUERY_START | ID: 8344e9e6 | Question: IMAGE_ANALYSIS: Late_blight_test.jpg...
2026-03-10 19:38:25,279 | INFO     | api             | ====================================================================================================
2026-03-10 19:38:25,442 | INFO     | image_analyzer  | TIMING | ZERO_SHOT_CLASSIFY             | Duration: 155.12ms | top_disease=Calcium Deficiency | top_confidence=19.8
2026-03-10 19:38:25,548 | INFO     | image_analyzer  | TIMING | REF_IMAGE_MATCHING             | Duration: 105.45ms | results=10
2026-03-10 19:38:25,548 | INFO     | image_analyzer  | TIMING | FULL_IMAGE_ANALYSIS            | Duration: 261.41ms | prediction=Late Blight | confidence=37.0 | ref_images_used=10 | mode=hybrid
2026-03-10 19:38:25,548 | INFO     | api             | TIMING | CLIP_IMAGE_ANALYSIS            | Duration: 261.73ms | prediction=Late Blight | confidence=0.3703
2026-03-10 19:38:25,561 | INFO     | generation      | TIMING | MEMORY_SYNC                    | Duration: 0.09ms | history_items=1
2026-03-10 19:38:25,561 | INFO     | generation      | TIMING | CONDENSE_QUESTION_LLM              | Started (rephrasing follow-up as standalone question)
2026-03-10 19:38:25,561 | INFO     | retrieval       | TIMING | QUERY_PREPROCESS               | Duration: 0.02ms | enhancements=1 | applied_domains=late blight
2026-03-10 19:38:26,035 | INFO     | generation      | TIMING | CONDENSE_QUESTION_LLM          | Duration: 487.13ms
2026-03-10 19:38:27,218 | INFO     | retrieval       | TIMING | ENSEMBLE_RETRIEVAL             | Duration: 1654.19ms | docs_retrieved=14
2026-03-10 19:38:27,218 | INFO     | retrieval       | TIMING | DOCUMENT_RERANKING             | Duration: 1.41ms | docs_processed=14 | docs_returned=8
2026-03-10 19:38:27,218 | INFO     | retrieval       | TIMING | RETRIEVAL                      | num_docs=8 | retrieval_ms=1658.25 | methods=ensemble
2026-03-10 19:38:27,218 | INFO     | generation      | TIMING | PARALLEL_CONDENSE_RETRIEVE     | Duration: 1659.75ms | original_docs=8
2026-03-10 19:38:27,539 | INFO     | retrieval       | TIMING | ENSEMBLE_RETRIEVAL             | Duration: 323.12ms | docs_retrieved=14
2026-03-10 19:38:27,539 | INFO     | retrieval       | TIMING | DOCUMENT_RERANKING             | Duration: 0.43ms | docs_processed=14 | docs_returned=8
2026-03-10 19:38:27,539 | INFO     | retrieval       | TIMING | RETRIEVAL                      | num_docs=8 | retrieval_ms=324.29 | methods=ensemble
2026-03-10 19:38:27,539 | INFO     | generation      | TIMING | CONDENSED_RETRIEVAL_MERGE      | Duration: 324.83ms | extra_docs=8 | total_docs=16
2026-03-10 19:38:27,546 | INFO     | generation      | TIMING | SOURCE_DOCS_CAPTURED           | count=16
2026-03-10 19:38:29,964 | INFO     | generation      | TIMING | CHAIN_INVOCATION               | Duration: 2417.26ms | answer_length=1060 | source_docs=16
2026-03-10 19:38:29,964 | INFO     | generation      | TIMING | GENERATION                     | generation_ms=4403.59
2026-03-10 19:38:29,964 | INFO     | api             | TIMING | IMAGE_RAG_CHAIN                | Duration: 4404.04ms
2026-03-10 19:38:29,972 | INFO     | api             | ====================================================================================================
2026-03-10 19:38:29,972 | INFO     | api             | QUERY_COMPLETE | ID: 8344e9e6 | Status: SUCCESS
2026-03-10 19:38:29,972 | INFO     | api             | TOTAL_TIME | 4723.35ms
2026-03-10 19:38:29,972 | INFO     | api             | ====================================================================================================
2026-03-10 19:39:59,146 | INFO     | api             | ====================================================================================================
2026-03-10 19:39:59,186 | INFO     | api             | ====================================================================================================
2026-03-10 19:39:59,189 | INFO     | api             | TIMING | DB_ADD_USER_WS                 | Duration: 4.35ms
2026-03-10 19:39:59,196 | INFO     | api             | TIMING | HISTORY_RETRIEVAL_WS           | Duration: 4.25ms | history_items=2
2026-03-10 19:39:59,196 | INFO     | generation      | TIMING | MEMORY_SYNC_STREAM             | Duration: 0.15ms | history_items=2
2026-03-10 19:39:59,201 | INFO     | generation      | TIMING | CONDENSE_QUESTION_LLM              | Started (rephrasing follow-up as standalone question)
2026-03-10 19:39:59,598 | INFO     | generation      | TIMING | CONDENSE_QUESTION_LLM          | Duration: 405.05ms
2026-03-10 19:40:00,306 | INFO     | retrieval       | TIMING | ENSEMBLE_RETRIEVAL             | Duration: 1100.02ms | docs_retrieved=15
2026-03-10 19:40:00,307 | INFO     | retrieval       | TIMING | DOCUMENT_RERANKING             | Duration: 0.58ms | docs_processed=15 | docs_returned=8
2026-03-10 19:40:00,308 | INFO     | retrieval       | TIMING | RETRIEVAL                      | num_docs=8 | retrieval_ms=1101.44 | methods=ensemble
2026-03-10 19:40:00,308 | INFO     | generation      | TIMING | PARALLEL_CONDENSE_RETRIEVE     | Duration: 1110.01ms | original_docs=8
2026-03-10 19:40:00,872 | INFO     | retrieval       | TIMING | ENSEMBLE_RETRIEVAL             | Duration: 563.79ms | docs_retrieved=15
2026-03-10 19:40:00,873 | INFO     | retrieval       | TIMING | DOCUMENT_RERANKING             | Duration: 0.43ms | docs_processed=15 | docs_returned=8
2026-03-10 19:40:00,873 | INFO     | retrieval       | TIMING | RETRIEVAL                      | num_docs=8 | retrieval_ms=564.97 | methods=ensemble
2026-03-10 19:40:00,874 | INFO     | generation      | TIMING | CONDENSED_RETRIEVAL_MERGE      | Duration: 565.34ms | extra_docs=8 | total_docs=16
2026-03-10 19:40:00,874 | INFO     | generation      | TIMING | SOURCE_DOCS_CAPTURED           | count=16
2026-03-10 19:40:02,752 | INFO     | generation      | TIMING | STREAMING_CHUNKS               | Duration: 1883.21ms | chunk_count=403 | answer_length=783
2026-03-10 19:40:02,752 | INFO     | generation      | TIMING | GENERATION                     | generation_ms=3560.37 | chunks=403 | tokens=128
2026-03-10 19:40:02,752 | INFO     | generation      | TIMING | SOURCE_DOCS_FINAL              | captured_count=16 | result_count=16 | final_count=16
2026-03-10 19:40:02,752 | INFO     | api             | TIMING | STREAMING_COMPLETE             | Duration: 3562.16ms | chunks=403 | response_length=783 | first_chunk_ms=2089.39
2026-03-10 19:40:02,767 | INFO     | api             | TIMING | DB_ADD_AI_WS                   | Duration: 6.19ms | response_length=783
2026-03-10 19:40:02,767 | INFO     | api             | ====================================================================================================
2026-03-10 19:40:02,767 | INFO     | api             | QUERY_COMPLETE | ID: a2a0a649 | Status: SUCCESS
2026-03-10 19:40:02,767 | INFO     | api             | TOTAL_TIME | 3624.43ms
2026-03-10 19:40:02,768 | INFO     | api             | ====================================================================================================
2026-03-10 19:40:02,768 | INFO     | api             | WebSocket client disconnected - request_id=a2a0a649
2026-03-10 19:41:44,266 | INFO     | api             | ====================================================================================================
2026-03-10 19:41:44,270 | INFO     | api             | ====================================================================================================
2026-03-10 19:41:44,274 | INFO     | api             | TIMING | DB_ADD_USER_WS                 | Duration: 4.26ms
2026-03-10 19:41:44,278 | INFO     | api             | TIMING | HISTORY_RETRIEVAL_WS           | Duration: 3.09ms | history_items=3
2026-03-10 19:41:44,279 | INFO     | generation      | TIMING | MEMORY_SYNC_STREAM             | Duration: 0.1ms | history_items=3
2026-03-10 19:41:44,280 | INFO     | generation      | TIMING | CONDENSE_QUESTION_LLM              | Started (rephrasing follow-up as standalone question)
2026-03-10 19:41:44,780 | INFO     | generation      | TIMING | CONDENSE_QUESTION_LLM          | Duration: 501.28ms
2026-03-10 19:41:45,284 | INFO     | retrieval       | TIMING | ENSEMBLE_RETRIEVAL             | Duration: 1007.22ms | docs_retrieved=14
2026-03-10 19:41:45,284 | INFO     | retrieval       | TIMING | DOCUMENT_RERANKING             | Duration: 0.5ms | docs_processed=14 | docs_returned=8
2026-03-10 19:41:45,284 | INFO     | retrieval       | TIMING | RETRIEVAL                      | num_docs=8 | retrieval_ms=1008.45 | methods=ensemble
2026-03-10 19:41:45,284 | INFO     | generation      | TIMING | PARALLEL_CONDENSE_RETRIEVE     | Duration: 1011.38ms | original_docs=8
2026-03-10 19:41:45,822 | INFO     | retrieval       | TIMING | ENSEMBLE_RETRIEVAL             | Duration: 531.83ms | docs_retrieved=15
2026-03-10 19:41:45,822 | INFO     | retrieval       | TIMING | DOCUMENT_RERANKING             | Duration: 0.43ms | docs_processed=15 | docs_returned=8
2026-03-10 19:41:45,822 | INFO     | retrieval       | TIMING | RETRIEVAL                      | num_docs=8 | retrieval_ms=532.97 | methods=ensemble
2026-03-10 19:41:45,822 | INFO     | generation      | TIMING | CONDENSED_RETRIEVAL_MERGE      | Duration: 533.37ms | extra_docs=8 | total_docs=16
2026-03-10 19:41:45,822 | INFO     | generation      | TIMING | SOURCE_DOCS_CAPTURED           | count=16
2026-03-10 19:41:46,972 | INFO     | generation      | TIMING | STREAMING_CHUNKS               | Duration: 1155.61ms | chunk_count=211 | answer_length=408
2026-03-10 19:41:46,972 | INFO     | generation      | TIMING | GENERATION                     | generation_ms=2702.09 | chunks=211 | tokens=81
2026-03-10 19:41:46,972 | INFO     | generation      | TIMING | SOURCE_DOCS_FINAL              | captured_count=16 | result_count=16 | final_count=16
2026-03-10 19:41:46,972 | INFO     | api             | TIMING | STREAMING_COMPLETE             | Duration: 2703.34ms | chunks=211 | response_length=408 | first_chunk_ms=1768.57
2026-03-10 19:41:46,989 | INFO     | api             | TIMING | DB_ADD_AI_WS                   | Duration: 5.59ms | response_length=408
2026-03-10 19:41:46,989 | INFO     | api             | ====================================================================================================
2026-03-10 19:41:46,989 | INFO     | api             | QUERY_COMPLETE | ID: d929edd4 | Status: SUCCESS
2026-03-10 19:41:46,990 | INFO     | api             | TOTAL_TIME | 2723.88ms
2026-03-10 19:41:46,990 | INFO     | api             | ====================================================================================================
2026-03-10 19:41:46,991 | INFO     | api             | WebSocket client disconnected - request_id=d929edd4
2026-03-10 19:42:51,238 | INFO     | api             | ====================================================================================================
2026-03-10 19:42:51,238 | INFO     | api             | ====================================================================================================
2026-03-10 19:42:51,254 | INFO     | api             | TIMING | DB_ADD_USER_WS                 | Duration: 3.93ms
2026-03-10 19:42:51,259 | INFO     | api             | TIMING | HISTORY_RETRIEVAL_WS           | Duration: 4.57ms | history_items=4
2026-03-10 19:42:51,260 | INFO     | generation      | TIMING | MEMORY_SYNC_STREAM             | Duration: 0.09ms | history_items=4
2026-03-10 19:42:51,261 | INFO     | generation      | TIMING | CONDENSE_QUESTION_LLM              | Started (rephrasing follow-up as standalone question)
2026-03-10 19:42:51,718 | INFO     | generation      | TIMING | CONDENSE_QUESTION_LLM          | Duration: 457.37ms
2026-03-10 19:42:52,059 | INFO     | retrieval       | TIMING | ENSEMBLE_RETRIEVAL             | Duration: 799.81ms | docs_retrieved=15
2026-03-10 19:42:52,059 | INFO     | retrieval       | TIMING | DOCUMENT_RERANKING             | Duration: 0.48ms | docs_processed=15 | docs_returned=8
2026-03-10 19:42:52,059 | INFO     | retrieval       | TIMING | RETRIEVAL                      | num_docs=8 | retrieval_ms=801.17 | methods=ensemble
2026-03-10 19:42:52,059 | INFO     | generation      | TIMING | PARALLEL_CONDENSE_RETRIEVE     | Duration: 804.22ms | original_docs=8
2026-03-10 19:42:52,378 | INFO     | retrieval       | TIMING | ENSEMBLE_RETRIEVAL             | Duration: 326.35ms | docs_retrieved=15
2026-03-10 19:42:52,393 | INFO     | retrieval       | TIMING | DOCUMENT_RERANKING             | Duration: 0.46ms | docs_processed=15 | docs_returned=8
2026-03-10 19:42:52,393 | INFO     | retrieval       | TIMING | RETRIEVAL                      | num_docs=8 | retrieval_ms=327.79 | methods=ensemble
2026-03-10 19:42:52,394 | INFO     | generation      | TIMING | CONDENSED_RETRIEVAL_MERGE      | Duration: 328.28ms | extra_docs=8 | total_docs=16
2026-03-10 19:42:52,394 | INFO     | generation      | TIMING | SOURCE_DOCS_CAPTURED           | count=16
2026-03-10 19:42:53,369 | INFO     | generation      | TIMING | STREAMING_CHUNKS               | Duration: 974.29ms | chunk_count=199 | answer_length=383
2026-03-10 19:42:53,370 | INFO     | generation      | TIMING | GENERATION                     | generation_ms=2108.93 | chunks=199 | tokens=73
2026-03-10 19:42:53,370 | INFO     | generation      | TIMING | SOURCE_DOCS_FINAL              | captured_count=16 | result_count=16 | final_count=16
2026-03-10 19:42:53,370 | INFO     | api             | TIMING | STREAMING_COMPLETE             | Duration: 2110.04ms | chunks=199 | response_length=383 | first_chunk_ms=1446.06
2026-03-10 19:42:53,377 | INFO     | api             | TIMING | DB_ADD_AI_WS                   | Duration: 6.04ms | response_length=383
2026-03-10 19:42:53,378 | INFO     | api             | ====================================================================================================
2026-03-10 19:42:53,378 | INFO     | api             | QUERY_COMPLETE | ID: 4edac0cf | Status: SUCCESS
2026-03-10 19:42:53,378 | INFO     | api             | TOTAL_TIME | 2132.92ms
2026-03-10 19:42:53,378 | INFO     | api             | ====================================================================================================
2026-03-10 19:42:53,379 | INFO     | api             | WebSocket client disconnected - request_id=4edac0cf
2026-03-10 19:43:52,890 | INFO     | api             | ====================================================================================================
2026-03-10 19:43:52,890 | INFO     | api             | QUERY_START | ID: f87e392d | Question: Which nutritions lead to lower immunity in potato plant?...
2026-03-10 19:43:52,890 | INFO     | api             | ====================================================================================================
2026-03-10 19:43:52,890 | INFO     | api             | TIMING | DB_ADD_USER_WS                 | Duration: 3.99ms
2026-03-10 19:43:52,890 | INFO     | api             | TIMING | HISTORY_RETRIEVAL_WS           | Duration: 1.57ms | history_items=0
2026-03-10 19:43:52,890 | INFO     | generation      | TIMING | MEMORY_CLEAR                   | Cleared stale chain memory for new conversation
2026-03-10 19:43:53,992 | INFO     | retrieval       | TIMING | ENSEMBLE_RETRIEVAL             | Duration: 1088.37ms | docs_retrieved=15
2026-03-10 19:43:53,993 | INFO     | retrieval       | TIMING | DOCUMENT_RERANKING             | Duration: 0.68ms | docs_processed=15 | docs_returned=8
2026-03-10 19:43:53,994 | INFO     | retrieval       | TIMING | RETRIEVAL                      | num_docs=8 | retrieval_ms=1089.73 | methods=ensemble
2026-03-10 19:43:53,994 | INFO     | generation      | TIMING | SOURCE_DOCS_CAPTURED           | count=8
2026-03-10 19:43:54,697 | INFO     | generation      | TIMING | STREAMING_CHUNKS               | Duration: 702.82ms | chunk_count=111 | answer_length=596
2026-03-10 19:43:54,698 | INFO     | generation      | TIMING | GENERATION                     | generation_ms=1794.16 | chunks=111 | tokens=85
2026-03-10 19:43:54,698 | INFO     | generation      | TIMING | SOURCE_DOCS_FINAL              | captured_count=8 | result_count=8 | final_count=8
2026-03-10 19:43:54,699 | INFO     | api             | TIMING | STREAMING_COMPLETE             | Duration: 1795.63ms | chunks=111 | response_length=596 | first_chunk_ms=1254.23
2026-03-10 19:43:54,704 | INFO     | api             | TIMING | DB_ADD_AI_WS                   | Duration: 5.29ms | response_length=596
2026-03-10 19:43:54,704 | INFO     | api             | ====================================================================================================
2026-03-10 19:43:54,705 | INFO     | api             | QUERY_COMPLETE | ID: f87e392d | Status: SUCCESS
2026-03-10 19:43:54,705 | INFO     | api             | TOTAL_TIME | 1809.92ms
2026-03-10 19:43:54,705 | INFO     | api             | ====================================================================================================
2026-03-10 19:43:54,706 | INFO     | api             | WebSocket client disconnected - request_id=f87e392d
2026-03-10 20:03:17,175 | INFO     | api             | ====================================================================================================
2026-03-10 20:03:17,176 | INFO     | api             | QUERY_START | ID: 2761d618 | Question: found irregular shapes in potato tuber during harvesting...
2026-03-10 20:03:17,176 | INFO     | api             | ====================================================================================================
2026-03-10 20:03:17,180 | INFO     | api             | TIMING | DB_ADD_USER_WS                 | Duration: 4.13ms
2026-03-10 20:03:17,182 | INFO     | api             | TIMING | HISTORY_RETRIEVAL_WS           | Duration: 2.25ms | history_items=1
2026-03-10 20:03:17,185 | INFO     | generation      | TIMING | MEMORY_SYNC_STREAM             | Duration: 0.2ms | history_items=1
2026-03-10 20:03:17,186 | INFO     | generation      | TIMING | CONDENSE_QUESTION_LLM              | Started (rephrasing follow-up as standalone question)
2026-03-10 20:03:17,417 | INFO     | generation      | TIMING | CONDENSE_QUESTION_LLM          | Duration: 231.95ms
2026-03-10 20:03:18,731 | INFO     | retrieval       | TIMING | ENSEMBLE_RETRIEVAL             | Duration: 1549.6ms | docs_retrieved=15
2026-03-10 20:03:18,731 | INFO     | retrieval       | TIMING | DOCUMENT_RERANKING             | Duration: 0.47ms | docs_processed=15 | docs_returned=8
2026-03-10 20:03:18,731 | INFO     | retrieval       | TIMING | RETRIEVAL                      | num_docs=8 | retrieval_ms=1550.99 | methods=ensemble
2026-03-10 20:03:18,731 | INFO     | generation      | TIMING | PARALLEL_CONDENSE_RETRIEVE     | Duration: 1554.23ms | original_docs=8
2026-03-10 20:03:19,114 | INFO     | retrieval       | TIMING | ENSEMBLE_RETRIEVAL             | Duration: 375.13ms | docs_retrieved=15
2026-03-10 20:03:19,116 | INFO     | retrieval       | TIMING | DOCUMENT_RERANKING             | Duration: 1.24ms | docs_processed=15 | docs_returned=8
2026-03-10 20:03:19,117 | INFO     | retrieval       | TIMING | RETRIEVAL                      | num_docs=8 | retrieval_ms=377.34 | methods=ensemble
2026-03-10 20:03:19,118 | INFO     | generation      | TIMING | CONDENSED_RETRIEVAL_MERGE      | Duration: 377.85ms | extra_docs=7 | total_docs=15
2026-03-10 20:03:19,118 | INFO     | generation      | TIMING | SOURCE_DOCS_CAPTURED           | count=15
2026-03-10 20:03:20,328 | INFO     | generation      | TIMING | STREAMING_CHUNKS               | Duration: 1210.36ms | chunk_count=193 | answer_length=955
2026-03-10 20:03:20,329 | INFO     | generation      | TIMING | GENERATION                     | generation_ms=3144.66 | chunks=193 | tokens=142
2026-03-10 20:03:20,329 | INFO     | generation      | TIMING | SOURCE_DOCS_FINAL              | captured_count=15 | result_count=15 | final_count=15
2026-03-10 20:03:20,330 | INFO     | api             | TIMING | STREAMING_COMPLETE             | Duration: 3146.55ms | chunks=193 | response_length=955 | first_chunk_ms=2396.68
2026-03-10 20:03:20,336 | INFO     | api             | TIMING | DB_ADD_AI_WS                   | Duration: 5.88ms | response_length=955
2026-03-10 20:03:20,337 | INFO     | api             | ====================================================================================================
2026-03-10 20:03:20,337 | INFO     | api             | QUERY_COMPLETE | ID: 2761d618 | Status: SUCCESS
2026-03-10 20:03:20,337 | INFO     | api             | TOTAL_TIME | 3162.93ms
2026-03-10 20:03:20,337 | INFO     | api             | ====================================================================================================
2026-03-10 20:03:20,338 | INFO     | api             | WebSocket client disconnected - request_id=2761d618
2026-03-10 20:05:20,003 | INFO     | retrieval       | TIMING | BM25_CACHE_LOAD                | Duration: 190.02ms | source=disk
2026-03-10 20:05:21,217 | INFO     | image_analyzer  | Initializing CLIPDiseaseAnalyzer...
2026-03-10 20:05:25,600 | INFO     | image_analyzer  | Encoding disease text prompts...
2026-03-10 20:05:26,364 | INFO     | image_analyzer  | Reference FAISS index loaded: 283 images
2026-03-10 20:05:26,364 | INFO     | image_analyzer  | TIMING | CLIP_ANALYZER_INIT             | Duration: 5136.87ms | device=cpu | disease_categories=20 | ref_index_loaded=True | ref_images_count=283
2026-03-10 20:05:36,594 | INFO     | retrieval       | TIMING | BM25_CACHE_LOAD                | Duration: 116.58ms | source=disk
2026-03-10 20:05:37,895 | INFO     | image_analyzer  | Initializing CLIPDiseaseAnalyzer...
2026-03-10 20:05:42,194 | INFO     | image_analyzer  | Encoding disease text prompts...
2026-03-10 20:05:42,915 | INFO     | image_analyzer  | Reference FAISS index loaded: 283 images
2026-03-10 20:05:42,915 | INFO     | image_analyzer  | TIMING | CLIP_ANALYZER_INIT             | Duration: 5021.53ms | device=cpu | disease_categories=20 | ref_index_loaded=True | ref_images_count=283
2026-03-10 20:05:52,654 | INFO     | retrieval       | TIMING | BM25_CACHE_LOAD                | Duration: 105.08ms | source=disk
2026-03-10 20:05:53,775 | INFO     | image_analyzer  | Initializing CLIPDiseaseAnalyzer...
2026-03-10 20:05:58,820 | INFO     | image_analyzer  | Encoding disease text prompts...
2026-03-10 20:05:59,553 | INFO     | image_analyzer  | Reference FAISS index loaded: 283 images
2026-03-10 20:05:59,553 | INFO     | image_analyzer  | TIMING | CLIP_ANALYZER_INIT             | Duration: 5778.76ms | device=cpu | disease_categories=20 | ref_index_loaded=True | ref_images_count=283
2026-03-10 20:06:10,686 | INFO     | retrieval       | TIMING | BM25_CACHE_LOAD                | Duration: 168.62ms | source=disk
2026-03-10 20:06:11,988 | INFO     | image_analyzer  | Initializing CLIPDiseaseAnalyzer...
2026-03-10 20:06:16,342 | INFO     | image_analyzer  | Encoding disease text prompts...
2026-03-10 20:06:17,009 | INFO     | image_analyzer  | Reference FAISS index loaded: 283 images
2026-03-10 20:06:17,009 | INFO     | image_analyzer  | TIMING | CLIP_ANALYZER_INIT             | Duration: 5030.69ms | device=cpu | disease_categories=20 | ref_index_loaded=True | ref_images_count=283
2026-03-10 20:06:26,377 | INFO     | retrieval       | TIMING | BM25_CACHE_LOAD                | Duration: 105.87ms | source=disk
2026-03-10 20:06:27,493 | INFO     | image_analyzer  | Initializing CLIPDiseaseAnalyzer...
2026-03-10 20:06:31,972 | INFO     | image_analyzer  | Encoding disease text prompts...
2026-03-10 20:06:32,592 | INFO     | image_analyzer  | Reference FAISS index loaded: 283 images
2026-03-10 20:06:32,592 | INFO     | image_analyzer  | TIMING | CLIP_ANALYZER_INIT             | Duration: 5100.06ms | device=cpu | disease_categories=20 | ref_index_loaded=True | ref_images_count=283
2026-03-10 20:06:41,876 | INFO     | retrieval       | TIMING | BM25_CACHE_LOAD                | Duration: 106.01ms | source=disk
2026-03-10 20:06:42,972 | INFO     | image_analyzer  | Initializing CLIPDiseaseAnalyzer...
2026-03-10 20:06:47,454 | INFO     | image_analyzer  | Encoding disease text prompts...
2026-03-10 20:06:48,159 | INFO     | image_analyzer  | Reference FAISS index loaded: 283 images
2026-03-10 20:06:48,159 | INFO     | image_analyzer  | TIMING | CLIP_ANALYZER_INIT             | Duration: 5172.48ms | device=cpu | disease_categories=20 | ref_index_loaded=True | ref_images_count=283
2026-03-10 20:07:24,322 | INFO     | api             | ====================================================================================================
2026-03-10 20:07:24,322 | INFO     | api             | QUERY_START | ID: 3631e803 | Question: Can Ca , B deficiency lead to this?...
2026-03-10 20:07:24,322 | INFO     | api             | ====================================================================================================
2026-03-10 20:07:24,322 | INFO     | api             | TIMING | DB_ADD_USER_WS                 | Duration: 4.1ms
2026-03-10 20:07:24,329 | INFO     | api             | TIMING | HISTORY_RETRIEVAL_WS           | Duration: 2.43ms | history_items=2
2026-03-10 20:07:24,329 | INFO     | generation      | TIMING | MEMORY_SYNC_STREAM             | Duration: 0.2ms | history_items=2
2026-03-10 20:07:24,329 | INFO     | generation      | TIMING | CONDENSE_QUESTION_LLM              | Started (rephrasing follow-up as standalone question)
2026-03-10 20:07:24,858 | INFO     | generation      | TIMING | CONDENSE_QUESTION_LLM          | Duration: 526.17ms
2026-03-10 20:07:25,752 | INFO     | retrieval       | TIMING | ENSEMBLE_RETRIEVAL             | Duration: 1418.79ms | docs_retrieved=15
2026-03-10 20:07:25,752 | INFO     | retrieval       | TIMING | DOCUMENT_RERANKING             | Duration: 0.51ms | docs_processed=15 | docs_returned=8
2026-03-10 20:07:25,763 | INFO     | retrieval       | TIMING | RETRIEVAL                      | num_docs=8 | retrieval_ms=1420.19 | methods=ensemble
2026-03-10 20:07:25,763 | INFO     | generation      | TIMING | PARALLEL_CONDENSE_RETRIEVE     | Duration: 1431.25ms | original_docs=8
2026-03-10 20:07:26,201 | INFO     | retrieval       | TIMING | ENSEMBLE_RETRIEVAL             | Duration: 437.45ms | docs_retrieved=14
2026-03-10 20:07:26,202 | INFO     | retrieval       | TIMING | DOCUMENT_RERANKING             | Duration: 0.46ms | docs_processed=14 | docs_returned=8
2026-03-10 20:07:26,202 | INFO     | retrieval       | TIMING | RETRIEVAL                      | num_docs=8 | retrieval_ms=438.59 | methods=ensemble
2026-03-10 20:07:26,203 | INFO     | generation      | TIMING | CONDENSED_RETRIEVAL_MERGE      | Duration: 438.94ms | extra_docs=7 | total_docs=15
2026-03-10 20:07:26,203 | INFO     | generation      | TIMING | SOURCE_DOCS_CAPTURED           | count=15
2026-03-10 20:07:27,246 | INFO     | generation      | TIMING | STREAMING_CHUNKS               | Duration: 1047.06ms | chunk_count=151 | answer_length=737
2026-03-10 20:07:27,246 | INFO     | generation      | TIMING | GENERATION                     | generation_ms=2919.43 | chunks=151 | tokens=112
2026-03-10 20:07:27,246 | INFO     | generation      | TIMING | SOURCE_DOCS_FINAL              | captured_count=15 | result_count=15 | final_count=15
2026-03-10 20:07:27,246 | INFO     | api             | TIMING | STREAMING_COMPLETE             | Duration: 2920.82ms | chunks=151 | response_length=737 | first_chunk_ms=2057.68
2026-03-10 20:07:27,257 | INFO     | api             | TIMING | DB_ADD_AI_WS                   | Duration: 5.74ms | response_length=737
2026-03-10 20:07:27,257 | INFO     | api             | ====================================================================================================
2026-03-10 20:07:27,257 | INFO     | api             | QUERY_COMPLETE | ID: 3631e803 | Status: SUCCESS
2026-03-10 20:07:27,257 | INFO     | api             | TOTAL_TIME | 2937.98ms
2026-03-10 20:07:27,257 | INFO     | api             | ====================================================================================================
2026-03-10 20:07:27,257 | INFO     | api             | WebSocket client disconnected - request_id=3631e803
2026-03-10 20:07:54,463 | INFO     | api             | ====================================================================================================
2026-03-10 20:07:54,464 | INFO     | api             | QUERY_START | ID: 821bad8f | Question: Explain in detail...
2026-03-10 20:07:54,464 | INFO     | api             | ====================================================================================================
2026-03-10 20:07:54,469 | INFO     | api             | TIMING | DB_ADD_USER_WS                 | Duration: 4.44ms
2026-03-10 20:07:54,471 | INFO     | api             | TIMING | HISTORY_RETRIEVAL_WS           | Duration: 2.3ms | history_items=3
2026-03-10 20:07:54,472 | INFO     | generation      | TIMING | MEMORY_SYNC_STREAM             | Duration: 0.12ms | history_items=3
2026-03-10 20:07:54,473 | INFO     | generation      | TIMING | CONDENSE_QUESTION_LLM              | Started (rephrasing follow-up as standalone question)
2026-03-10 20:07:54,792 | INFO     | generation      | TIMING | CONDENSE_QUESTION_LLM          | Duration: 332.16ms
2026-03-10 20:07:55,455 | INFO     | retrieval       | TIMING | ENSEMBLE_RETRIEVAL             | Duration: 980.79ms | docs_retrieved=15
2026-03-10 20:07:55,455 | INFO     | retrieval       | TIMING | DOCUMENT_RERANKING             | Duration: 0.3ms | docs_processed=15 | docs_returned=8
2026-03-10 20:07:55,456 | INFO     | retrieval       | TIMING | RETRIEVAL                      | num_docs=8 | retrieval_ms=981.87 | methods=ensemble
2026-03-10 20:07:55,457 | INFO     | generation      | TIMING | PARALLEL_CONDENSE_RETRIEVE     | Duration: 984.52ms | original_docs=8
2026-03-10 20:07:55,785 | INFO     | retrieval       | TIMING | ENSEMBLE_RETRIEVAL             | Duration: 327.25ms | docs_retrieved=13
2026-03-10 20:07:55,785 | INFO     | retrieval       | TIMING | DOCUMENT_RERANKING             | Duration: 0.43ms | docs_processed=13 | docs_returned=8
2026-03-10 20:07:55,786 | INFO     | retrieval       | TIMING | RETRIEVAL                      | num_docs=8 | retrieval_ms=328.48 | methods=ensemble
2026-03-10 20:07:55,786 | INFO     | generation      | TIMING | CONDENSED_RETRIEVAL_MERGE      | Duration: 328.91ms | extra_docs=8 | total_docs=16
2026-03-10 20:07:55,786 | INFO     | generation      | TIMING | SOURCE_DOCS_CAPTURED           | count=16
2026-03-10 20:07:57,341 | INFO     | generation      | TIMING | STREAMING_CHUNKS               | Duration: 1553.93ms | chunk_count=229 | answer_length=1201
2026-03-10 20:07:57,341 | INFO     | generation      | TIMING | GENERATION                     | generation_ms=2869.21 | chunks=229 | tokens=178
2026-03-10 20:07:57,342 | INFO     | generation      | TIMING | SOURCE_DOCS_FINAL              | captured_count=16 | result_count=16 | final_count=16
2026-03-10 20:07:57,342 | INFO     | api             | TIMING | STREAMING_COMPLETE             | Duration: 2870.72ms | chunks=229 | response_length=1201 | first_chunk_ms=1599.92
2026-03-10 20:07:57,349 | INFO     | api             | TIMING | DB_ADD_AI_WS                   | Duration: 5.28ms | response_length=1201
2026-03-10 20:07:57,349 | INFO     | api             | ====================================================================================================
2026-03-10 20:07:57,349 | INFO     | api             | QUERY_COMPLETE | ID: 821bad8f | Status: SUCCESS
2026-03-10 20:07:57,350 | INFO     | api             | TOTAL_TIME | 2887.51ms
2026-03-10 20:07:57,350 | INFO     | api             | ====================================================================================================
2026-03-10 20:07:57,352 | INFO     | api             | WebSocket client disconnected - request_id=821bad8f
2026-03-10 20:09:38,887 | INFO     | api             | ====================================================================================================
2026-03-10 20:09:38,887 | INFO     | api             | QUERY_START | ID: dbe40b55 | Question: Which fertilizer we can use to reduce Ca, B lower level? and when to apply?...
2026-03-10 20:09:38,888 | INFO     | api             | ====================================================================================================
2026-03-10 20:09:38,892 | INFO     | api             | TIMING | DB_ADD_USER_WS                 | Duration: 3.75ms
2026-03-10 20:09:38,895 | INFO     | api             | TIMING | HISTORY_RETRIEVAL_WS           | Duration: 3.39ms | history_items=4
2026-03-10 20:09:38,897 | INFO     | generation      | TIMING | MEMORY_SYNC_STREAM             | Duration: 0.14ms | history_items=4
2026-03-10 20:09:38,897 | INFO     | generation      | TIMING | CONDENSE_QUESTION_LLM              | Started (rephrasing follow-up as standalone question)
2026-03-10 20:09:39,325 | INFO     | generation      | TIMING | CONDENSE_QUESTION_LLM          | Duration: 430.19ms
2026-03-10 20:09:40,046 | INFO     | retrieval       | TIMING | ENSEMBLE_RETRIEVAL             | Duration: 1145.89ms | docs_retrieved=15
2026-03-10 20:09:40,047 | INFO     | retrieval       | TIMING | DOCUMENT_RERANKING             | Duration: 0.37ms | docs_processed=15 | docs_returned=8
2026-03-10 20:09:40,047 | INFO     | retrieval       | TIMING | RETRIEVAL                      | num_docs=8 | retrieval_ms=1146.98 | methods=ensemble
2026-03-10 20:09:40,048 | INFO     | generation      | TIMING | PARALLEL_CONDENSE_RETRIEVE     | Duration: 1150.4ms | original_docs=8
2026-03-10 20:09:40,558 | INFO     | retrieval       | TIMING | ENSEMBLE_RETRIEVAL             | Duration: 510.76ms | docs_retrieved=14
2026-03-10 20:09:40,559 | INFO     | retrieval       | TIMING | DOCUMENT_RERANKING             | Duration: 0.51ms | docs_processed=14 | docs_returned=8
2026-03-10 20:09:40,559 | INFO     | retrieval       | TIMING | RETRIEVAL                      | num_docs=8 | retrieval_ms=511.99 | methods=ensemble
2026-03-10 20:09:40,560 | INFO     | generation      | TIMING | CONDENSED_RETRIEVAL_MERGE      | Duration: 512.35ms | extra_docs=8 | total_docs=16
2026-03-10 20:09:40,560 | INFO     | generation      | TIMING | SOURCE_DOCS_CAPTURED           | count=16
2026-03-10 20:09:42,078 | INFO     | generation      | TIMING | STREAMING_CHUNKS               | Duration: 1517.41ms | chunk_count=268 | answer_length=1227
2026-03-10 20:09:42,078 | INFO     | generation      | TIMING | GENERATION                     | generation_ms=3182.24 | chunks=268 | tokens=177
2026-03-10 20:09:42,080 | INFO     | generation      | TIMING | SOURCE_DOCS_FINAL              | captured_count=16 | result_count=16 | final_count=16
2026-03-10 20:09:42,080 | INFO     | api             | TIMING | STREAMING_COMPLETE             | Duration: 3183.9ms | chunks=268 | response_length=1227 | first_chunk_ms=1922.7
2026-03-10 20:09:42,087 | INFO     | api             | TIMING | DB_ADD_AI_WS                   | Duration: 5.11ms | response_length=1227
2026-03-10 20:09:42,087 | INFO     | api             | ====================================================================================================
2026-03-10 20:09:42,087 | INFO     | api             | QUERY_COMPLETE | ID: dbe40b55 | Status: SUCCESS
2026-03-10 20:09:42,087 | INFO     | api             | TOTAL_TIME | 3202.13ms
2026-03-10 20:09:42,088 | INFO     | api             | ====================================================================================================
2026-03-10 20:09:42,089 | INFO     | api             | WebSocket client disconnected - request_id=dbe40b55
2026-03-10 20:33:32,054 | INFO     | retrieval       | TIMING | BM25_CACHE_LOAD                | Duration: 248.68ms | source=disk
2026-03-10 20:33:33,280 | INFO     | image_analyzer  | Initializing CLIPDiseaseAnalyzer...
2026-03-10 20:33:37,714 | INFO     | image_analyzer  | Encoding disease text prompts...
2026-03-10 20:33:38,491 | INFO     | image_analyzer  | Reference FAISS index loaded: 283 images
2026-03-10 20:33:38,491 | INFO     | image_analyzer  | TIMING | CLIP_ANALYZER_INIT             | Duration: 5206.31ms | device=cpu | disease_categories=20 | ref_index_loaded=True | ref_images_count=283
2026-03-10 20:33:48,731 | INFO     | retrieval       | TIMING | BM25_CACHE_LOAD                | Duration: 109.0ms | source=disk
2026-03-10 20:33:49,840 | INFO     | image_analyzer  | Initializing CLIPDiseaseAnalyzer...
2026-03-10 20:33:54,209 | INFO     | image_analyzer  | Encoding disease text prompts...
2026-03-10 20:33:54,859 | INFO     | image_analyzer  | Reference FAISS index loaded: 283 images
2026-03-10 20:33:54,859 | INFO     | image_analyzer  | TIMING | CLIP_ANALYZER_INIT             | Duration: 5007.6ms | device=cpu | disease_categories=20 | ref_index_loaded=True | ref_images_count=283
2026-03-10 20:34:04,270 | INFO     | retrieval       | TIMING | BM25_CACHE_LOAD                | Duration: 107.38ms | source=disk
2026-03-10 20:34:05,367 | INFO     | image_analyzer  | Initializing CLIPDiseaseAnalyzer...
2026-03-10 20:34:09,818 | INFO     | image_analyzer  | Encoding disease text prompts...
2026-03-10 20:34:10,496 | INFO     | image_analyzer  | Reference FAISS index loaded: 283 images
2026-03-10 20:34:10,498 | INFO     | image_analyzer  | TIMING | CLIP_ANALYZER_INIT             | Duration: 5124.21ms | device=cpu | disease_categories=20 | ref_index_loaded=True | ref_images_count=283
2026-03-10 20:35:36,094 | INFO     | api             | ====================================================================================================
2026-03-10 20:35:36,094 | INFO     | api             | QUERY_START | ID: 4a747e17 | Question: Can potash deficiency lead to same problem?...
2026-03-10 20:35:36,094 | INFO     | api             | ====================================================================================================
2026-03-10 20:35:36,094 | INFO     | api             | TIMING | DB_ADD_USER_WS                 | Duration: 4.6ms
2026-03-10 20:35:36,103 | INFO     | api             | TIMING | HISTORY_RETRIEVAL_WS           | Duration: 2.78ms | history_items=5
2026-03-10 20:35:36,103 | INFO     | generation      | TIMING | MEMORY_SYNC_STREAM             | Duration: 0.23ms | history_items=5
2026-03-10 20:35:36,103 | INFO     | generation      | TIMING | CONDENSE_QUESTION_LLM              | Started (rephrasing follow-up as standalone question)
2026-03-10 20:35:37,063 | INFO     | generation      | TIMING | CONDENSE_QUESTION_LLM          | Duration: 957.41ms
2026-03-10 20:35:37,505 | INFO     | retrieval       | TIMING | ENSEMBLE_RETRIEVAL             | Duration: 1388.89ms | docs_retrieved=14
2026-03-10 20:35:37,505 | INFO     | retrieval       | TIMING | DOCUMENT_RERANKING             | Duration: 0.38ms | docs_processed=14 | docs_returned=8
2026-03-10 20:35:37,506 | INFO     | retrieval       | TIMING | RETRIEVAL                      | num_docs=8 | retrieval_ms=1390.18 | methods=ensemble
2026-03-10 20:35:37,507 | INFO     | generation      | TIMING | PARALLEL_CONDENSE_RETRIEVE     | Duration: 1400.53ms | original_docs=8
2026-03-10 20:35:37,765 | INFO     | retrieval       | TIMING | ENSEMBLE_RETRIEVAL             | Duration: 257.75ms | docs_retrieved=13
2026-03-10 20:35:37,766 | INFO     | retrieval       | TIMING | DOCUMENT_RERANKING             | Duration: 0.58ms | docs_processed=13 | docs_returned=8
2026-03-10 20:35:37,766 | INFO     | retrieval       | TIMING | RETRIEVAL                      | num_docs=8 | retrieval_ms=259.07 | methods=ensemble
2026-03-10 20:35:37,767 | INFO     | generation      | TIMING | CONDENSED_RETRIEVAL_MERGE      | Duration: 259.54ms | extra_docs=8 | total_docs=16
2026-03-10 20:35:37,767 | INFO     | generation      | TIMING | SOURCE_DOCS_CAPTURED           | count=16
2026-03-10 20:35:39,279 | INFO     | generation      | TIMING | STREAMING_CHUNKS               | Duration: 1520.41ms | chunk_count=257 | answer_length=1339
2026-03-10 20:35:39,279 | INFO     | generation      | TIMING | GENERATION                     | generation_ms=3182.57 | chunks=257 | tokens=192
2026-03-10 20:35:39,279 | INFO     | generation      | TIMING | SOURCE_DOCS_FINAL              | captured_count=16 | result_count=16 | final_count=16
2026-03-10 20:35:39,279 | INFO     | api             | TIMING | STREAMING_COMPLETE             | Duration: 3183.94ms | chunks=257 | response_length=1339 | first_chunk_ms=1917.0
2026-03-10 20:35:39,293 | INFO     | api             | TIMING | DB_ADD_AI_WS                   | Duration: 5.09ms | response_length=1339
2026-03-10 20:35:39,293 | INFO     | api             | ====================================================================================================
2026-03-10 20:35:39,293 | INFO     | api             | QUERY_COMPLETE | ID: 4a747e17 | Status: SUCCESS
2026-03-10 20:35:39,293 | INFO     | api             | TOTAL_TIME | 3201.57ms
2026-03-10 20:35:39,293 | INFO     | api             | ====================================================================================================
2026-03-10 20:35:39,293 | INFO     | api             | WebSocket client disconnected - request_id=4a747e17
2026-03-12 19:26:31,054 | INFO     | retrieval       | TIMING | BM25_CACHE_LOAD                | Duration: 208.16ms | source=disk
2026-03-12 19:26:32,914 | INFO     | image_analyzer  | Initializing CLIPDiseaseAnalyzer...
2026-03-12 19:26:37,616 | INFO     | image_analyzer  | Encoding disease text prompts...
2026-03-12 19:26:41,392 | INFO     | image_analyzer  | Reference FAISS index loaded: 283 images
2026-03-12 19:26:41,393 | INFO     | image_analyzer  | TIMING | CLIP_ANALYZER_INIT             | Duration: 8477.76ms | device=cpu | disease_categories=20 | ref_index_loaded=True | ref_images_count=283
2026-03-12 19:27:26,667 | INFO     | api             | ====================================================================================================
2026-03-12 19:27:26,668 | INFO     | api             | QUERY_START | ID: fe500114 | Question: Hii...
2026-03-12 19:27:26,668 | INFO     | api             | ====================================================================================================
2026-03-12 19:27:26,674 | INFO     | api             | TIMING | DB_ADD_USER_WS                 | Duration: 5.24ms
2026-03-12 19:27:26,679 | INFO     | api             | TIMING | HISTORY_RETRIEVAL_WS           | Duration: 4.12ms | history_items=0
2026-03-12 19:27:26,682 | INFO     | generation      | TIMING | MEMORY_CLEAR                   | Cleared stale chain memory for new conversation
2026-03-12 19:27:30,305 | INFO     | retrieval       | TIMING | ENSEMBLE_RETRIEVAL             | Duration: 3601.13ms | docs_retrieved=15
2026-03-12 19:27:30,306 | INFO     | retrieval       | TIMING | DOCUMENT_RERANKING             | Duration: 0.95ms | docs_processed=15 | docs_returned=8
2026-03-12 19:27:30,307 | INFO     | retrieval       | TIMING | RETRIEVAL                      | num_docs=8 | retrieval_ms=3602.97 | methods=ensemble
2026-03-12 19:27:30,307 | INFO     | generation      | TIMING | SOURCE_DOCS_CAPTURED           | count=8
2026-03-12 19:27:30,795 | INFO     | generation      | TIMING | STREAMING_CHUNKS               | Duration: 486.86ms | chunk_count=30 | answer_length=118
2026-03-12 19:27:30,795 | INFO     | generation      | TIMING | GENERATION                     | generation_ms=4113.11 | chunks=30 | tokens=18
2026-03-12 19:27:30,795 | INFO     | generation      | TIMING | SOURCE_DOCS_FINAL              | captured_count=8 | result_count=8 | final_count=8
2026-03-12 19:27:30,796 | INFO     | api             | TIMING | STREAMING_COMPLETE             | Duration: 4115.29ms | chunks=30 | response_length=118 | first_chunk_ms=3935.7
2026-03-12 19:27:30,801 | INFO     | api             | TIMING | DB_ADD_AI_WS                   | Duration: 4.18ms | response_length=118
2026-03-12 19:27:30,801 | INFO     | api             | ====================================================================================================
2026-03-12 19:27:30,801 | INFO     | api             | QUERY_COMPLETE | ID: fe500114 | Status: SUCCESS
2026-03-12 19:27:30,801 | INFO     | api             | TOTAL_TIME | 4136.95ms
2026-03-12 19:27:30,801 | INFO     | api             | ====================================================================================================
2026-03-12 19:27:30,802 | INFO     | api             | WebSocket client disconnected - request_id=fe500114
2026-03-12 19:28:14,167 | INFO     | api             | ====================================================================================================
2026-03-12 19:28:14,167 | INFO     | api             | QUERY_START | ID: 928980b1 | Question: could you please explain Early blight Vs Late Blight in potato?...
2026-03-12 19:28:14,167 | INFO     | api             | ====================================================================================================
2026-03-12 19:28:14,171 | INFO     | api             | TIMING | DB_ADD_USER_WS                 | Duration: 3.51ms
2026-03-12 19:28:14,174 | INFO     | api             | TIMING | HISTORY_RETRIEVAL_WS           | Duration: 2.54ms | history_items=1
2026-03-12 19:28:14,176 | INFO     | generation      | TIMING | MEMORY_SYNC_STREAM             | Duration: 0.09ms | history_items=1
2026-03-12 19:28:14,176 | INFO     | generation      | TIMING | CONDENSE_QUESTION_LLM              | Started (rephrasing follow-up as standalone question)
2026-03-12 19:28:14,178 | INFO     | retrieval       | TIMING | QUERY_PREPROCESS               | Duration: 0.01ms | enhancements=2 | applied_domains=late blight,early blight
2026-03-12 19:28:14,520 | INFO     | generation      | TIMING | CONDENSE_QUESTION_LLM          | Duration: 343.61ms
2026-03-12 19:28:17,026 | INFO     | retrieval       | TIMING | ENSEMBLE_RETRIEVAL             | Duration: 2847.4ms | docs_retrieved=14
2026-03-12 19:28:17,027 | INFO     | retrieval       | TIMING | DOCUMENT_RERANKING             | Duration: 0.92ms | docs_processed=14 | docs_returned=8
2026-03-12 19:28:17,028 | INFO     | retrieval       | TIMING | RETRIEVAL                      | num_docs=8 | retrieval_ms=2849.7 | methods=ensemble
2026-03-12 19:28:17,029 | INFO     | generation      | TIMING | PARALLEL_CONDENSE_RETRIEVE     | Duration: 2853.19ms | original_docs=8
2026-03-12 19:28:17,029 | INFO     | retrieval       | TIMING | QUERY_PREPROCESS               | Duration: 0.01ms | enhancements=2 | applied_domains=late blight,early blight
2026-03-12 19:28:17,368 | INFO     | retrieval       | TIMING | ENSEMBLE_RETRIEVAL             | Duration: 338.03ms | docs_retrieved=13
2026-03-12 19:28:17,371 | INFO     | retrieval       | TIMING | DOCUMENT_RERANKING             | Duration: 1.91ms | docs_processed=13 | docs_returned=8
2026-03-12 19:28:17,372 | INFO     | retrieval       | TIMING | RETRIEVAL                      | num_docs=8 | retrieval_ms=342.16 | methods=ensemble
2026-03-12 19:28:17,372 | INFO     | generation      | TIMING | CONDENSED_RETRIEVAL_MERGE      | Duration: 343.03ms | extra_docs=5 | total_docs=13
2026-03-12 19:28:17,373 | INFO     | generation      | TIMING | SOURCE_DOCS_CAPTURED           | count=13
2026-03-12 19:28:18,558 | INFO     | generation      | TIMING | STREAMING_CHUNKS               | Duration: 1184.9ms | chunk_count=209 | answer_length=1068
2026-03-12 19:28:18,559 | INFO     | generation      | TIMING | GENERATION                     | generation_ms=4384.22 | chunks=209 | tokens=155
2026-03-12 19:28:18,563 | INFO     | generation      | TIMING | SOURCE_DOCS_FINAL              | captured_count=13 | result_count=13 | final_count=13
2026-03-12 19:28:18,566 | INFO     | api             | TIMING | STREAMING_COMPLETE             | Duration: 4390.43ms | chunks=209 | response_length=1068 | first_chunk_ms=3488.55
2026-03-12 19:28:18,577 | INFO     | api             | TIMING | DB_ADD_AI_WS                   | Duration: 7.07ms | response_length=1068
2026-03-12 19:28:18,578 | INFO     | api             | ====================================================================================================
2026-03-12 19:28:18,579 | INFO     | api             | QUERY_COMPLETE | ID: 928980b1 | Status: SUCCESS
2026-03-12 19:28:18,580 | INFO     | api             | TOTAL_TIME | 4412.37ms
2026-03-12 19:28:18,581 | INFO     | api             | ====================================================================================================
2026-03-12 19:28:18,584 | INFO     | api             | WebSocket client disconnected - request_id=928980b1
2026-03-15 13:00:00,472 | INFO     | retrieval       | TIMING | BM25_CACHE_LOAD                | Duration: 135.95ms | source=disk
2026-03-15 13:00:01,653 | INFO     | image_analyzer  | Initializing CLIPDiseaseAnalyzer...
2026-03-15 13:00:06,262 | INFO     | image_analyzer  | Encoding disease text prompts...
2026-03-15 13:00:07,039 | INFO     | image_analyzer  | Reference FAISS index loaded: 283 images
2026-03-15 13:00:07,039 | INFO     | image_analyzer  | TIMING | CLIP_ANALYZER_INIT             | Duration: 5379.84ms | device=cpu | disease_categories=20 | ref_index_loaded=True | ref_images_count=283
2026-03-15 13:01:41,346 | INFO     | api             | ====================================================================================================
2026-03-15 13:01:41,346 | INFO     | api             | QUERY_START | ID: 6c898576 | Question: And How to manage both?...
2026-03-15 13:01:41,346 | INFO     | api             | ====================================================================================================
2026-03-15 13:01:41,352 | INFO     | api             | TIMING | DB_ADD_USER_WS                 | Duration: 4.09ms
2026-03-15 13:01:41,354 | INFO     | api             | TIMING | HISTORY_RETRIEVAL_WS           | Duration: 1.73ms | history_items=2
2026-03-15 13:01:43,389 | INFO     | generation      | TIMING | MEMORY_SYNC_STREAM             | Duration: 2032.8ms | history_items=2
2026-03-15 13:01:43,390 | INFO     | generation      | TIMING | CONDENSE_QUESTION_LLM             | Started (rephrasing follow-up as standalone question)
2026-03-15 13:01:44,271 | INFO     | generation      | TIMING | CONDENSE_QUESTION_LLM          | Duration: 883.08ms
2026-03-15 13:01:47,432 | INFO     | retrieval       | TIMING | ENSEMBLE_RETRIEVAL             | Duration: 4035.4ms | docs_retrieved=15
2026-03-15 13:01:47,432 | INFO     | retrieval       | TIMING | DOCUMENT_RERANKING             | Duration: 0.39ms | docs_processed=15 | docs_returned=8
2026-03-15 13:01:47,432 | INFO     | retrieval       | TIMING | RETRIEVAL                      | num_docs=8 | retrieval_ms=4036.65 | methods=ensemble
2026-03-15 13:01:47,432 | INFO     | generation      | TIMING | PARALLEL_CONDENSE_RETRIEVE     | Duration: 4054.13ms | original_docs=8
2026-03-15 13:01:47,432 | INFO     | retrieval       | TIMING | QUERY_PREPROCESS               | Duration: 0.01ms | enhancements=2 | applied_domains=late blight,early blight
2026-03-15 13:01:50,240 | INFO     | retrieval       | TIMING | ENSEMBLE_RETRIEVAL             | Duration: 2796.91ms | docs_retrieved=14
2026-03-15 13:01:50,240 | INFO     | retrieval       | TIMING | DOCUMENT_RERANKING             | Duration: 0.43ms | docs_processed=14 | docs_returned=8
2026-03-15 13:01:50,240 | INFO     | retrieval       | TIMING | RETRIEVAL                      | num_docs=8 | retrieval_ms=2798.86 | methods=ensemble
2026-03-15 13:01:50,240 | INFO     | generation      | TIMING | CONDENSED_RETRIEVAL_MERGE      | Duration: 2799.41ms | extra_docs=8 | total_docs=16
2026-03-15 13:01:50,240 | INFO     | generation      | TIMING | SOURCE_DOCS_CAPTURED           | count=16
2026-03-15 13:01:51,911 | INFO     | generation      | TIMING | STREAMING_CHUNKS               | Duration: 1666.71ms | chunk_count=411 | answer_length=2017
2026-03-15 13:01:51,911 | INFO     | generation      | TIMING | GENERATION                     | generation_ms=10555.55 | chunks=411 | tokens=274
2026-03-15 13:01:51,912 | INFO     | generation      | TIMING | SOURCE_DOCS_FINAL              | captured_count=16 | result_count=16 | final_count=16
2026-03-15 13:01:51,912 | INFO     | api             | TIMING | STREAMING_COMPLETE             | Duration: 10557.3ms | chunks=411 | response_length=2017 | first_chunk_ms=9328.81
2026-03-15 13:01:51,918 | INFO     | api             | TIMING | DB_ADD_AI_WS                   | Duration: 4.02ms | response_length=2017
2026-03-15 13:01:51,919 | INFO     | api             | ====================================================================================================
2026-03-15 13:01:51,919 | INFO     | api             | QUERY_COMPLETE | ID: 6c898576 | Status: SUCCESS
2026-03-15 13:01:51,919 | INFO     | api             | TOTAL_TIME | 10572.58ms
2026-03-15 13:01:51,920 | INFO     | api             | ====================================================================================================
2026-03-15 13:01:51,921 | INFO     | api             | WebSocket client disconnected - request_id=6c898576
2026-03-18 10:39:14,464 | INFO     | retrieval       | TIMING | BM25_CACHE_LOAD                | Duration: 144.21ms | source=disk
2026-03-18 10:39:15,666 | INFO     | image_analyzer  | Initializing CLIPDiseaseAnalyzer...
2026-03-18 10:39:22,345 | INFO     | image_analyzer  | Encoding disease text prompts...
2026-03-18 10:39:23,152 | INFO     | image_analyzer  | Reference FAISS index loaded: 283 images
2026-03-18 10:39:23,152 | INFO     | image_analyzer  | TIMING | CLIP_ANALYZER_INIT             | Duration: 7485.38ms | device=cpu | disease_categories=20 | ref_index_loaded=True | ref_images_count=283
2026-03-18 11:49:50,324 | INFO     | api             | ====================================================================================================
2026-03-18 11:49:50,325 | INFO     | api             | QUERY_START | ID: 23e8bd11 | Question: IMAGE_ANALYSIS: Late_blight_test.jpg...
2026-03-18 11:49:50,325 | INFO     | api             | ====================================================================================================
2026-03-18 11:49:51,373 | INFO     | image_analyzer  | TIMING | ZERO_SHOT_CLASSIFY             | Duration: 1041.9ms | top_disease=Calcium Deficiency | top_confidence=19.8
2026-03-18 11:49:51,687 | INFO     | image_analyzer  | TIMING | REF_IMAGE_MATCHING             | Duration: 314.15ms | results=10
2026-03-18 11:49:51,689 | INFO     | image_analyzer  | TIMING | FULL_IMAGE_ANALYSIS            | Duration: 1360.53ms | prediction=Late Blight | confidence=37.0 | ref_images_used=10 | mode=hybrid
2026-03-18 11:49:51,689 | INFO     | api             | TIMING | CLIP_IMAGE_ANALYSIS            | Duration: 1362.22ms | prediction=Late Blight | confidence=0.3703
2026-03-18 11:49:51,720 | INFO     | generation      | TIMING | MEMORY_CLEAR                   | Cleared stale chain memory for new conversation
2026-03-18 11:49:51,791 | INFO     | retrieval       | TIMING | QUERY_PREPROCESS               | Duration: 0.05ms | enhancements=1 | applied_domains=late blight
2026-03-18 11:49:58,162 | INFO     | retrieval       | TIMING | ENSEMBLE_RETRIEVAL             | Duration: 6371.29ms | docs_retrieved=14
2026-03-18 11:49:58,174 | INFO     | retrieval       | TIMING | DOCUMENT_RERANKING             | Duration: 5.64ms | docs_processed=14 | docs_returned=8
2026-03-18 11:49:58,174 | INFO     | retrieval       | TIMING | RETRIEVAL                      | num_docs=8 | retrieval_ms=6381.58 | methods=ensemble
2026-03-18 11:49:58,174 | INFO     | generation      | TIMING | SOURCE_DOCS_CAPTURED           | count=8
2026-03-18 11:50:00,114 | INFO     | generation      | TIMING | CHAIN_INVOCATION               | Duration: 1937.55ms | answer_length=2311 | source_docs=8
2026-03-18 11:50:00,116 | INFO     | generation      | TIMING | GENERATION                     | generation_ms=8395.87
2026-03-18 11:50:00,116 | INFO     | api             | TIMING | IMAGE_RAG_CHAIN                | Duration: 8397.24ms
2026-03-18 11:50:00,124 | INFO     | api             | ====================================================================================================
2026-03-18 11:50:00,124 | INFO     | api             | QUERY_COMPLETE | ID: 23e8bd11 | Status: SUCCESS
2026-03-18 11:50:00,124 | INFO     | api             | TOTAL_TIME | 9966.14ms
2026-03-18 11:50:00,124 | INFO     | api             | ====================================================================================================
2026-03-19 11:11:13,102 | INFO     | api             | ====================================================================================================
2026-03-19 11:11:13,102 | INFO     | api             | QUERY_START | ID: aa814c2a | Question: I have found yellow spot in potato leaves after 15 days of plantation what could...
2026-03-19 11:11:13,104 | INFO     | api             | ====================================================================================================
2026-03-19 11:11:13,109 | INFO     | api             | TIMING | DB_ADD_USER_WS                 | Duration: 5.22ms
2026-03-19 11:11:13,113 | INFO     | api             | TIMING | HISTORY_RETRIEVAL_WS           | Duration: 2.61ms | history_items=0
2026-03-19 11:11:13,115 | INFO     | generation      | TIMING | MEMORY_CLEAR                   | Cleared stale chain memory for new conversation
2026-03-19 11:11:15,988 | INFO     | retrieval       | TIMING | ENSEMBLE_RETRIEVAL             | Duration: 2866.56ms | docs_retrieved=14
2026-03-19 11:11:15,991 | INFO     | retrieval       | TIMING | DOCUMENT_RERANKING             | Duration: 1.75ms | docs_processed=14 | docs_returned=8
2026-03-19 11:11:15,992 | INFO     | retrieval       | TIMING | RETRIEVAL                      | num_docs=8 | retrieval_ms=2870.06 | methods=ensemble
2026-03-19 11:11:15,992 | INFO     | generation      | TIMING | SOURCE_DOCS_CAPTURED           | count=8
2026-03-19 11:11:18,219 | INFO     | generation      | TIMING | STREAMING_CHUNKS               | Duration: 2224.89ms | chunk_count=403 | answer_length=2082
2026-03-19 11:11:18,220 | INFO     | generation      | TIMING | GENERATION                     | generation_ms=5104.48 | chunks=403 | tokens=328
2026-03-19 11:11:18,222 | INFO     | generation      | TIMING | SOURCE_DOCS_FINAL              | captured_count=8 | result_count=8 | final_count=8
2026-03-19 11:11:18,224 | INFO     | api             | TIMING | STREAMING_COMPLETE             | Duration: 5109.95ms | chunks=403 | response_length=2082 | first_chunk_ms=3261.39
2026-03-19 11:11:18,229 | INFO     | api             | TIMING | DB_ADD_AI_WS                   | Duration: 4.98ms | response_length=2082
2026-03-19 11:11:18,231 | INFO     | api             | ====================================================================================================
2026-03-19 11:11:18,231 | INFO     | api             | QUERY_COMPLETE | ID: aa814c2a | Status: SUCCESS
2026-03-19 11:11:18,231 | INFO     | api             | TOTAL_TIME | 5134.2ms
2026-03-19 11:11:18,232 | INFO     | api             | ====================================================================================================
2026-03-19 11:11:18,234 | INFO     | api             | WebSocket client disconnected - request_id=aa814c2a
2026-03-19 11:13:34,504 | INFO     | api             | ====================================================================================================
2026-03-19 11:13:34,505 | INFO     | api             | QUERY_START | ID: 0baf12fe | Question: IMAGE_ANALYSIS: Late_blight_test.jpg...
2026-03-19 11:13:34,505 | INFO     | api             | ====================================================================================================
2026-03-19 11:13:35,346 | INFO     | image_analyzer  | TIMING | ZERO_SHOT_CLASSIFY             | Duration: 840.84ms | top_disease=Calcium Deficiency | top_confidence=19.8
2026-03-19 11:13:35,992 | INFO     | image_analyzer  | TIMING | REF_IMAGE_MATCHING             | Duration: 642.17ms | results=10
2026-03-19 11:13:35,994 | INFO     | image_analyzer  | TIMING | FULL_IMAGE_ANALYSIS            | Duration: 1488.81ms | prediction=Late Blight | confidence=37.0 | ref_images_used=10 | mode=hybrid
2026-03-19 11:13:35,994 | INFO     | api             | TIMING | CLIP_IMAGE_ANALYSIS            | Duration: 1489.82ms | prediction=Late Blight | confidence=0.3703
2026-03-19 11:13:39,138 | INFO     | generation      | TIMING | MEMORY_SYNC                    | Duration: 3086.36ms | history_items=1
2026-03-19 11:13:39,140 | INFO     | generation      | TIMING | CONDENSE_QUESTION_LLM             | Started (rephrasing follow-up as standalone question)
2026-03-19 11:13:39,150 | INFO     | retrieval       | TIMING | QUERY_PREPROCESS               | Duration: 0.02ms | enhancements=1 | applied_domains=late blight
2026-03-19 11:13:39,722 | INFO     | generation      | TIMING | CONDENSE_QUESTION_LLM          | Duration: 582.13ms
2026-03-19 11:13:40,899 | INFO     | retrieval       | TIMING | ENSEMBLE_RETRIEVAL             | Duration: 1747.68ms | docs_retrieved=14
2026-03-19 11:13:40,902 | INFO     | retrieval       | TIMING | DOCUMENT_RERANKING             | Duration: 1.61ms | docs_processed=14 | docs_returned=8
2026-03-19 11:13:40,902 | INFO     | retrieval       | TIMING | RETRIEVAL                      | num_docs=8 | retrieval_ms=1752.16 | methods=ensemble
2026-03-19 11:13:40,903 | INFO     | generation      | TIMING | PARALLEL_CONDENSE_RETRIEVE     | Duration: 1764.6ms | original_docs=8
2026-03-19 11:13:40,903 | INFO     | retrieval       | TIMING | QUERY_PREPROCESS               | Duration: 0.01ms | enhancements=1 | applied_domains=late blight
2026-03-19 11:13:41,296 | INFO     | retrieval       | TIMING | ENSEMBLE_RETRIEVAL             | Duration: 391.91ms | docs_retrieved=14
2026-03-19 11:13:41,298 | INFO     | retrieval       | TIMING | DOCUMENT_RERANKING             | Duration: 1.31ms | docs_processed=14 | docs_returned=8
2026-03-19 11:13:41,298 | INFO     | retrieval       | TIMING | RETRIEVAL                      | num_docs=8 | retrieval_ms=394.78 | methods=ensemble
2026-03-19 11:13:41,298 | INFO     | generation      | TIMING | CONDENSED_RETRIEVAL_MERGE      | Duration: 395.46ms | extra_docs=5 | total_docs=13
2026-03-19 11:13:41,300 | INFO     | generation      | TIMING | SOURCE_DOCS_CAPTURED           | count=13
2026-03-19 11:13:43,386 | INFO     | generation      | TIMING | CHAIN_INVOCATION               | Duration: 2085.19ms | answer_length=2318 | source_docs=13
2026-03-19 11:13:43,386 | INFO     | generation      | TIMING | GENERATION                     | generation_ms=7335.38
2026-03-19 11:13:43,386 | INFO     | api             | TIMING | IMAGE_RAG_CHAIN                | Duration: 7336.26ms
2026-03-19 11:13:43,392 | INFO     | api             | ====================================================================================================
2026-03-19 11:13:43,393 | INFO     | api             | QUERY_COMPLETE | ID: 0baf12fe | Status: SUCCESS
2026-03-19 11:13:43,393 | INFO     | api             | TOTAL_TIME | 8948.11ms
2026-03-19 11:13:43,394 | INFO     | api             | ====================================================================================================
2026-03-19 11:14:35,950 | INFO     | api             | ====================================================================================================
2026-03-19 11:14:35,951 | INFO     | api             | QUERY_START | ID: 6ed03112 | Question: which fungicides to use to control it?...
2026-03-19 11:14:35,952 | INFO     | api             | ====================================================================================================
2026-03-19 11:14:35,958 | INFO     | api             | TIMING | DB_ADD_USER_WS                 | Duration: 5.7ms
2026-03-19 11:14:35,970 | INFO     | api             | TIMING | HISTORY_RETRIEVAL_WS           | Duration: 10.91ms | history_items=2
2026-03-19 11:14:36,345 | INFO     | generation      | TIMING | MEMORY_SYNC_STREAM             | Duration: 370.22ms | history_items=2
2026-03-19 11:14:36,350 | INFO     | generation      | TIMING | CONDENSE_QUESTION_LLM             | Started (rephrasing follow-up as standalone question)
2026-03-19 11:14:36,680 | INFO     | generation      | TIMING | CONDENSE_QUESTION_LLM          | Duration: 330.75ms
2026-03-19 11:14:38,943 | INFO     | retrieval       | TIMING | ENSEMBLE_RETRIEVAL             | Duration: 2587.37ms | docs_retrieved=14
2026-03-19 11:14:38,945 | INFO     | retrieval       | TIMING | DOCUMENT_RERANKING             | Duration: 1.04ms | docs_processed=14 | docs_returned=8
2026-03-19 11:14:38,945 | INFO     | retrieval       | TIMING | RETRIEVAL                      | num_docs=8 | retrieval_ms=2590.17 | methods=ensemble
2026-03-19 11:14:38,947 | INFO     | generation      | TIMING | PARALLEL_CONDENSE_RETRIEVE     | Duration: 2600.07ms | original_docs=8
2026-03-19 11:14:38,948 | INFO     | retrieval       | TIMING | QUERY_PREPROCESS               | Duration: 0.01ms | enhancements=1 | applied_domains=late blight
2026-03-19 11:14:39,325 | INFO     | retrieval       | TIMING | ENSEMBLE_RETRIEVAL             | Duration: 376.93ms | docs_retrieved=14
2026-03-19 11:14:39,327 | INFO     | retrieval       | TIMING | DOCUMENT_RERANKING             | Duration: 1.39ms | docs_processed=14 | docs_returned=8
2026-03-19 11:14:39,327 | INFO     | retrieval       | TIMING | RETRIEVAL                      | num_docs=8 | retrieval_ms=380.11 | methods=ensemble
2026-03-19 11:14:39,328 | INFO     | generation      | TIMING | CONDENSED_RETRIEVAL_MERGE      | Duration: 381.3ms | extra_docs=8 | total_docs=16
2026-03-19 11:14:39,329 | INFO     | generation      | TIMING | SOURCE_DOCS_CAPTURED           | count=16
2026-03-19 11:14:40,714 | INFO     | generation      | TIMING | STREAMING_CHUNKS               | Duration: 1383.32ms | chunk_count=321 | answer_length=1152
2026-03-19 11:14:40,717 | INFO     | generation      | TIMING | GENERATION                     | generation_ms=4741.42 | chunks=321 | tokens=169
2026-03-19 11:14:40,720 | INFO     | generation      | TIMING | SOURCE_DOCS_FINAL              | captured_count=16 | result_count=16 | final_count=16
2026-03-19 11:14:40,722 | INFO     | api             | TIMING | STREAMING_COMPLETE             | Duration: 4749.54ms | chunks=321 | response_length=1152 | first_chunk_ms=3697.85
2026-03-19 11:14:40,735 | INFO     | api             | TIMING | DB_ADD_AI_WS                   | Duration: 10.23ms | response_length=1152
2026-03-19 11:14:40,736 | INFO     | api             | ====================================================================================================
2026-03-19 11:14:40,736 | INFO     | api             | QUERY_COMPLETE | ID: 6ed03112 | Status: SUCCESS
2026-03-19 11:14:40,737 | INFO     | api             | TOTAL_TIME | 4791.49ms
2026-03-19 11:14:40,737 | INFO     | api             | ====================================================================================================
2026-03-19 11:14:40,738 | INFO     | api             | WebSocket client disconnected - request_id=6ed03112
2026-03-24 12:30:38,308 | INFO     | retrieval       | TIMING | BM25_CACHE_LOAD                | Duration: 150.19ms | source=disk
2026-03-24 12:30:39,542 | INFO     | image_analyzer  | Initializing CLIPDiseaseAnalyzer...
2026-03-24 12:30:45,422 | INFO     | image_analyzer  | Encoding disease text prompts...
2026-03-24 12:30:46,325 | INFO     | image_analyzer  | Reference FAISS index loaded: 283 images
2026-03-24 12:30:46,325 | INFO     | image_analyzer  | TIMING | CLIP_ANALYZER_INIT             | Duration: 6775.16ms | device=cpu | disease_categories=20 | ref_index_loaded=True | ref_images_count=283
2026-03-24 12:31:40,385 | INFO     | api             | ====================================================================================================
2026-03-24 12:31:40,386 | INFO     | api             | QUERY_START | ID: 90570949 | Question: Leaves are yellow with patches...
2026-03-24 12:31:40,386 | INFO     | api             | ====================================================================================================
2026-03-24 12:31:40,387 | INFO     | api             | TIMING | DB_ADD_USER_MESSAGE            | Duration: 2.27ms
2026-03-24 12:31:40,387 | INFO     | api             | TIMING | HISTORY_RETRIEVAL              | Duration: 1.36ms | history_items=0
2026-03-24 12:31:40,387 | INFO     | api             | TIMING | DB_ADD_AI_MESSAGE              | Duration: 1.94ms | response_length=157
2026-03-24 12:31:40,387 | INFO     | api             | ====================================================================================================
2026-03-24 12:31:40,387 | INFO     | api             | QUERY_COMPLETE | ID: 90570949 | Status: SUCCESS
2026-03-24 12:31:40,387 | INFO     | api             | TOTAL_TIME | 15.94ms
2026-03-24 12:31:40,387 | INFO     | api             | ====================================================================================================
2026-03-24 12:31:40,403 | INFO     | api             | ====================================================================================================
2026-03-24 12:31:40,403 | INFO     | api             | QUERY_START | ID: ae93dd59 | Question: yes...
2026-03-24 12:31:40,403 | INFO     | api             | ====================================================================================================
2026-03-24 12:31:40,407 | INFO     | api             | TIMING | DB_ADD_USER_MESSAGE            | Duration: 2.0ms
2026-03-24 12:31:40,409 | INFO     | api             | TIMING | HISTORY_RETRIEVAL              | Duration: 1.47ms | history_items=1
2026-03-24 12:31:40,411 | INFO     | api             | TIMING | DB_ADD_AI_MESSAGE              | Duration: 1.93ms | response_length=144
2026-03-24 12:31:40,411 | INFO     | api             | ====================================================================================================
2026-03-24 12:31:40,411 | INFO     | api             | QUERY_COMPLETE | ID: ae93dd59 | Status: SUCCESS
2026-03-24 12:31:40,411 | INFO     | api             | TOTAL_TIME | 8.17ms
2026-03-24 12:31:40,412 | INFO     | api             | ====================================================================================================
2026-03-24 12:31:40,413 | INFO     | api             | ====================================================================================================
2026-03-24 12:31:40,414 | INFO     | api             | QUERY_START | ID: 8d46f255 | Question: yes...
2026-03-24 12:31:40,414 | INFO     | api             | ====================================================================================================
2026-03-24 12:31:40,417 | INFO     | api             | TIMING | DB_ADD_USER_MESSAGE            | Duration: 1.91ms
2026-03-24 12:31:40,419 | INFO     | api             | TIMING | HISTORY_RETRIEVAL              | Duration: 1.36ms | history_items=2
2026-03-24 12:31:42,275 | INFO     | generation      | TIMING | MEMORY_SYNC                    | Duration: 1857.06ms | history_items=2
2026-03-24 12:31:42,275 | INFO     | generation      | TIMING | CONDENSE_QUESTION_LLM             | Started (rephrasing follow-up as standalone question)
2026-03-24 12:31:43,170 | INFO     | generation      | TIMING | CONDENSE_QUESTION_LLM          | Duration: 898.24ms
2026-03-24 12:31:44,588 | WARNING  | retrieval       | Ensemble retrieval failed, using semantic: Error code: 401 - {'error': {'message': 'Incorrect API key provided: your_key*here. You can find your API key at https://platform.openai.com/account/api-keys.', 'type': 'invalid_request_error', 'param': None, 'code': 'invalid_api_key'}}
2026-03-24 12:31:44,840 | ERROR    | retrieval       | Enhanced retrieval failed: Error code: 401 - {'error': {'message': 'Incorrect API key provided: your_key*here. You can find your API key at https://platform.openai.com/account/api-keys.', 'type': 'invalid_request_error', 'param': None, 'code': 'invalid_api_key'}}
2026-03-24 12:31:45,040 | ERROR    | generation      | Error in chain invocation: Error code: 401 - {'error': {'message': 'Incorrect API key provided: your_key*here. You can find your API key at https://platform.openai.com/account/api-keys.', 'type': 'invalid_request_error', 'param': None, 'code': 'invalid_api_key'}}
2026-03-24 12:31:45,040 | INFO     | generation      | TIMING | INVOKE_ERROR                   | Duration: 4621.33ms | error=AuthenticationError
2026-03-24 12:31:45,041 | INFO     | api             | TIMING | DIAGNOSIS_TARGETED_RAG         | Duration: 4622.51ms
2026-03-24 12:31:45,047 | INFO     | api             | TIMING | DB_ADD_AI_MESSAGE              | Duration: 5.44ms | response_length=183
2026-03-24 12:31:45,048 | INFO     | api             | ====================================================================================================
2026-03-24 12:31:45,048 | INFO     | api             | QUERY_COMPLETE | ID: 8d46f255 | Status: SUCCESS
2026-03-24 12:31:45,048 | INFO     | api             | TOTAL_TIME | 4634.37ms
2026-03-24 12:31:45,048 | INFO     | api             | ====================================================================================================
2026-03-24 12:31:45,101 | INFO     | api             | ====================================================================================================
2026-03-24 12:31:45,101 | INFO     | api             | QUERY_START | ID: 7c9c2388 | Question: Leaves are yellow with patches...
2026-03-24 12:31:45,101 | INFO     | api             | ====================================================================================================
2026-03-24 12:31:45,107 | INFO     | api             | TIMING | DB_ADD_USER_WS                 | Duration: 3.08ms
2026-03-24 12:31:45,109 | INFO     | api             | TIMING | HISTORY_RETRIEVAL_WS           | Duration: 1.34ms | history_items=0
2026-03-24 12:31:45,111 | INFO     | api             | TIMING | DB_ADD_AI_WS                   | Duration: 2.21ms | response_length=157
2026-03-24 12:31:45,112 | INFO     | api             | ====================================================================================================
2026-03-24 12:31:45,112 | INFO     | api             | QUERY_COMPLETE | ID: 7c9c2388 | Status: SUCCESS
2026-03-24 12:31:45,112 | INFO     | api             | TOTAL_TIME | 11.02ms
2026-03-24 12:31:45,112 | INFO     | api             | ====================================================================================================
2026-03-24 12:31:45,113 | INFO     | api             | ====================================================================================================
2026-03-24 12:31:45,113 | INFO     | api             | QUERY_START | ID: 7c9c2388 | Question: yes...
2026-03-24 12:31:45,113 | INFO     | api             | ====================================================================================================
2026-03-24 12:31:45,117 | INFO     | api             | TIMING | DB_ADD_USER_WS                 | Duration: 2.18ms
2026-03-24 12:31:45,119 | INFO     | api             | TIMING | HISTORY_RETRIEVAL_WS           | Duration: 1.27ms | history_items=1
2026-03-24 12:31:45,121 | INFO     | api             | TIMING | DB_ADD_AI_WS                   | Duration: 2.54ms | response_length=144
2026-03-24 12:31:45,121 | INFO     | api             | ====================================================================================================
2026-03-24 12:31:45,122 | INFO     | api             | QUERY_COMPLETE | ID: 7c9c2388 | Status: SUCCESS
2026-03-24 12:31:45,122 | INFO     | api             | TOTAL_TIME | 21.53ms
2026-03-24 12:31:45,122 | INFO     | api             | ====================================================================================================
2026-03-24 12:31:45,123 | INFO     | api             | ====================================================================================================
2026-03-24 12:31:45,123 | INFO     | api             | QUERY_START | ID: 7c9c2388 | Question: yes...
2026-03-24 12:31:45,124 | INFO     | api             | ====================================================================================================
2026-03-24 12:31:45,124 | INFO     | api             | TIMING | DB_ADD_USER_WS                 | Duration: 2.05ms
2026-03-24 12:31:45,124 | INFO     | api             | TIMING | HISTORY_RETRIEVAL_WS           | Duration: 1.34ms | history_items=2
2026-03-24 12:31:45,124 | INFO     | generation      | TIMING | MEMORY_SYNC                    | Duration: 0.51ms | history_items=2
2026-03-24 12:31:45,124 | INFO     | generation      | TIMING | CONDENSE_QUESTION_LLM             | Started (rephrasing follow-up as standalone question)
2026-03-24 12:31:45,334 | WARNING  | retrieval       | Ensemble retrieval failed, using semantic: Error code: 401 - {'error': {'message': 'Incorrect API key provided: your_key*here. You can find your API key at https://platform.openai.com/account/api-keys.', 'type': 'invalid_request_error', 'param': None, 'code': 'invalid_api_key'}}
2026-03-24 12:31:45,468 | INFO     | generation      | TIMING | CONDENSE_QUESTION_LLM          | Duration: 336.63ms
2026-03-24 12:31:45,538 | ERROR    | retrieval       | Enhanced retrieval failed: Error code: 401 - {'error': {'message': 'Incorrect API key provided: your_key*here. You can find your API key at https://platform.openai.com/account/api-keys.', 'type': 'invalid_request_error', 'param': None, 'code': 'invalid_api_key'}}
2026-03-24 12:31:45,780 | ERROR    | generation      | Error in chain invocation: Error code: 401 - {'error': {'message': 'Incorrect API key provided: your_key*here. You can find your API key at https://platform.openai.com/account/api-keys.', 'type': 'invalid_request_error', 'param': None, 'code': 'invalid_api_key'}}
2026-03-24 12:31:45,781 | INFO     | generation      | TIMING | INVOKE_ERROR                   | Duration: 650.24ms | error=AuthenticationError
2026-03-24 12:31:45,782 | INFO     | api             | TIMING | WS_DIAGNOSIS_TARGETED_RAG      | Duration: 651.8ms
2026-03-24 12:31:45,787 | INFO     | api             | TIMING | DB_ADD_AI_WS                   | Duration: 5.4ms | response_length=183
2026-03-24 12:31:45,787 | INFO     | api             | ====================================================================================================
2026-03-24 12:31:45,787 | INFO     | api             | QUERY_COMPLETE | ID: 7c9c2388 | Status: SUCCESS
2026-03-24 12:31:45,787 | INFO     | api             | TOTAL_TIME | 687.84ms
2026-03-24 12:31:45,787 | INFO     | api             | ====================================================================================================
2026-03-24 12:31:45,787 | INFO     | api             | WebSocket client disconnected - request_id=7c9c2388
2026-03-24 12:32:06,762 | INFO     | api             | ====================================================================================================
2026-03-24 12:32:06,762 | INFO     | api             | QUERY_START | ID: 24f5ad26 | Question: Leaves are yellow with patches...
2026-03-24 12:32:06,763 | INFO     | api             | ====================================================================================================
2026-03-24 12:32:06,767 | INFO     | api             | TIMING | DB_ADD_USER_MESSAGE            | Duration: 3.05ms
2026-03-24 12:32:06,769 | INFO     | api             | TIMING | HISTORY_RETRIEVAL              | Duration: 1.86ms | history_items=0
2026-03-24 12:32:06,773 | INFO     | api             | TIMING | DB_ADD_AI_MESSAGE              | Duration: 3.38ms | response_length=157
2026-03-24 12:32:06,773 | INFO     | api             | ====================================================================================================
2026-03-24 12:32:06,774 | INFO     | api             | QUERY_COMPLETE | ID: 24f5ad26 | Status: SUCCESS
2026-03-24 12:32:06,774 | INFO     | api             | TOTAL_TIME | 11.08ms
2026-03-24 12:32:06,774 | INFO     | api             | ====================================================================================================
2026-03-24 12:32:06,790 | INFO     | api             | ====================================================================================================
2026-03-24 12:32:06,791 | INFO     | api             | QUERY_START | ID: ced08edf | Question: yes...
2026-03-24 12:32:06,791 | INFO     | api             | ====================================================================================================
2026-03-24 12:32:06,791 | INFO     | api             | TIMING | DB_ADD_USER_MESSAGE            | Duration: 3.08ms
2026-03-24 12:32:06,791 | INFO     | api             | TIMING | HISTORY_RETRIEVAL              | Duration: 1.58ms | history_items=1
2026-03-24 12:32:06,802 | INFO     | api             | TIMING | DB_ADD_AI_MESSAGE              | Duration: 3.2ms | response_length=144
2026-03-24 12:32:06,802 | INFO     | api             | ====================================================================================================
2026-03-24 12:32:06,803 | INFO     | api             | QUERY_COMPLETE | ID: ced08edf | Status: SUCCESS
2026-03-24 12:32:06,803 | INFO     | api             | TOTAL_TIME | 11.9ms
2026-03-24 12:32:06,803 | INFO     | api             | ====================================================================================================
2026-03-24 12:32:06,803 | INFO     | api             | ====================================================================================================
2026-03-24 12:32:06,803 | INFO     | api             | QUERY_START | ID: 67b14234 | Question: yes...
2026-03-24 12:32:06,803 | INFO     | api             | ====================================================================================================
2026-03-24 12:32:06,803 | INFO     | api             | TIMING | DB_ADD_USER_MESSAGE            | Duration: 2.36ms
2026-03-24 12:32:06,803 | INFO     | api             | TIMING | HISTORY_RETRIEVAL              | Duration: 1.61ms | history_items=2
2026-03-24 12:32:06,803 | INFO     | generation      | TIMING | MEMORY_SYNC                    | Duration: 0.77ms | history_items=2
2026-03-24 12:32:06,803 | INFO     | generation      | TIMING | CONDENSE_QUESTION_LLM             | Started (rephrasing follow-up as standalone question)
2026-03-24 12:32:07,528 | WARNING  | retrieval       | Ensemble retrieval failed, using semantic: Error code: 401 - {'error': {'message': 'Incorrect API key provided: your_key*here. You can find your API key at https://platform.openai.com/account/api-keys.', 'type': 'invalid_request_error', 'param': None, 'code': 'invalid_api_key'}}
2026-03-24 12:32:07,726 | INFO     | generation      | TIMING | CONDENSE_QUESTION_LLM          | Duration: 919.52ms
2026-03-24 12:32:07,990 | ERROR    | retrieval       | Enhanced retrieval failed: Error code: 401 - {'error': {'message': 'Incorrect API key provided: your_key*here. You can find your API key at https://platform.openai.com/account/api-keys.', 'type': 'invalid_request_error', 'param': None, 'code': 'invalid_api_key'}}
2026-03-24 12:32:08,213 | ERROR    | generation      | Error in chain invocation: Error code: 401 - {'error': {'message': 'Incorrect API key provided: your_key*here. You can find your API key at https://platform.openai.com/account/api-keys.', 'type': 'invalid_request_error', 'param': None, 'code': 'invalid_api_key'}}
2026-03-24 12:32:08,214 | INFO     | generation      | TIMING | INVOKE_ERROR                   | Duration: 1400.86ms | error=AuthenticationError
2026-03-24 12:32:08,214 | INFO     | api             | TIMING | DIAGNOSIS_TARGETED_RAG         | Duration: 1401.67ms
2026-03-24 12:32:08,218 | INFO     | api             | TIMING | DB_ADD_AI_MESSAGE              | Duration: 4.93ms | response_length=183
2026-03-24 12:32:08,218 | INFO     | api             | ====================================================================================================
2026-03-24 12:32:08,218 | INFO     | api             | QUERY_COMPLETE | ID: 67b14234 | Status: SUCCESS
2026-03-24 12:32:08,220 | INFO     | api             | TOTAL_TIME | 1413.98ms
2026-03-24 12:32:08,220 | INFO     | api             | ====================================================================================================
2026-03-24 12:32:08,272 | INFO     | api             | ====================================================================================================
2026-03-24 12:32:08,272 | INFO     | api             | QUERY_START | ID: 1b75ac39 | Question: Leaves are yellow with patches...
2026-03-24 12:32:08,272 | INFO     | api             | ====================================================================================================
2026-03-24 12:32:08,286 | INFO     | api             | TIMING | DB_ADD_USER_WS                 | Duration: 3.13ms
2026-03-24 12:32:08,289 | INFO     | api             | TIMING | HISTORY_RETRIEVAL_WS           | Duration: 1.64ms | history_items=0
2026-03-24 12:32:08,293 | INFO     | api             | TIMING | DB_ADD_AI_WS                   | Duration: 3.31ms | response_length=157
2026-03-24 12:32:08,293 | INFO     | api             | ====================================================================================================
2026-03-24 12:32:08,293 | INFO     | api             | QUERY_COMPLETE | ID: 1b75ac39 | Status: SUCCESS
2026-03-24 12:32:08,294 | INFO     | api             | TOTAL_TIME | 13.26ms
2026-03-24 12:32:08,294 | INFO     | api             | ====================================================================================================
2026-03-24 12:32:08,295 | INFO     | api             | ====================================================================================================
2026-03-24 12:32:08,295 | INFO     | api             | QUERY_START | ID: 1b75ac39 | Question: yes...
2026-03-24 12:32:08,295 | INFO     | api             | ====================================================================================================
2026-03-24 12:32:08,300 | INFO     | api             | TIMING | DB_ADD_USER_WS                 | Duration: 3.1ms
2026-03-24 12:32:08,302 | INFO     | api             | TIMING | HISTORY_RETRIEVAL_WS           | Duration: 1.69ms | history_items=1
2026-03-24 12:32:08,307 | INFO     | api             | TIMING | DB_ADD_AI_WS                   | Duration: 2.95ms | response_length=144
2026-03-24 12:32:08,307 | INFO     | api             | ====================================================================================================
2026-03-24 12:32:08,308 | INFO     | api             | QUERY_COMPLETE | ID: 1b75ac39 | Status: SUCCESS
2026-03-24 12:32:08,308 | INFO     | api             | TOTAL_TIME | 27.04ms
2026-03-24 12:32:08,308 | INFO     | api             | ====================================================================================================
2026-03-24 12:32:08,309 | INFO     | api             | ====================================================================================================
2026-03-24 12:32:08,309 | INFO     | api             | QUERY_START | ID: 1b75ac39 | Question: yes...
2026-03-24 12:32:08,309 | INFO     | api             | ====================================================================================================
2026-03-24 12:32:08,313 | INFO     | api             | TIMING | DB_ADD_USER_WS                 | Duration: 2.45ms
2026-03-24 12:32:08,315 | INFO     | api             | TIMING | HISTORY_RETRIEVAL_WS           | Duration: 1.44ms | history_items=2
2026-03-24 12:32:08,316 | INFO     | generation      | TIMING | MEMORY_SYNC                    | Duration: 0.79ms | history_items=2
2026-03-24 12:32:08,317 | INFO     | generation      | TIMING | CONDENSE_QUESTION_LLM             | Started (rephrasing follow-up as standalone question)
2026-03-24 12:32:08,561 | WARNING  | retrieval       | Ensemble retrieval failed, using semantic: Error code: 401 - {'error': {'message': 'Incorrect API key provided: your_key*here. You can find your API key at https://platform.openai.com/account/api-keys.', 'type': 'invalid_request_error', 'param': None, 'code': 'invalid_api_key'}}
2026-03-24 12:32:08,614 | INFO     | generation      | TIMING | CONDENSE_QUESTION_LLM          | Duration: 297.38ms
2026-03-24 12:32:08,755 | ERROR    | retrieval       | Enhanced retrieval failed: Error code: 401 - {'error': {'message': 'Incorrect API key provided: your_key*here. You can find your API key at https://platform.openai.com/account/api-keys.', 'type': 'invalid_request_error', 'param': None, 'code': 'invalid_api_key'}}
2026-03-24 12:32:08,990 | ERROR    | generation      | Error in chain invocation: Error code: 401 - {'error': {'message': 'Incorrect API key provided: your_key*here. You can find your API key at https://platform.openai.com/account/api-keys.', 'type': 'invalid_request_error', 'param': None, 'code': 'invalid_api_key'}}
2026-03-24 12:32:08,990 | INFO     | generation      | TIMING | INVOKE_ERROR                   | Duration: 683.47ms | error=AuthenticationError
2026-03-24 12:32:08,990 | INFO     | api             | TIMING | WS_DIAGNOSIS_TARGETED_RAG      | Duration: 684.19ms
2026-03-24 12:32:09,004 | INFO     | api             | TIMING | DB_ADD_AI_WS                   | Duration: 4.22ms | response_length=183
2026-03-24 12:32:09,004 | INFO     | api             | ====================================================================================================
2026-03-24 12:32:09,004 | INFO     | api             | QUERY_COMPLETE | ID: 1b75ac39 | Status: SUCCESS
2026-03-24 12:32:09,004 | INFO     | api             | TOTAL_TIME | 724.35ms
2026-03-24 12:32:09,004 | INFO     | api             | ====================================================================================================
2026-03-24 12:32:09,004 | INFO     | api             | WebSocket client disconnected - request_id=1b75ac39
2026-03-24 12:32:44,552 | INFO     | api             | ====================================================================================================
2026-03-24 12:32:44,553 | INFO     | api             | QUERY_START | ID: f8d57369 | Question: Leaves are yellow with patches...
2026-03-24 12:32:44,553 | INFO     | api             | ====================================================================================================
2026-03-24 12:32:44,558 | INFO     | api             | TIMING | DB_ADD_USER_MESSAGE            | Duration: 3.4ms
2026-03-24 12:32:44,561 | INFO     | api             | TIMING | HISTORY_RETRIEVAL              | Duration: 2.19ms | history_items=0
2026-03-24 12:32:44,565 | INFO     | api             | TIMING | DB_ADD_AI_MESSAGE              | Duration: 3.64ms | response_length=157
2026-03-24 12:32:44,566 | INFO     | api             | ====================================================================================================
2026-03-24 12:32:44,566 | INFO     | api             | QUERY_COMPLETE | ID: f8d57369 | Status: SUCCESS
2026-03-24 12:32:44,566 | INFO     | api             | TOTAL_TIME | 13.2ms
2026-03-24 12:32:44,567 | INFO     | api             | ====================================================================================================
2026-03-24 12:32:44,582 | INFO     | api             | ====================================================================================================
2026-03-24 12:32:44,583 | INFO     | api             | QUERY_START | ID: ed0784fc | Question: yes...
2026-03-24 12:32:44,583 | INFO     | api             | ====================================================================================================
2026-03-24 12:32:44,590 | INFO     | api             | TIMING | DB_ADD_USER_MESSAGE            | Duration: 3.64ms
2026-03-24 12:32:44,593 | INFO     | api             | TIMING | HISTORY_RETRIEVAL              | Duration: 2.19ms | history_items=1
2026-03-24 12:32:44,597 | INFO     | api             | TIMING | DB_ADD_AI_MESSAGE              | Duration: 3.67ms | response_length=144
2026-03-24 12:32:44,598 | INFO     | api             | ====================================================================================================
2026-03-24 12:32:44,598 | INFO     | api             | QUERY_COMPLETE | ID: ed0784fc | Status: SUCCESS
2026-03-24 12:32:44,598 | INFO     | api             | TOTAL_TIME | 14.53ms
2026-03-24 12:32:44,599 | INFO     | api             | ====================================================================================================
2026-03-24 12:32:44,602 | INFO     | api             | ====================================================================================================
2026-03-24 12:32:44,602 | INFO     | api             | QUERY_START | ID: 90f7ab0e | Question: yes...
2026-03-24 12:32:44,603 | INFO     | api             | ====================================================================================================
2026-03-24 12:32:44,608 | INFO     | api             | TIMING | DB_ADD_USER_MESSAGE            | Duration: 3.29ms
2026-03-24 12:32:44,611 | INFO     | api             | TIMING | HISTORY_RETRIEVAL              | Duration: 1.91ms | history_items=2
2026-03-24 12:32:44,612 | INFO     | generation      | TIMING | MEMORY_SYNC                    | Duration: 0.74ms | history_items=2
2026-03-24 12:32:44,613 | INFO     | generation      | TIMING | CONDENSE_QUESTION_LLM             | Started (rephrasing follow-up as standalone question)
2026-03-24 12:32:45,067 | INFO     | generation      | TIMING | CONDENSE_QUESTION_LLM          | Duration: 453.55ms
2026-03-24 12:32:45,350 | WARNING  | retrieval       | Ensemble retrieval failed, using semantic: Error code: 401 - {'error': {'message': 'Incorrect API key provided: your_key*here. You can find your API key at https://platform.openai.com/account/api-keys.', 'type': 'invalid_request_error', 'param': None, 'code': 'invalid_api_key'}}
2026-03-24 12:32:45,535 | ERROR    | retrieval       | Enhanced retrieval failed: Error code: 401 - {'error': {'message': 'Incorrect API key provided: your_key*here. You can find your API key at https://platform.openai.com/account/api-keys.', 'type': 'invalid_request_error', 'param': None, 'code': 'invalid_api_key'}}
2026-03-24 12:32:45,818 | ERROR    | generation      | Error in chain invocation: Error code: 401 - {'error': {'message': 'Incorrect API key provided: your_key*here. You can find your API key at https://platform.openai.com/account/api-keys.', 'type': 'invalid_request_error', 'param': None, 'code': 'invalid_api_key'}}
2026-03-24 12:32:45,818 | INFO     | generation      | TIMING | INVOKE_ERROR                   | Duration: 1214.32ms | error=AuthenticationError
2026-03-24 12:32:45,818 | INFO     | api             | TIMING | DIAGNOSIS_TARGETED_RAG         | Duration: 1214.97ms
2026-03-24 12:32:45,818 | INFO     | api             | TIMING | DB_ADD_AI_MESSAGE              | Duration: 4.47ms | response_length=183
2026-03-24 12:32:45,818 | INFO     | api             | ====================================================================================================
2026-03-24 12:32:45,818 | INFO     | api             | QUERY_COMPLETE | ID: 90f7ab0e | Status: SUCCESS
2026-03-24 12:32:45,818 | INFO     | api             | TOTAL_TIME | 1229.6ms
2026-03-24 12:32:45,818 | INFO     | api             | ====================================================================================================
2026-03-24 12:32:45,890 | INFO     | api             | ====================================================================================================
2026-03-24 12:32:45,890 | INFO     | api             | QUERY_START | ID: 43829df8 | Question: Leaves are yellow with patches...
2026-03-24 12:32:45,890 | INFO     | api             | ====================================================================================================
2026-03-24 12:32:45,890 | INFO     | api             | TIMING | DB_ADD_USER_WS                 | Duration: 2.88ms
2026-03-24 12:32:45,901 | INFO     | api             | TIMING | HISTORY_RETRIEVAL_WS           | Duration: 2.17ms | history_items=0
2026-03-24 12:32:45,905 | INFO     | api             | TIMING | DB_ADD_AI_WS                   | Duration: 3.29ms | response_length=157
2026-03-24 12:32:45,905 | INFO     | api             | ====================================================================================================
2026-03-24 12:32:45,905 | INFO     | api             | QUERY_COMPLETE | ID: 43829df8 | Status: SUCCESS
2026-03-24 12:32:45,905 | INFO     | api             | TOTAL_TIME | 12.78ms
2026-03-24 12:32:45,906 | INFO     | api             | ====================================================================================================
2026-03-24 12:32:45,907 | INFO     | api             | ====================================================================================================
2026-03-24 12:32:45,907 | INFO     | api             | QUERY_START | ID: 43829df8 | Question: yes...
2026-03-24 12:32:45,907 | INFO     | api             | ====================================================================================================
2026-03-24 12:32:45,912 | INFO     | api             | TIMING | DB_ADD_USER_WS                 | Duration: 2.71ms
2026-03-24 12:32:45,914 | INFO     | api             | TIMING | HISTORY_RETRIEVAL_WS           | Duration: 1.73ms | history_items=1
2026-03-24 12:32:45,917 | INFO     | api             | TIMING | DB_ADD_AI_WS                   | Duration: 2.59ms | response_length=144
2026-03-24 12:32:45,918 | INFO     | api             | ====================================================================================================
2026-03-24 12:32:45,918 | INFO     | api             | QUERY_COMPLETE | ID: 43829df8 | Status: SUCCESS
2026-03-24 12:32:45,918 | INFO     | api             | TOTAL_TIME | 25.03ms
2026-03-24 12:32:45,918 | INFO     | api             | ====================================================================================================
2026-03-24 12:32:45,919 | INFO     | api             | ====================================================================================================
2026-03-24 12:32:45,919 | INFO     | api             | QUERY_START | ID: 43829df8 | Question: yes...
2026-03-24 12:32:45,920 | INFO     | api             | ====================================================================================================
2026-03-24 12:32:45,924 | INFO     | api             | TIMING | DB_ADD_USER_WS                 | Duration: 2.35ms
2026-03-24 12:32:45,926 | INFO     | api             | TIMING | HISTORY_RETRIEVAL_WS           | Duration: 1.47ms | history_items=2
2026-03-24 12:32:45,927 | INFO     | generation      | TIMING | MEMORY_SYNC                    | Duration: 0.56ms | history_items=2
2026-03-24 12:32:45,927 | INFO     | generation      | TIMING | CONDENSE_QUESTION_LLM             | Started (rephrasing follow-up as standalone question)
2026-03-24 12:32:46,225 | WARNING  | retrieval       | Ensemble retrieval failed, using semantic: Error code: 401 - {'error': {'message': 'Incorrect API key provided: your_key*here. You can find your API key at https://platform.openai.com/account/api-keys.', 'type': 'invalid_request_error', 'param': None, 'code': 'invalid_api_key'}}
2026-03-24 12:32:46,236 | INFO     | generation      | TIMING | CONDENSE_QUESTION_LLM          | Duration: 308.48ms
2026-03-24 12:32:46,427 | ERROR    | retrieval       | Enhanced retrieval failed: Error code: 401 - {'error': {'message': 'Incorrect API key provided: your_key*here. You can find your API key at https://platform.openai.com/account/api-keys.', 'type': 'invalid_request_error', 'param': None, 'code': 'invalid_api_key'}}
2026-03-24 12:32:46,685 | ERROR    | generation      | Error in chain invocation: Error code: 401 - {'error': {'message': 'Incorrect API key provided: your_key*here. You can find your API key at https://platform.openai.com/account/api-keys.', 'type': 'invalid_request_error', 'param': None, 'code': 'invalid_api_key'}}
2026-03-24 12:32:46,685 | INFO     | generation      | TIMING | INVOKE_ERROR                   | Duration: 766.29ms | error=AuthenticationError
2026-03-24 12:32:46,685 | INFO     | api             | TIMING | WS_DIAGNOSIS_TARGETED_RAG      | Duration: 767.07ms
2026-03-24 12:32:46,685 | INFO     | api             | TIMING | DB_ADD_AI_WS                   | Duration: 4.95ms | response_length=183
2026-03-24 12:32:46,685 | INFO     | api             | ====================================================================================================
2026-03-24 12:32:46,685 | INFO     | api             | QUERY_COMPLETE | ID: 43829df8 | Status: SUCCESS
2026-03-24 12:32:46,700 | INFO     | api             | TOTAL_TIME | 806.18ms
2026-03-24 12:32:46,700 | INFO     | api             | ====================================================================================================
2026-03-24 12:32:46,702 | INFO     | api             | WebSocket client disconnected - request_id=43829df8
2026-03-24 12:33:19,230 | INFO     | api             | ====================================================================================================
2026-03-24 12:33:19,232 | INFO     | api             | QUERY_START | ID: bc2ebb83 | Question: Leaves are yellow with patches...
2026-03-24 12:33:19,232 | INFO     | api             | ====================================================================================================
2026-03-24 12:33:19,236 | INFO     | api             | TIMING | DB_ADD_USER_MESSAGE            | Duration: 3.25ms
2026-03-24 12:33:19,238 | INFO     | api             | TIMING | HISTORY_RETRIEVAL              | Duration: 1.6ms | history_items=0
2026-03-24 12:33:19,241 | INFO     | api             | TIMING | DB_ADD_AI_MESSAGE              | Duration: 2.64ms | response_length=157
2026-03-24 12:33:19,241 | INFO     | api             | ====================================================================================================
2026-03-24 12:33:19,241 | INFO     | api             | QUERY_COMPLETE | ID: bc2ebb83 | Status: SUCCESS
2026-03-24 12:33:19,241 | INFO     | api             | TOTAL_TIME | 10.21ms
2026-03-24 12:33:19,241 | INFO     | api             | ====================================================================================================
2026-03-24 12:33:19,243 | INFO     | api             | ====================================================================================================
2026-03-24 12:33:19,243 | INFO     | api             | QUERY_START | ID: 1f5f3258 | Question: yes...
2026-03-24 12:33:19,243 | INFO     | api             | ====================================================================================================
2026-03-24 12:33:19,247 | INFO     | api             | TIMING | DB_ADD_USER_MESSAGE            | Duration: 2.0ms
2026-03-24 12:33:19,248 | INFO     | api             | TIMING | HISTORY_RETRIEVAL              | Duration: 1.46ms | history_items=1
2026-03-24 12:33:19,251 | INFO     | api             | TIMING | DB_ADD_AI_MESSAGE              | Duration: 2.89ms | response_length=144
2026-03-24 12:33:19,251 | INFO     | api             | ====================================================================================================
2026-03-24 12:33:19,252 | INFO     | api             | QUERY_COMPLETE | ID: 1f5f3258 | Status: SUCCESS
2026-03-24 12:33:19,252 | INFO     | api             | TOTAL_TIME | 9.18ms
2026-03-24 12:33:19,252 | INFO     | api             | ====================================================================================================
2026-03-24 12:33:19,275 | INFO     | api             | ====================================================================================================
2026-03-24 12:33:19,275 | INFO     | api             | QUERY_START | ID: 63998f74 | Question: yes...
2026-03-24 12:33:19,275 | INFO     | api             | ====================================================================================================
2026-03-24 12:33:19,282 | INFO     | api             | TIMING | DB_ADD_USER_MESSAGE            | Duration: 3.11ms
2026-03-24 12:33:19,283 | INFO     | api             | TIMING | HISTORY_RETRIEVAL              | Duration: 1.44ms | history_items=2
2026-03-24 12:33:19,284 | INFO     | generation      | TIMING | MEMORY_SYNC                    | Duration: 0.55ms | history_items=2
2026-03-24 12:33:19,285 | INFO     | generation      | TIMING | CONDENSE_QUESTION_LLM             | Started (rephrasing follow-up as standalone question)
2026-03-24 12:33:19,758 | INFO     | generation      | TIMING | CONDENSE_QUESTION_LLM          | Duration: 473.04ms
2026-03-24 12:33:19,865 | WARNING  | retrieval       | Ensemble retrieval failed, using semantic: Error code: 401 - {'error': {'message': 'Incorrect API key provided: your_key*here. You can find your API key at https://platform.openai.com/account/api-keys.', 'type': 'invalid_request_error', 'param': None, 'code': 'invalid_api_key'}}
2026-03-24 12:33:20,032 | ERROR    | retrieval       | Enhanced retrieval failed: Error code: 401 - {'error': {'message': 'Incorrect API key provided: your_key*here. You can find your API key at https://platform.openai.com/account/api-keys.', 'type': 'invalid_request_error', 'param': None, 'code': 'invalid_api_key'}}
2026-03-24 12:33:20,244 | ERROR    | generation      | Error in chain invocation: Error code: 401 - {'error': {'message': 'Incorrect API key provided: your_key*here. You can find your API key at https://platform.openai.com/account/api-keys.', 'type': 'invalid_request_error', 'param': None, 'code': 'invalid_api_key'}}
2026-03-24 12:33:20,245 | INFO     | generation      | TIMING | INVOKE_ERROR                   | Duration: 960.97ms | error=AuthenticationError
2026-03-24 12:33:20,245 | INFO     | api             | TIMING | DIAGNOSIS_TARGETED_RAG         | Duration: 961.6ms
2026-03-24 12:33:20,249 | INFO     | api             | TIMING | DB_ADD_AI_MESSAGE              | Duration: 3.28ms | response_length=183
2026-03-24 12:33:20,249 | INFO     | api             | ====================================================================================================
2026-03-24 12:33:20,249 | INFO     | api             | QUERY_COMPLETE | ID: 63998f74 | Status: SUCCESS
2026-03-24 12:33:20,249 | INFO     | api             | TOTAL_TIME | 973.56ms
2026-03-24 12:33:20,249 | INFO     | api             | ====================================================================================================
2026-03-24 12:37:13,870 | INFO     | retrieval       | TIMING | BM25_CACHE_LOAD                | Duration: 184.54ms | source=disk
2026-03-24 12:37:15,478 | INFO     | image_analyzer  | Initializing CLIPDiseaseAnalyzer...
2026-03-24 12:37:21,342 | INFO     | image_analyzer  | Encoding disease text prompts...
2026-03-24 12:37:22,894 | INFO     | image_analyzer  | Reference FAISS index loaded: 283 images
2026-03-24 12:37:22,894 | INFO     | image_analyzer  | TIMING | CLIP_ANALYZER_INIT             | Duration: 7418.0ms | device=cpu | disease_categories=20 | ref_index_loaded=True | ref_images_count=283
2026-03-24 12:37:44,195 | INFO     | retrieval       | TIMING | BM25_CACHE_LOAD                | Duration: 318.15ms | source=disk
2026-03-24 12:37:47,198 | INFO     | image_analyzer  | Initializing CLIPDiseaseAnalyzer...
2026-03-24 12:37:52,885 | INFO     | image_analyzer  | Encoding disease text prompts...
2026-03-24 12:37:54,354 | INFO     | image_analyzer  | Reference FAISS index loaded: 283 images
2026-03-24 12:37:54,354 | INFO     | image_analyzer  | TIMING | CLIP_ANALYZER_INIT             | Duration: 7155.72ms | device=cpu | disease_categories=20 | ref_index_loaded=True | ref_images_count=283
2026-03-24 12:39:03,722 | INFO     | retrieval       | TIMING | BM25_CACHE_LOAD                | Duration: 153.57ms | source=disk
2026-03-24 12:39:05,563 | INFO     | image_analyzer  | Initializing CLIPDiseaseAnalyzer...
2026-03-24 12:39:10,929 | INFO     | image_analyzer  | Encoding disease text prompts...
2026-03-24 12:39:12,279 | INFO     | image_analyzer  | Reference FAISS index loaded: 283 images
2026-03-24 12:39:12,279 | INFO     | image_analyzer  | TIMING | CLIP_ANALYZER_INIT             | Duration: 6717.05ms | device=cpu | disease_categories=20 | ref_index_loaded=True | ref_images_count=283
2026-03-24 12:39:42,564 | INFO     | api             | ====================================================================================================
2026-03-24 12:39:42,564 | INFO     | api             | QUERY_START | ID: cc35b64f | Question: Leaves are yellow with patches...
2026-03-24 12:39:42,565 | INFO     | api             | ====================================================================================================
2026-03-24 12:39:42,582 | INFO     | api             | TIMING | DB_ADD_USER_MESSAGE            | Duration: 3.53ms
2026-03-24 12:39:42,585 | INFO     | api             | TIMING | HISTORY_RETRIEVAL              | Duration: 2.66ms | history_items=0
2026-03-24 12:39:42,588 | INFO     | api             | TIMING | DB_ADD_AI_MESSAGE              | Duration: 4.02ms | response_length=157
2026-03-24 12:39:42,588 | INFO     | api             | ====================================================================================================
2026-03-24 12:39:42,588 | INFO     | api             | QUERY_COMPLETE | ID: cc35b64f | Status: SUCCESS
2026-03-24 12:39:42,588 | INFO     | api             | TOTAL_TIME | 26.37ms
2026-03-24 12:39:42,588 | INFO     | api             | ====================================================================================================
2026-03-24 12:39:42,594 | INFO     | api             | ====================================================================================================
2026-03-24 12:39:42,595 | INFO     | api             | QUERY_START | ID: c1211621 | Question: yes...
2026-03-24 12:39:42,595 | INFO     | api             | ====================================================================================================
2026-03-24 12:39:42,601 | INFO     | api             | TIMING | DB_ADD_USER_MESSAGE            | Duration: 3.15ms
2026-03-24 12:39:42,605 | INFO     | api             | TIMING | HISTORY_RETRIEVAL              | Duration: 2.92ms | history_items=1
2026-03-24 12:39:42,610 | INFO     | api             | TIMING | DB_ADD_AI_MESSAGE              | Duration: 4.03ms | response_length=144
2026-03-24 12:39:42,610 | INFO     | api             | ====================================================================================================
2026-03-24 12:39:42,611 | INFO     | api             | QUERY_COMPLETE | ID: c1211621 | Status: SUCCESS
2026-03-24 12:39:42,611 | INFO     | api             | TOTAL_TIME | 15.51ms
2026-03-24 12:39:42,611 | INFO     | api             | ====================================================================================================
2026-03-24 12:39:42,627 | INFO     | api             | ====================================================================================================
2026-03-24 12:39:42,628 | INFO     | api             | QUERY_START | ID: da61787f | Question: yes...
2026-03-24 12:39:42,628 | INFO     | api             | ====================================================================================================
2026-03-24 12:39:42,635 | INFO     | api             | TIMING | DB_ADD_USER_MESSAGE            | Duration: 3.41ms
2026-03-24 12:39:42,638 | INFO     | api             | TIMING | HISTORY_RETRIEVAL              | Duration: 2.7ms | history_items=2
2026-03-24 12:39:44,488 | INFO     | generation      | TIMING | MEMORY_SYNC                    | Duration: 1853.0ms | history_items=2
2026-03-24 12:39:44,492 | INFO     | generation      | TIMING | CONDENSE_QUESTION_LLM             | Started (rephrasing follow-up as standalone question)
2026-03-24 12:39:45,476 | INFO     | generation      | TIMING | CONDENSE_QUESTION_LLM          | Duration: 990.59ms
2026-03-24 12:39:45,860 | WARNING  | retrieval       | Ensemble retrieval failed, using semantic: Error code: 401 - {'error': {'message': 'Incorrect API key provided: your_key*here. You can find your API key at https://platform.openai.com/account/api-keys.', 'type': 'invalid_request_error', 'param': None, 'code': 'invalid_api_key'}}
2026-03-24 12:39:46,069 | ERROR    | retrieval       | Enhanced retrieval failed: Error code: 401 - {'error': {'message': 'Incorrect API key provided: your_key*here. You can find your API key at https://platform.openai.com/account/api-keys.', 'type': 'invalid_request_error', 'param': None, 'code': 'invalid_api_key'}}
2026-03-24 12:39:46,286 | ERROR    | generation      | Error in chain invocation: Error code: 401 - {'error': {'message': 'Incorrect API key provided: your_key*here. You can find your API key at https://platform.openai.com/account/api-keys.', 'type': 'invalid_request_error', 'param': None, 'code': 'invalid_api_key'}}
2026-03-24 12:39:46,286 | INFO     | generation      | TIMING | INVOKE_ERROR                   | Duration: 3648.81ms | error=AuthenticationError
2026-03-24 12:39:46,288 | INFO     | api             | TIMING | DIAGNOSIS_TARGETED_RAG         | Duration: 3649.81ms
2026-03-24 12:39:46,293 | INFO     | api             | TIMING | DB_ADD_AI_MESSAGE              | Duration: 4.31ms | response_length=207
2026-03-24 12:39:46,294 | INFO     | api             | ====================================================================================================
2026-03-24 12:39:46,294 | INFO     | api             | QUERY_COMPLETE | ID: da61787f | Status: SUCCESS
2026-03-24 12:39:46,294 | INFO     | api             | TOTAL_TIME | 3665.84ms
2026-03-24 12:39:46,295 | INFO     | api             | ====================================================================================================
2026-03-24 12:39:46,503 | INFO     | api             | ====================================================================================================
2026-03-24 12:39:46,503 | INFO     | api             | QUERY_START | ID: 4d375f4b | Question: Leaves are yellow with patches...
2026-03-24 12:39:46,504 | INFO     | api             | ====================================================================================================
2026-03-24 12:39:46,511 | INFO     | api             | TIMING | DB_ADD_USER_WS                 | Duration: 5.25ms
2026-03-24 12:39:46,519 | INFO     | api             | TIMING | HISTORY_RETRIEVAL_WS           | Duration: 3.23ms | history_items=0
2026-03-24 12:39:46,525 | INFO     | api             | TIMING | DB_ADD_AI_WS                   | Duration: 3.88ms | response_length=157
2026-03-24 12:39:46,528 | INFO     | api             | ====================================================================================================
2026-03-24 12:39:46,528 | INFO     | api             | QUERY_COMPLETE | ID: 4d375f4b | Status: SUCCESS
2026-03-24 12:39:46,529 | INFO     | api             | TOTAL_TIME | 26.65ms
2026-03-24 12:39:46,529 | INFO     | api             | ====================================================================================================
2026-03-24 12:39:46,535 | INFO     | api             | ====================================================================================================
2026-03-24 12:39:46,536 | INFO     | api             | QUERY_START | ID: 4d375f4b | Question: yes...
2026-03-24 12:39:46,536 | INFO     | api             | ====================================================================================================
2026-03-24 12:39:46,542 | INFO     | api             | TIMING | DB_ADD_USER_WS                 | Duration: 3.26ms
2026-03-24 12:39:46,546 | INFO     | api             | TIMING | HISTORY_RETRIEVAL_WS           | Duration: 2.95ms | history_items=1
2026-03-24 12:39:46,550 | INFO     | api             | TIMING | DB_ADD_AI_WS                   | Duration: 3.09ms | response_length=144
2026-03-24 12:39:46,551 | INFO     | api             | ====================================================================================================
2026-03-24 12:39:46,551 | INFO     | api             | QUERY_COMPLETE | ID: 4d375f4b | Status: SUCCESS
2026-03-24 12:39:46,551 | INFO     | api             | TOTAL_TIME | 49.85ms
2026-03-24 12:39:46,552 | INFO     | api             | ====================================================================================================
2026-03-24 12:39:46,553 | INFO     | api             | ====================================================================================================
2026-03-24 12:39:46,553 | INFO     | api             | QUERY_START | ID: 4d375f4b | Question: yes...
2026-03-24 12:39:46,553 | INFO     | api             | ====================================================================================================
2026-03-24 12:39:46,559 | INFO     | api             | TIMING | DB_ADD_USER_WS                 | Duration: 3.09ms
2026-03-24 12:39:46,563 | INFO     | api             | TIMING | HISTORY_RETRIEVAL_WS           | Duration: 2.98ms | history_items=2
2026-03-24 12:39:46,563 | INFO     | generation      | TIMING | MEMORY_SYNC                    | Duration: 1.28ms | history_items=2
2026-03-24 12:39:46,566 | INFO     | generation      | TIMING | CONDENSE_QUESTION_LLM             | Started (rephrasing follow-up as standalone question)
2026-03-24 12:39:46,797 | WARNING  | retrieval       | Ensemble retrieval failed, using semantic: Error code: 401 - {'error': {'message': 'Incorrect API key provided: your_key*here. You can find your API key at https://platform.openai.com/account/api-keys.', 'type': 'invalid_request_error', 'param': None, 'code': 'invalid_api_key'}}
2026-03-24 12:39:46,963 | INFO     | generation      | TIMING | CONDENSE_QUESTION_LLM          | Duration: 396.77ms
2026-03-24 12:39:46,999 | ERROR    | retrieval       | Enhanced retrieval failed: Error code: 401 - {'error': {'message': 'Incorrect API key provided: your_key*here. You can find your API key at https://platform.openai.com/account/api-keys.', 'type': 'invalid_request_error', 'param': None, 'code': 'invalid_api_key'}}
2026-03-24 12:39:47,195 | ERROR    | generation      | Error in chain invocation: Error code: 401 - {'error': {'message': 'Incorrect API key provided: your_key*here. You can find your API key at https://platform.openai.com/account/api-keys.', 'type': 'invalid_request_error', 'param': None, 'code': 'invalid_api_key'}}
2026-03-24 12:39:47,195 | INFO     | generation      | TIMING | INVOKE_ERROR                   | Duration: 639.25ms | error=AuthenticationError
2026-03-24 12:39:47,195 | INFO     | api             | TIMING | WS_DIAGNOSIS_TARGETED_RAG      | Duration: 640.15ms
2026-03-24 12:39:47,195 | INFO     | api             | TIMING | DB_ADD_AI_WS                   | Duration: 4.13ms | response_length=207
2026-03-24 12:39:47,195 | INFO     | api             | ====================================================================================================
2026-03-24 12:39:47,210 | INFO     | api             | QUERY_COMPLETE | ID: 4d375f4b | Status: SUCCESS
2026-03-24 12:39:47,210 | INFO     | api             | TOTAL_TIME | 708.33ms
2026-03-24 12:39:47,211 | INFO     | api             | ====================================================================================================
2026-03-24 12:39:47,213 | INFO     | api             | WebSocket client disconnected - request_id=4d375f4b
2026-03-24 12:40:16,425 | INFO     | api             | ====================================================================================================
2026-03-24 12:40:16,425 | INFO     | api             | QUERY_START | ID: 2587b0c4 | Question: Leaves are yellow with patches...
2026-03-24 12:40:16,425 | INFO     | api             | ====================================================================================================
2026-03-24 12:40:16,425 | INFO     | api             | TIMING | DB_ADD_USER_MESSAGE            | Duration: 3.31ms
2026-03-24 12:40:16,425 | INFO     | api             | TIMING | HISTORY_RETRIEVAL              | Duration: 1.66ms | history_items=0
2026-03-24 12:40:16,425 | INFO     | api             | TIMING | DB_ADD_AI_MESSAGE              | Duration: 3.39ms | response_length=157
2026-03-24 12:40:16,425 | INFO     | api             | ====================================================================================================
2026-03-24 12:40:16,425 | INFO     | api             | QUERY_COMPLETE | ID: 2587b0c4 | Status: SUCCESS
2026-03-24 12:40:16,425 | INFO     | api             | TOTAL_TIME | 11.26ms
2026-03-24 12:40:16,425 | INFO     | api             | ====================================================================================================
2026-03-24 12:40:16,425 | INFO     | api             | ====================================================================================================
2026-03-24 12:40:16,425 | INFO     | api             | QUERY_START | ID: bd85ebee | Question: yes...
2026-03-24 12:40:16,425 | INFO     | api             | ====================================================================================================
2026-03-24 12:40:16,442 | INFO     | api             | TIMING | DB_ADD_USER_MESSAGE            | Duration: 2.1ms
2026-03-24 12:40:16,443 | INFO     | api             | TIMING | HISTORY_RETRIEVAL              | Duration: 1.33ms | history_items=1
2026-03-24 12:40:16,446 | INFO     | api             | TIMING | DB_ADD_AI_MESSAGE              | Duration: 2.09ms | response_length=144
2026-03-24 12:40:16,446 | INFO     | api             | ====================================================================================================
2026-03-24 12:40:16,446 | INFO     | api             | QUERY_COMPLETE | ID: bd85ebee | Status: SUCCESS
2026-03-24 12:40:16,446 | INFO     | api             | TOTAL_TIME | 8.18ms
2026-03-24 12:40:16,446 | INFO     | api             | ====================================================================================================
2026-03-24 12:40:16,463 | INFO     | api             | ====================================================================================================
2026-03-24 12:40:16,464 | INFO     | api             | QUERY_START | ID: db46289f | Question: yes...
2026-03-24 12:40:16,464 | INFO     | api             | ====================================================================================================
2026-03-24 12:40:16,468 | INFO     | api             | TIMING | DB_ADD_USER_MESSAGE            | Duration: 3.13ms
2026-03-24 12:40:16,470 | INFO     | api             | TIMING | HISTORY_RETRIEVAL              | Duration: 1.53ms | history_items=2
2026-03-24 12:40:16,470 | INFO     | generation      | TIMING | MEMORY_SYNC                    | Duration: 0.58ms | history_items=2
2026-03-24 12:40:16,470 | INFO     | generation      | TIMING | CONDENSE_QUESTION_LLM             | Started (rephrasing follow-up as standalone question)
2026-03-24 12:40:17,047 | INFO     | generation      | TIMING | CONDENSE_QUESTION_LLM          | Duration: 573.02ms
2026-03-24 12:40:17,108 | WARNING  | retrieval       | Ensemble retrieval failed, using semantic: Error code: 401 - {'error': {'message': 'Incorrect API key provided: your_key*here. You can find your API key at https://platform.openai.com/account/api-keys.', 'type': 'invalid_request_error', 'param': None, 'code': 'invalid_api_key'}}
2026-03-24 12:40:17,305 | ERROR    | retrieval       | Enhanced retrieval failed: Error code: 401 - {'error': {'message': 'Incorrect API key provided: your_key*here. You can find your API key at https://platform.openai.com/account/api-keys.', 'type': 'invalid_request_error', 'param': None, 'code': 'invalid_api_key'}}
2026-03-24 12:40:17,506 | ERROR    | generation      | Error in chain invocation: Error code: 401 - {'error': {'message': 'Incorrect API key provided: your_key*here. You can find your API key at https://platform.openai.com/account/api-keys.', 'type': 'invalid_request_error', 'param': None, 'code': 'invalid_api_key'}}
2026-03-24 12:40:17,506 | INFO     | generation      | TIMING | INVOKE_ERROR                   | Duration: 1039.17ms | error=AuthenticationError
2026-03-24 12:40:17,506 | INFO     | api             | TIMING | DIAGNOSIS_TARGETED_RAG         | Duration: 1039.92ms
2026-03-24 12:40:17,506 | INFO     | api             | TIMING | DB_ADD_AI_MESSAGE              | Duration: 4.63ms | response_length=207
2026-03-24 12:40:17,506 | INFO     | api             | ====================================================================================================
2026-03-24 12:40:17,506 | INFO     | api             | QUERY_COMPLETE | ID: db46289f | Status: SUCCESS
2026-03-24 12:40:17,506 | INFO     | api             | TOTAL_TIME | 1053.33ms
2026-03-24 12:40:17,506 | INFO     | api             | ====================================================================================================
2026-03-24 12:43:22,031 | INFO     | retrieval       | TIMING | BM25_CACHE_LOAD                | Duration: 110.27ms | source=disk
2026-03-24 12:43:23,222 | INFO     | image_analyzer  | Initializing CLIPDiseaseAnalyzer...
2026-03-24 12:43:27,998 | INFO     | image_analyzer  | Encoding disease text prompts...
2026-03-24 12:43:29,023 | INFO     | image_analyzer  | Reference FAISS index loaded: 283 images
2026-03-24 12:43:29,024 | INFO     | image_analyzer  | TIMING | CLIP_ANALYZER_INIT             | Duration: 5800.89ms | device=cpu | disease_categories=20 | ref_index_loaded=True | ref_images_count=283
2026-03-24 12:43:48,096 | INFO     | api             | ====================================================================================================
2026-03-24 12:43:48,096 | INFO     | api             | QUERY_START | ID: 04b01eba | Question: Leaves are yellow with patches...
2026-03-24 12:43:48,096 | INFO     | api             | ====================================================================================================
2026-03-24 12:43:48,099 | INFO     | api             | TIMING | DB_ADD_USER_MESSAGE            | Duration: 3.12ms
2026-03-24 12:43:48,099 | INFO     | api             | TIMING | HISTORY_RETRIEVAL              | Duration: 1.61ms | history_items=0
2026-03-24 12:43:48,099 | INFO     | api             | TIMING | DB_ADD_AI_MESSAGE              | Duration: 3.33ms | response_length=157
2026-03-24 12:43:48,099 | INFO     | api             | ====================================================================================================
2026-03-24 12:43:48,099 | INFO     | api             | QUERY_COMPLETE | ID: 04b01eba | Status: SUCCESS
2026-03-24 12:43:48,099 | INFO     | api             | TOTAL_TIME | 11.36ms
2026-03-24 12:43:48,099 | INFO     | api             | ====================================================================================================
2026-03-24 12:43:48,113 | INFO     | api             | ====================================================================================================
2026-03-24 12:43:48,113 | INFO     | api             | QUERY_START | ID: 2cdcddf7 | Question: yes...
2026-03-24 12:43:48,114 | INFO     | api             | ====================================================================================================
2026-03-24 12:43:48,119 | INFO     | api             | TIMING | DB_ADD_USER_MESSAGE            | Duration: 2.9ms
2026-03-24 12:43:48,120 | INFO     | api             | TIMING | HISTORY_RETRIEVAL              | Duration: 1.37ms | history_items=1
2026-03-24 12:43:48,123 | INFO     | api             | TIMING | DB_ADD_AI_MESSAGE              | Duration: 2.03ms | response_length=144
2026-03-24 12:43:48,123 | INFO     | api             | ====================================================================================================
2026-03-24 12:43:48,123 | INFO     | api             | QUERY_COMPLETE | ID: 2cdcddf7 | Status: SUCCESS
2026-03-24 12:43:48,123 | INFO     | api             | TOTAL_TIME | 9.89ms
2026-03-24 12:43:48,123 | INFO     | api             | ====================================================================================================
2026-03-24 12:43:48,145 | INFO     | api             | ====================================================================================================
2026-03-24 12:43:48,145 | INFO     | api             | QUERY_START | ID: 5cf0dd0f | Question: yes...
2026-03-24 12:43:48,146 | INFO     | api             | ====================================================================================================
2026-03-24 12:43:48,151 | INFO     | api             | TIMING | DB_ADD_USER_MESSAGE            | Duration: 3.22ms
2026-03-24 12:43:48,153 | INFO     | api             | TIMING | HISTORY_RETRIEVAL              | Duration: 1.71ms | history_items=2
2026-03-24 12:43:49,995 | INFO     | generation      | TIMING | MEMORY_SYNC                    | Duration: 1841.89ms | history_items=2
2026-03-24 12:43:49,997 | INFO     | generation      | TIMING | CONDENSE_QUESTION_LLM             | Started (rephrasing follow-up as standalone question)
2026-03-24 12:43:50,709 | INFO     | generation      | TIMING | CONDENSE_QUESTION_LLM          | Duration: 712.23ms
2026-03-24 12:43:51,314 | WARNING  | retrieval       | Ensemble retrieval failed, using semantic: Error code: 401 - {'error': {'message': 'Incorrect API key provided: your_key*here. You can find your API key at https://platform.openai.com/account/api-keys.', 'type': 'invalid_request_error', 'param': None, 'code': 'invalid_api_key'}}
2026-03-24 12:43:51,583 | ERROR    | retrieval       | Enhanced retrieval failed: Error code: 401 - {'error': {'message': 'Incorrect API key provided: your_key*here. You can find your API key at https://platform.openai.com/account/api-keys.', 'type': 'invalid_request_error', 'param': None, 'code': 'invalid_api_key'}}
2026-03-24 12:43:52,177 | ERROR    | generation      | Error in chain invocation: Error code: 401 - {'error': {'message': 'Incorrect API key provided: your_key*here. You can find your API key at https://platform.openai.com/account/api-keys.', 'type': 'invalid_request_error', 'param': None, 'code': 'invalid_api_key'}}
2026-03-24 12:43:52,177 | INFO     | generation      | TIMING | INVOKE_ERROR                   | Duration: 4023.61ms | error=AuthenticationError
2026-03-24 12:43:52,177 | INFO     | api             | TIMING | DIAGNOSIS_TARGETED_RAG         | Duration: 4024.28ms
2026-03-24 12:43:52,182 | INFO     | api             | TIMING | DB_ADD_AI_MESSAGE              | Duration: 4.55ms | response_length=132
2026-03-24 12:43:52,183 | INFO     | api             | ====================================================================================================
2026-03-24 12:43:52,183 | INFO     | api             | QUERY_COMPLETE | ID: 5cf0dd0f | Status: SUCCESS
2026-03-24 12:43:52,183 | INFO     | api             | TOTAL_TIME | 4037.89ms
2026-03-24 12:43:52,183 | INFO     | api             | ====================================================================================================
2026-03-24 12:44:04,562 | INFO     | api             | ====================================================================================================
2026-03-24 12:44:04,562 | INFO     | api             | QUERY_START | ID: fc129958 | Question: Leaves are yellow with patches...
2026-03-24 12:44:04,562 | INFO     | api             | ====================================================================================================
2026-03-24 12:44:04,579 | INFO     | api             | TIMING | DB_ADD_USER_WS                 | Duration: 3.0ms
2026-03-24 12:44:04,582 | INFO     | api             | TIMING | HISTORY_RETRIEVAL_WS           | Duration: 1.52ms | history_items=0
2026-03-24 12:44:04,585 | INFO     | api             | TIMING | DB_ADD_AI_WS                   | Duration: 2.87ms | response_length=157
2026-03-24 12:44:04,585 | INFO     | api             | ====================================================================================================
2026-03-24 12:44:04,585 | INFO     | api             | QUERY_COMPLETE | ID: fc129958 | Status: SUCCESS
2026-03-24 12:44:04,586 | INFO     | api             | TOTAL_TIME | 12.0ms
2026-03-24 12:44:04,586 | INFO     | api             | ====================================================================================================
2026-03-24 12:44:04,586 | INFO     | api             | ====================================================================================================
2026-03-24 12:44:04,587 | INFO     | api             | QUERY_START | ID: fc129958 | Question: yes...
2026-03-24 12:44:04,587 | INFO     | api             | ====================================================================================================
2026-03-24 12:44:04,590 | INFO     | api             | TIMING | DB_ADD_USER_WS                 | Duration: 1.93ms
2026-03-24 12:44:04,592 | INFO     | api             | TIMING | HISTORY_RETRIEVAL_WS           | Duration: 1.24ms | history_items=1
2026-03-24 12:44:04,595 | INFO     | api             | TIMING | DB_ADD_AI_WS                   | Duration: 2.32ms | response_length=144
2026-03-24 12:44:04,595 | INFO     | api             | ====================================================================================================
2026-03-24 12:44:04,595 | INFO     | api             | QUERY_COMPLETE | ID: fc129958 | Status: SUCCESS
2026-03-24 12:44:04,596 | INFO     | api             | TOTAL_TIME | 21.7ms
2026-03-24 12:44:04,596 | INFO     | api             | ====================================================================================================
2026-03-24 12:44:04,597 | INFO     | api             | ====================================================================================================
2026-03-24 12:44:04,597 | INFO     | api             | QUERY_START | ID: fc129958 | Question: yes...
2026-03-24 12:44:04,597 | INFO     | api             | ====================================================================================================
2026-03-24 12:44:04,601 | INFO     | api             | TIMING | DB_ADD_USER_WS                 | Duration: 2.33ms
2026-03-24 12:44:04,603 | INFO     | api             | TIMING | HISTORY_RETRIEVAL_WS           | Duration: 1.67ms | history_items=2
2026-03-24 12:44:04,604 | INFO     | generation      | TIMING | MEMORY_SYNC                    | Duration: 0.48ms | history_items=2
2026-03-24 12:44:04,605 | INFO     | generation      | TIMING | CONDENSE_QUESTION_LLM             | Started (rephrasing follow-up as standalone question)
2026-03-24 12:44:05,081 | INFO     | generation      | TIMING | CONDENSE_QUESTION_LLM          | Duration: 475.48ms
2026-03-24 12:44:05,098 | WARNING  | retrieval       | Ensemble retrieval failed, using semantic: Error code: 401 - {'error': {'message': 'Incorrect API key provided: your_key*here. You can find your API key at https://platform.openai.com/account/api-keys.', 'type': 'invalid_request_error', 'param': None, 'code': 'invalid_api_key'}}
2026-03-24 12:44:05,302 | ERROR    | retrieval       | Enhanced retrieval failed: Error code: 401 - {'error': {'message': 'Incorrect API key provided: your_key*here. You can find your API key at https://platform.openai.com/account/api-keys.', 'type': 'invalid_request_error', 'param': None, 'code': 'invalid_api_key'}}
2026-03-24 12:44:05,502 | ERROR    | generation      | Error in chain invocation: Error code: 401 - {'error': {'message': 'Incorrect API key provided: your_key*here. You can find your API key at https://platform.openai.com/account/api-keys.', 'type': 'invalid_request_error', 'param': None, 'code': 'invalid_api_key'}}
2026-03-24 12:44:05,512 | INFO     | generation      | TIMING | INVOKE_ERROR                   | Duration: 907.31ms | error=AuthenticationError
2026-03-24 12:44:05,512 | INFO     | api             | TIMING | WS_DIAGNOSIS_TARGETED_RAG      | Duration: 907.99ms
2026-03-24 12:44:05,516 | INFO     | api             | TIMING | DB_ADD_AI_WS                   | Duration: 3.45ms | response_length=132
2026-03-24 12:44:05,516 | INFO     | api             | ====================================================================================================
2026-03-24 12:44:05,517 | INFO     | api             | QUERY_COMPLETE | ID: fc129958 | Status: SUCCESS
2026-03-24 12:44:05,517 | INFO     | api             | TOTAL_TIME | 942.58ms
2026-03-24 12:44:05,517 | INFO     | api             | ====================================================================================================
2026-03-24 12:44:05,518 | INFO     | api             | WebSocket client disconnected - request_id=fc129958
2026-03-24 12:56:54,722 | INFO     | retrieval       | TIMING | BM25_CACHE_LOAD                | Duration: 103.87ms | source=disk
2026-03-24 12:56:55,796 | INFO     | image_analyzer  | Initializing CLIPDiseaseAnalyzer...
2026-03-24 12:57:00,837 | INFO     | image_analyzer  | Encoding disease text prompts...
2026-03-24 12:57:01,475 | INFO     | image_analyzer  | Reference FAISS index loaded: 283 images
2026-03-24 12:57:01,475 | INFO     | image_analyzer  | TIMING | CLIP_ANALYZER_INIT             | Duration: 5676.66ms | device=cpu | disease_categories=20 | ref_index_loaded=True | ref_images_count=283
2026-03-24 12:58:27,913 | INFO     | api             | ====================================================================================================
2026-03-24 12:58:27,913 | INFO     | api             | QUERY_START | ID: 2ccc1b29 | Question: I found brown spots in leaves after 40 days of plantation what could be the reas...
2026-03-24 12:58:27,913 | INFO     | api             | ====================================================================================================
2026-03-24 12:58:27,929 | INFO     | api             | TIMING | DB_ADD_USER_WS                 | Duration: 3.14ms
2026-03-24 12:58:27,932 | INFO     | api             | TIMING | HISTORY_RETRIEVAL_WS           | Duration: 2.06ms | history_items=0
2026-03-24 12:58:27,936 | INFO     | api             | TIMING | DB_ADD_AI_WS                   | Duration: 3.11ms | response_length=156
2026-03-24 12:58:27,936 | INFO     | api             | ====================================================================================================
2026-03-24 12:58:27,937 | INFO     | api             | QUERY_COMPLETE | ID: 2ccc1b29 | Status: SUCCESS
2026-03-24 12:58:27,937 | INFO     | api             | TOTAL_TIME | 12.76ms
2026-03-24 12:58:27,937 | INFO     | api             | ====================================================================================================
2026-03-24 12:58:27,938 | INFO     | api             | WebSocket client disconnected - request_id=2ccc1b29
2026-03-24 12:58:47,515 | INFO     | api             | ====================================================================================================
2026-03-24 12:58:47,516 | INFO     | api             | QUERY_START | ID: dc4d28c8 | Question: Yes...
2026-03-24 12:58:47,516 | INFO     | api             | ====================================================================================================
2026-03-24 12:58:47,518 | INFO     | api             | TIMING | DB_ADD_USER_WS                 | Duration: 3.48ms
2026-03-24 12:58:47,523 | INFO     | api             | TIMING | HISTORY_RETRIEVAL_WS           | Duration: 2.17ms | history_items=1
2026-03-24 12:58:47,527 | INFO     | api             | TIMING | DB_ADD_AI_WS                   | Duration: 3.15ms | response_length=143
2026-03-24 12:58:47,527 | INFO     | api             | ====================================================================================================
2026-03-24 12:58:47,527 | INFO     | api             | QUERY_COMPLETE | ID: dc4d28c8 | Status: SUCCESS
2026-03-24 12:58:47,527 | INFO     | api             | TOTAL_TIME | 13.21ms
2026-03-24 12:58:47,528 | INFO     | api             | ====================================================================================================
2026-03-24 12:58:47,528 | INFO     | api             | WebSocket client disconnected - request_id=dc4d28c8
2026-03-24 12:59:23,494 | INFO     | api             | ====================================================================================================
2026-03-24 12:59:23,495 | INFO     | api             | QUERY_START | ID: cbca3573 | Question: Yes...
2026-03-24 12:59:23,495 | INFO     | api             | ====================================================================================================
2026-03-24 12:59:23,500 | INFO     | api             | TIMING | DB_ADD_USER_WS                 | Duration: 3.55ms
2026-03-24 12:59:23,503 | INFO     | api             | TIMING | HISTORY_RETRIEVAL_WS           | Duration: 2.3ms | history_items=2
2026-03-24 12:59:24,985 | INFO     | generation      | TIMING | MEMORY_SYNC                    | Duration: 1490.45ms | history_items=2
2026-03-24 12:59:24,985 | INFO     | generation      | TIMING | CONDENSE_QUESTION_LLM             | Started (rephrasing follow-up as standalone question)
2026-03-24 12:59:25,001 | INFO     | retrieval       | TIMING | QUERY_PREPROCESS               | Duration: 0.0ms | enhancements=1 | applied_domains=wilt
2026-03-24 12:59:25,696 | INFO     | generation      | TIMING | CONDENSE_QUESTION_LLM          | Duration: 715.92ms
2026-03-24 12:59:28,239 | INFO     | retrieval       | TIMING | ENSEMBLE_RETRIEVAL             | Duration: 3246.39ms | docs_retrieved=15
2026-03-24 12:59:28,239 | INFO     | retrieval       | TIMING | DOCUMENT_RERANKING             | Duration: 2.48ms | docs_processed=15 | docs_returned=8
2026-03-24 12:59:28,239 | INFO     | retrieval       | TIMING | RETRIEVAL                      | num_docs=8 | retrieval_ms=3250.19 | methods=ensemble
2026-03-24 12:59:28,254 | INFO     | generation      | TIMING | PARALLEL_CONDENSE_RETRIEVE     | Duration: 3259.4ms | original_docs=8
2026-03-24 12:59:28,254 | INFO     | retrieval       | TIMING | QUERY_PREPROCESS               | Duration: 0.01ms | enhancements=1 | applied_domains=wilt
2026-03-24 12:59:30,729 | INFO     | retrieval       | TIMING | ENSEMBLE_RETRIEVAL             | Duration: 2474.31ms | docs_retrieved=13
2026-03-24 12:59:30,730 | INFO     | retrieval       | TIMING | DOCUMENT_RERANKING             | Duration: 0.48ms | docs_processed=13 | docs_returned=8
2026-03-24 12:59:30,730 | INFO     | retrieval       | TIMING | RETRIEVAL                      | num_docs=8 | retrieval_ms=2475.76 | methods=ensemble
2026-03-24 12:59:30,730 | INFO     | generation      | TIMING | CONDENSED_RETRIEVAL_MERGE      | Duration: 2476.15ms | extra_docs=6 | total_docs=14
2026-03-24 12:59:30,730 | INFO     | generation      | TIMING | SOURCE_DOCS_CAPTURED           | count=14
2026-03-24 12:59:32,253 | INFO     | generation      | TIMING | CHAIN_INVOCATION               | Duration: 1522.88ms | answer_length=1822 | source_docs=14
2026-03-24 12:59:32,254 | INFO     | generation      | TIMING | GENERATION                     | generation_ms=8750.68
2026-03-24 12:59:32,254 | INFO     | api             | TIMING | WS_DIAGNOSIS_TARGETED_RAG      | Duration: 8751.05ms
2026-03-24 12:59:32,259 | INFO     | api             | TIMING | DB_ADD_AI_WS                   | Duration: 4.36ms | response_length=1932
2026-03-24 12:59:32,260 | INFO     | api             | ====================================================================================================
2026-03-24 12:59:32,260 | INFO     | api             | QUERY_COMPLETE | ID: cbca3573 | Status: SUCCESS
2026-03-24 12:59:32,260 | INFO     | api             | TOTAL_TIME | 8766.26ms
2026-03-24 12:59:32,260 | INFO     | api             | ====================================================================================================
2026-03-24 12:59:32,261 | INFO     | api             | WebSocket client disconnected - request_id=cbca3573
2026-03-24 13:16:35,841 | INFO     | api             | ====================================================================================================
2026-03-24 13:16:35,841 | INFO     | api             | QUERY_START | ID: 853b8900 | Question: Can you discuss detail management steps...
2026-03-24 13:16:35,842 | INFO     | api             | ====================================================================================================
2026-03-24 13:16:35,847 | INFO     | api             | TIMING | DB_ADD_USER_WS                 | Duration: 4.35ms
2026-03-24 13:16:35,850 | INFO     | api             | TIMING | HISTORY_RETRIEVAL_WS           | Duration: 2.89ms | history_items=3
2026-03-24 13:16:35,855 | INFO     | generation      | TIMING | MEMORY_SYNC_STREAM             | Duration: 3.21ms | history_items=3
2026-03-24 13:16:35,856 | INFO     | generation      | TIMING | CONDENSE_QUESTION_LLM             | Started (rephrasing follow-up as standalone question)
2026-03-24 13:16:36,310 | INFO     | generation      | TIMING | CONDENSE_QUESTION_LLM          | Duration: 454.88ms
2026-03-24 13:16:37,240 | INFO     | retrieval       | TIMING | ENSEMBLE_RETRIEVAL             | Duration: 1383.38ms | docs_retrieved=15
2026-03-24 13:16:37,241 | INFO     | retrieval       | TIMING | DOCUMENT_RERANKING             | Duration: 0.34ms | docs_processed=15 | docs_returned=8
2026-03-24 13:16:37,242 | INFO     | retrieval       | TIMING | RETRIEVAL                      | num_docs=8 | retrieval_ms=1384.44 | methods=ensemble
2026-03-24 13:16:37,242 | INFO     | generation      | TIMING | PARALLEL_CONDENSE_RETRIEVE     | Duration: 1387.33ms | original_docs=8
2026-03-24 13:16:37,242 | INFO     | retrieval       | TIMING | QUERY_PREPROCESS               | Duration: 0.0ms | enhancements=1 | applied_domains=wilt
2026-03-24 13:16:37,567 | INFO     | retrieval       | TIMING | ENSEMBLE_RETRIEVAL             | Duration: 328.73ms | docs_retrieved=14
2026-03-24 13:16:37,567 | INFO     | retrieval       | TIMING | DOCUMENT_RERANKING             | Duration: 0.49ms | docs_processed=14 | docs_returned=8
2026-03-24 13:16:37,567 | INFO     | retrieval       | TIMING | RETRIEVAL                      | num_docs=8 | retrieval_ms=330.26 | methods=ensemble
2026-03-24 13:16:37,567 | INFO     | generation      | TIMING | CONDENSED_RETRIEVAL_MERGE      | Duration: 330.74ms | extra_docs=8 | total_docs=16
2026-03-24 13:16:37,567 | INFO     | generation      | TIMING | SOURCE_DOCS_CAPTURED           | count=16
2026-03-24 13:16:38,951 | INFO     | generation      | TIMING | STREAMING_CHUNKS               | Duration: 1376.94ms | chunk_count=455 | answer_length=2304
2026-03-24 13:16:38,951 | INFO     | generation      | TIMING | GENERATION                     | generation_ms=3100.06 | chunks=455 | tokens=333
2026-03-24 13:16:38,951 | INFO     | generation      | TIMING | SOURCE_DOCS_FINAL              | captured_count=16 | result_count=16 | final_count=16
2026-03-24 13:16:38,953 | INFO     | api             | TIMING | STREAMING_COMPLETE             | Duration: 3101.48ms | chunks=455 | response_length=2304 | first_chunk_ms=2073.1
2026-03-24 13:16:38,959 | INFO     | api             | TIMING | DB_ADD_AI_WS                   | Duration: 4.57ms | response_length=2304
2026-03-24 13:16:38,959 | INFO     | api             | ====================================================================================================
2026-03-24 13:16:38,959 | INFO     | api             | QUERY_COMPLETE | ID: 853b8900 | Status: SUCCESS
2026-03-24 13:16:38,959 | INFO     | api             | TOTAL_TIME | 3118.66ms
2026-03-24 13:16:38,959 | INFO     | api             | ====================================================================================================
2026-03-24 13:16:38,961 | INFO     | api             | WebSocket client disconnected - request_id=853b8900
2026-03-24 13:17:21,950 | INFO     | api             | ====================================================================================================
2026-03-24 13:17:21,950 | INFO     | api             | QUERY_START | ID: ddd23d3a | Question: what is Trichoderma ?...
2026-03-24 13:17:21,950 | INFO     | api             | ====================================================================================================
2026-03-24 13:17:21,958 | INFO     | api             | TIMING | DB_ADD_USER_WS                 | Duration: 3.9ms
2026-03-24 13:17:21,959 | INFO     | api             | TIMING | HISTORY_RETRIEVAL_WS           | Duration: 2.94ms | history_items=4
2026-03-24 13:17:22,609 | INFO     | generation      | TIMING | MEMORY_SYNC_STREAM             | Duration: 646.14ms | history_items=4
2026-03-24 13:17:22,611 | INFO     | generation      | TIMING | CONDENSE_QUESTION_LLM             | Started (rephrasing follow-up as standalone question)
2026-03-24 13:17:23,149 | INFO     | generation      | TIMING | CONDENSE_QUESTION_LLM          | Duration: 540.61ms
2026-03-24 13:17:23,475 | INFO     | retrieval       | TIMING | ENSEMBLE_RETRIEVAL             | Duration: 867.77ms | docs_retrieved=15
2026-03-24 13:17:23,475 | INFO     | retrieval       | TIMING | DOCUMENT_RERANKING             | Duration: 0.38ms | docs_processed=15 | docs_returned=8
2026-03-24 13:17:23,475 | INFO     | retrieval       | TIMING | RETRIEVAL                      | num_docs=8 | retrieval_ms=868.85 | methods=ensemble
2026-03-24 13:17:23,475 | INFO     | generation      | TIMING | PARALLEL_CONDENSE_RETRIEVE     | Duration: 870.86ms | original_docs=8
2026-03-24 13:17:24,426 | INFO     | retrieval       | TIMING | ENSEMBLE_RETRIEVAL             | Duration: 952.25ms | docs_retrieved=15
2026-03-24 13:17:24,426 | INFO     | retrieval       | TIMING | DOCUMENT_RERANKING             | Duration: 0.47ms | docs_processed=15 | docs_returned=8
2026-03-24 13:17:24,426 | INFO     | retrieval       | TIMING | RETRIEVAL                      | num_docs=8 | retrieval_ms=953.49 | methods=ensemble
2026-03-24 13:17:24,426 | INFO     | generation      | TIMING | CONDENSED_RETRIEVAL_MERGE      | Duration: 953.84ms | extra_docs=6 | total_docs=14
2026-03-24 13:17:24,426 | INFO     | generation      | TIMING | SOURCE_DOCS_CAPTURED           | count=14
2026-03-24 13:17:25,643 | INFO     | generation      | TIMING | STREAMING_CHUNKS               | Duration: 1206.68ms | chunk_count=181 | answer_length=763
2026-03-24 13:17:25,643 | INFO     | generation      | TIMING | GENERATION                     | generation_ms=3680.24 | chunks=181 | tokens=106
2026-03-24 13:17:25,643 | INFO     | generation      | TIMING | SOURCE_DOCS_FINAL              | captured_count=14 | result_count=14 | final_count=14
2026-03-24 13:17:25,643 | INFO     | api             | TIMING | STREAMING_COMPLETE             | Duration: 3681.94ms | chunks=181 | response_length=763 | first_chunk_ms=2785.89
2026-03-24 13:17:25,643 | INFO     | api             | TIMING | DB_ADD_AI_WS                   | Duration: 5.66ms | response_length=763
2026-03-24 13:17:25,643 | INFO     | api             | ====================================================================================================
2026-03-24 13:17:25,643 | INFO     | api             | QUERY_COMPLETE | ID: ddd23d3a | Status: SUCCESS
2026-03-24 13:17:25,643 | INFO     | api             | TOTAL_TIME | 3700.83ms
2026-03-24 13:17:25,643 | INFO     | api             | ====================================================================================================
2026-03-24 13:17:25,643 | INFO     | api             | WebSocket client disconnected - request_id=ddd23d3a
2026-03-24 13:18:26,540 | INFO     | api             | ====================================================================================================
2026-03-24 13:18:26,540 | INFO     | api             | QUERY_START | ID: 60ecdbaa | Question: I found cracks in potatoes after 60 days of plantation what could be the reason?...
2026-03-24 13:18:26,540 | INFO     | api             | ====================================================================================================
2026-03-24 13:18:26,557 | INFO     | api             | TIMING | DB_ADD_USER_WS                 | Duration: 4.56ms
2026-03-24 13:18:26,557 | INFO     | api             | TIMING | HISTORY_RETRIEVAL_WS           | Duration: 2.42ms | history_items=0
2026-03-24 13:18:26,557 | INFO     | api             | TIMING | DB_ADD_AI_WS                   | Duration: 3.15ms | response_length=156
2026-03-24 13:18:26,557 | INFO     | api             | ====================================================================================================
2026-03-24 13:18:26,557 | INFO     | api             | QUERY_COMPLETE | ID: 60ecdbaa | Status: SUCCESS
2026-03-24 13:18:26,557 | INFO     | api             | TOTAL_TIME | 14.33ms
2026-03-24 13:18:26,557 | INFO     | api             | ====================================================================================================
2026-03-24 13:18:26,557 | INFO     | api             | WebSocket client disconnected - request_id=60ecdbaa
2026-03-24 13:18:38,451 | INFO     | api             | ====================================================================================================
2026-03-24 13:18:38,451 | INFO     | api             | QUERY_START | ID: f3514611 | Question: No...
2026-03-24 13:18:38,451 | INFO     | api             | ====================================================================================================
2026-03-24 13:18:38,456 | INFO     | api             | TIMING | DB_ADD_USER_WS                 | Duration: 4.2ms
2026-03-24 13:18:38,459 | INFO     | api             | TIMING | HISTORY_RETRIEVAL_WS           | Duration: 2.34ms | history_items=1
2026-03-24 13:18:38,462 | INFO     | api             | TIMING | DB_ADD_AI_WS                   | Duration: 2.83ms | response_length=161
2026-03-24 13:18:38,463 | INFO     | api             | ====================================================================================================
2026-03-24 13:18:38,463 | INFO     | api             | QUERY_COMPLETE | ID: f3514611 | Status: SUCCESS
2026-03-24 13:18:38,463 | INFO     | api             | TOTAL_TIME | 13.59ms
2026-03-24 13:18:38,463 | INFO     | api             | ====================================================================================================
2026-03-24 13:18:38,465 | INFO     | api             | WebSocket client disconnected - request_id=f3514611
2026-03-24 13:18:47,371 | INFO     | api             | ====================================================================================================
2026-03-24 13:18:47,371 | INFO     | api             | QUERY_START | ID: dc184d21 | Question: Yes...
2026-03-24 13:18:47,372 | INFO     | api             | ====================================================================================================
2026-03-24 13:18:47,377 | INFO     | api             | TIMING | DB_ADD_USER_WS                 | Duration: 3.8ms
2026-03-24 13:18:47,380 | INFO     | api             | TIMING | HISTORY_RETRIEVAL_WS           | Duration: 2.08ms | history_items=2
2026-03-24 13:18:47,383 | INFO     | api             | TIMING | DB_ADD_AI_WS                   | Duration: 2.72ms | response_length=153
2026-03-24 13:18:47,383 | INFO     | api             | ====================================================================================================
2026-03-24 13:18:47,383 | INFO     | api             | QUERY_COMPLETE | ID: dc184d21 | Status: SUCCESS
2026-03-24 13:18:47,383 | INFO     | api             | TOTAL_TIME | 13.12ms
2026-03-24 13:18:47,384 | INFO     | api             | ====================================================================================================
2026-03-24 13:18:47,384 | INFO     | api             | WebSocket client disconnected - request_id=dc184d21
2026-03-24 13:18:55,635 | INFO     | api             | ====================================================================================================
2026-03-24 13:18:55,635 | INFO     | api             | QUERY_START | ID: c6c63928 | Question: Yes...
2026-03-24 13:18:55,636 | INFO     | api             | ====================================================================================================
2026-03-24 13:18:55,640 | INFO     | api             | TIMING | DB_ADD_USER_WS                 | Duration: 4.18ms
2026-03-24 13:18:55,643 | INFO     | api             | TIMING | HISTORY_RETRIEVAL_WS           | Duration: 2.09ms | history_items=3
2026-03-24 13:18:55,644 | INFO     | generation      | TIMING | MEMORY_SYNC                    | Duration: 0.81ms | history_items=3
2026-03-24 13:18:55,645 | INFO     | generation      | TIMING | CONDENSE_QUESTION_LLM             | Started (rephrasing follow-up as standalone question)
2026-03-24 13:18:55,647 | INFO     | retrieval       | TIMING | QUERY_PREPROCESS               | Duration: 0.0ms | enhancements=1 | applied_domains=ring rot
2026-03-24 13:18:56,118 | INFO     | generation      | TIMING | CONDENSE_QUESTION_LLM          | Duration: 473.24ms
2026-03-24 13:18:56,269 | INFO     | retrieval       | TIMING | ENSEMBLE_RETRIEVAL             | Duration: 622.69ms | docs_retrieved=13
2026-03-24 13:18:56,269 | INFO     | retrieval       | TIMING | DOCUMENT_RERANKING             | Duration: 0.46ms | docs_processed=13 | docs_returned=8
2026-03-24 13:18:56,269 | INFO     | retrieval       | TIMING | RETRIEVAL                      | num_docs=8 | retrieval_ms=624.47 | methods=ensemble
2026-03-24 13:18:56,269 | INFO     | generation      | TIMING | PARALLEL_CONDENSE_RETRIEVE     | Duration: 627.71ms | original_docs=8
2026-03-24 13:18:56,269 | INFO     | retrieval       | TIMING | QUERY_PREPROCESS               | Duration: 0.01ms | enhancements=1 | applied_domains=ring rot
2026-03-24 13:18:56,564 | INFO     | retrieval       | TIMING | ENSEMBLE_RETRIEVAL             | Duration: 294.42ms | docs_retrieved=13
2026-03-24 13:18:56,564 | INFO     | retrieval       | TIMING | DOCUMENT_RERANKING             | Duration: 0.49ms | docs_processed=13 | docs_returned=8
2026-03-24 13:18:56,564 | INFO     | retrieval       | TIMING | RETRIEVAL                      | num_docs=8 | retrieval_ms=295.87 | methods=ensemble
2026-03-24 13:18:56,564 | INFO     | generation      | TIMING | CONDENSED_RETRIEVAL_MERGE      | Duration: 296.29ms | extra_docs=3 | total_docs=11
2026-03-24 13:18:56,564 | INFO     | generation      | TIMING | SOURCE_DOCS_CAPTURED           | count=11
2026-03-24 13:18:57,840 | INFO     | generation      | TIMING | CHAIN_INVOCATION               | Duration: 1274.26ms | answer_length=1652 | source_docs=11
2026-03-24 13:18:57,844 | INFO     | generation      | TIMING | GENERATION                     | generation_ms=2200.76
2026-03-24 13:18:57,844 | INFO     | api             | TIMING | WS_DIAGNOSIS_TARGETED_RAG      | Duration: 2201.16ms
2026-03-24 13:18:57,849 | INFO     | api             | TIMING | DB_ADD_AI_WS                   | Duration: 5.1ms | response_length=1757
2026-03-24 13:18:57,849 | INFO     | api             | ====================================================================================================
2026-03-24 13:18:57,849 | INFO     | api             | QUERY_COMPLETE | ID: c6c63928 | Status: SUCCESS
2026-03-24 13:18:57,849 | INFO     | api             | TOTAL_TIME | 2217.22ms
2026-03-24 13:18:57,852 | INFO     | api             | ====================================================================================================
2026-03-24 13:18:57,852 | INFO     | api             | WebSocket client disconnected - request_id=c6c63928
2026-03-24 19:27:43,582 | INFO     | retrieval       | TIMING | BM25_CACHE_LOAD                | Duration: 170.5ms | source=disk
2026-03-24 19:27:45,286 | INFO     | image_analyzer  | Initializing CLIPDiseaseAnalyzer...
2026-03-24 19:27:50,347 | INFO     | image_analyzer  | Encoding disease text prompts...
2026-03-24 19:27:51,492 | INFO     | image_analyzer  | Reference FAISS index loaded: 283 images
2026-03-24 19:27:51,493 | INFO     | image_analyzer  | TIMING | CLIP_ANALYZER_INIT             | Duration: 6207.65ms | device=cpu | disease_categories=20 | ref_index_loaded=True | ref_images_count=283
2026-03-24 19:28:06,256 | INFO     | retrieval       | TIMING | BM25_CACHE_LOAD                | Duration: 149.64ms | source=disk
2026-03-24 19:28:07,652 | INFO     | image_analyzer  | Initializing CLIPDiseaseAnalyzer...
2026-03-24 19:28:12,351 | INFO     | image_analyzer  | Encoding disease text prompts...
2026-03-24 19:28:13,152 | INFO     | image_analyzer  | Reference FAISS index loaded: 283 images
2026-03-24 19:28:13,152 | INFO     | image_analyzer  | TIMING | CLIP_ANALYZER_INIT             | Duration: 5500.17ms | device=cpu | disease_categories=20 | ref_index_loaded=True | ref_images_count=283
2026-03-24 19:28:28,846 | INFO     | retrieval       | TIMING | BM25_CACHE_LOAD                | Duration: 199.05ms | source=disk
2026-03-24 19:28:30,784 | INFO     | image_analyzer  | Initializing CLIPDiseaseAnalyzer...
2026-03-24 19:28:35,934 | INFO     | image_analyzer  | Encoding disease text prompts...
2026-03-24 19:28:36,686 | INFO     | image_analyzer  | Reference FAISS index loaded: 283 images
2026-03-24 19:28:36,686 | INFO     | image_analyzer  | TIMING | CLIP_ANALYZER_INIT             | Duration: 5907.42ms | device=cpu | disease_categories=20 | ref_index_loaded=True | ref_images_count=283
2026-03-24 19:28:52,977 | INFO     | retrieval       | TIMING | BM25_CACHE_LOAD                | Duration: 137.84ms | source=disk
2026-03-24 19:28:54,429 | INFO     | image_analyzer  | Initializing CLIPDiseaseAnalyzer...
2026-03-24 19:28:58,995 | INFO     | image_analyzer  | Encoding disease text prompts...
2026-03-24 19:28:59,898 | INFO     | image_analyzer  | Reference FAISS index loaded: 283 images
2026-03-24 19:28:59,898 | INFO     | image_analyzer  | TIMING | CLIP_ANALYZER_INIT             | Duration: 5468.06ms | device=cpu | disease_categories=20 | ref_index_loaded=True | ref_images_count=283
2026-03-24 19:29:13,745 | INFO     | retrieval       | TIMING | BM25_CACHE_LOAD                | Duration: 167.96ms | source=disk
2026-03-24 19:29:15,482 | INFO     | image_analyzer  | Initializing CLIPDiseaseAnalyzer...
2026-03-24 19:29:20,810 | INFO     | image_analyzer  | Encoding disease text prompts...
2026-03-24 19:29:21,617 | INFO     | image_analyzer  | Reference FAISS index loaded: 283 images
2026-03-24 19:29:21,617 | INFO     | image_analyzer  | TIMING | CLIP_ANALYZER_INIT             | Duration: 6134.81ms | device=cpu | disease_categories=20 | ref_index_loaded=True | ref_images_count=283
2026-03-24 19:29:34,900 | INFO     | retrieval       | TIMING | BM25_CACHE_LOAD                | Duration: 112.82ms | source=disk
2026-03-24 19:29:36,159 | INFO     | image_analyzer  | Initializing CLIPDiseaseAnalyzer...
2026-03-24 19:29:41,695 | INFO     | image_analyzer  | Encoding disease text prompts...
2026-03-24 19:29:42,560 | INFO     | image_analyzer  | Reference FAISS index loaded: 283 images
2026-03-24 19:29:42,560 | INFO     | image_analyzer  | TIMING | CLIP_ANALYZER_INIT             | Duration: 6393.26ms | device=cpu | disease_categories=20 | ref_index_loaded=True | ref_images_count=283
2026-03-24 19:34:21,670 | INFO     | retrieval       | TIMING | BM25_CACHE_LOAD                | Duration: 188.7ms | source=disk
2026-03-24 19:34:24,498 | INFO     | image_analyzer  | Initializing CLIPDiseaseAnalyzer...
2026-03-24 19:34:29,770 | INFO     | image_analyzer  | Encoding disease text prompts...
2026-03-24 19:34:31,273 | INFO     | image_analyzer  | Reference FAISS index loaded: 283 images
2026-03-24 19:34:31,273 | INFO     | image_analyzer  | TIMING | CLIP_ANALYZER_INIT             | Duration: 6775.04ms | device=cpu | disease_categories=20 | ref_index_loaded=True | ref_images_count=283
2026-04-01 18:21:19,730 | INFO     | retrieval       | TIMING | BM25_CACHE_LOAD                | Duration: 139.08ms | source=disk
2026-04-01 18:21:20,886 | INFO     | image_analyzer  | Initializing CLIPDiseaseAnalyzer...
2026-04-01 18:21:27,353 | INFO     | image_analyzer  | Encoding disease text prompts...
2026-04-01 18:21:28,688 | INFO     | image_analyzer  | Reference FAISS index loaded: 283 images
2026-04-01 18:21:28,698 | INFO     | image_analyzer  | TIMING | CLIP_ANALYZER_INIT             | Duration: 7811.38ms | device=cpu | disease_categories=20 | ref_index_loaded=True | ref_images_count=283
2026-04-01 18:22:41,306 | INFO     | api             | ====================================================================================================
2026-04-01 18:22:41,306 | INFO     | api             | QUERY_START | ID: e3987ce8 | Question: what is difference between Early blight and Late Blight?...
2026-04-01 18:22:41,306 | INFO     | api             | ====================================================================================================
2026-04-01 18:22:41,313 | INFO     | api             | TIMING | DB_ADD_USER_WS                 | Duration: 6.13ms
2026-04-01 18:22:41,313 | INFO     | api             | TIMING | HISTORY_RETRIEVAL_WS           | Duration: 2.89ms | history_items=0
2026-04-01 18:22:41,332 | INFO     | api             | TIMING | DB_ADD_AI_WS                   | Duration: 6.1ms | response_length=267
2026-04-01 18:22:41,332 | INFO     | api             | ====================================================================================================
2026-04-01 18:22:41,332 | INFO     | api             | QUERY_COMPLETE | ID: e3987ce8 | Status: SUCCESS
2026-04-01 18:22:41,332 | INFO     | api             | TOTAL_TIME | 33.86ms
2026-04-01 18:22:41,337 | INFO     | api             | ====================================================================================================
2026-04-01 18:22:41,337 | INFO     | api             | WebSocket client disconnected - request_id=e3987ce8
2026-04-01 18:25:45,633 | INFO     | retrieval       | TIMING | BM25_CACHE_LOAD                | Duration: 389.62ms | source=disk
2026-04-01 18:25:49,642 | INFO     | image_analyzer  | Initializing CLIPDiseaseAnalyzer...
2026-04-01 18:25:56,584 | INFO     | image_analyzer  | Encoding disease text prompts...
2026-04-01 18:25:58,890 | INFO     | image_analyzer  | Reference FAISS index loaded: 283 images
2026-04-01 18:25:58,890 | INFO     | image_analyzer  | TIMING | CLIP_ANALYZER_INIT             | Duration: 9245.85ms | device=cpu | disease_categories=20 | ref_index_loaded=True | ref_images_count=283
2026-04-01 18:26:20,059 | INFO     | retrieval       | TIMING | BM25_CACHE_LOAD                | Duration: 117.37ms | source=disk
2026-04-01 18:26:21,203 | INFO     | image_analyzer  | Initializing CLIPDiseaseAnalyzer...
2026-04-01 18:26:26,587 | INFO     | image_analyzer  | Encoding disease text prompts...
2026-04-01 18:26:27,837 | INFO     | image_analyzer  | Reference FAISS index loaded: 283 images
2026-04-01 18:26:27,839 | INFO     | image_analyzer  | TIMING | CLIP_ANALYZER_INIT             | Duration: 6634.26ms | device=cpu | disease_categories=20 | ref_index_loaded=True | ref_images_count=283
2026-04-01 18:27:03,986 | INFO     | api             | ====================================================================================================
2026-04-01 18:27:03,986 | INFO     | api             | QUERY_START | ID: 115f4fc4 | Question: Difference between Early Blight and Late Blight?...
2026-04-01 18:27:03,986 | INFO     | api             | ====================================================================================================
2026-04-01 18:27:03,998 | INFO     | api             | TIMING | DB_ADD_USER_WS                 | Duration: 6.64ms
2026-04-01 18:27:04,003 | INFO     | api             | TIMING | HISTORY_RETRIEVAL_WS           | Duration: 6.47ms | history_items=0
2026-04-01 18:27:04,003 | INFO     | generation      | TIMING | MEMORY_CLEAR                   | Cleared stale chain memory for new conversation
2026-04-01 18:27:04,033 | INFO     | retrieval       | TIMING | QUERY_PREPROCESS               | Duration: 0.02ms | enhancements=2 | applied_domains=late blight,early blight
2026-04-01 18:27:11,800 | INFO     | retrieval       | TIMING | ENSEMBLE_RETRIEVAL             | Duration: 7763.76ms | docs_retrieved=15
2026-04-01 18:27:11,800 | INFO     | retrieval       | TIMING | DOCUMENT_RERANKING             | Duration: 2.03ms | docs_processed=15 | docs_returned=8
2026-04-01 18:27:11,800 | INFO     | retrieval       | TIMING | RETRIEVAL                      | num_docs=8 | retrieval_ms=7767.73 | methods=ensemble
2026-04-01 18:27:11,807 | INFO     | generation      | TIMING | SOURCE_DOCS_CAPTURED           | count=8
2026-04-01 18:27:13,866 | INFO     | generation      | TIMING | STREAMING_CHUNKS               | Duration: 2059.91ms | chunk_count=430 | answer_length=2142
2026-04-01 18:27:13,866 | INFO     | generation      | TIMING | GENERATION                     | generation_ms=9858.47 | chunks=430 | tokens=292
2026-04-01 18:27:13,866 | INFO     | generation      | TIMING | SOURCE_DOCS_FINAL              | captured_count=8 | result_count=8 | final_count=8
2026-04-01 18:27:13,869 | INFO     | api             | TIMING | STREAMING_COMPLETE             | Duration: 9861.45ms | chunks=430 | response_length=2142 | first_chunk_ms=8451.18
2026-04-01 18:27:13,878 | INFO     | api             | TIMING | DB_ADD_AI_WS                   | Duration: 6.76ms | response_length=2142
2026-04-01 18:27:13,878 | INFO     | api             | ====================================================================================================
2026-04-01 18:27:13,878 | INFO     | api             | QUERY_COMPLETE | ID: 115f4fc4 | Status: SUCCESS
2026-04-01 18:27:13,878 | INFO     | api             | TOTAL_TIME | 9892.58ms
2026-04-01 18:27:13,878 | INFO     | api             | ====================================================================================================
2026-04-01 18:27:13,878 | INFO     | api             | WebSocket client disconnected - request_id=115f4fc4
2026-04-01 18:33:08,123 | INFO     | retrieval       | TIMING | BM25_CACHE_LOAD                | Duration: 413.6ms | source=disk
2026-04-01 18:33:12,528 | INFO     | image_analyzer  | Initializing CLIPDiseaseAnalyzer...
2026-04-01 18:33:19,128 | INFO     | image_analyzer  | Encoding disease text prompts...
2026-04-01 18:33:21,480 | INFO     | image_analyzer  | Reference FAISS index loaded: 283 images
2026-04-01 18:33:21,482 | INFO     | image_analyzer  | TIMING | CLIP_ANALYZER_INIT             | Duration: 8953.28ms | device=cpu | disease_categories=20 | ref_index_loaded=True | ref_images_count=283
2026-04-01 18:33:59,656 | INFO     | retrieval       | TIMING | BM25_CACHE_LOAD                | Duration: 421.06ms | source=disk
2026-04-01 18:34:04,010 | INFO     | image_analyzer  | Initializing CLIPDiseaseAnalyzer...
2026-04-01 18:34:11,905 | INFO     | image_analyzer  | Encoding disease text prompts...
2026-04-01 18:34:14,333 | INFO     | image_analyzer  | Reference FAISS index loaded: 283 images
2026-04-01 18:34:14,333 | INFO     | image_analyzer  | TIMING | CLIP_ANALYZER_INIT             | Duration: 10324.0ms | device=cpu | disease_categories=20 | ref_index_loaded=True | ref_images_count=283
2026-04-01 18:34:49,395 | INFO     | retrieval       | TIMING | BM25_CACHE_LOAD                | Duration: 539.76ms | source=disk
2026-04-01 18:34:54,551 | INFO     | image_analyzer  | Initializing CLIPDiseaseAnalyzer...
2026-04-01 18:35:01,576 | INFO     | image_analyzer  | Encoding disease text prompts...
2026-04-01 18:35:03,971 | INFO     | image_analyzer  | Reference FAISS index loaded: 283 images
2026-04-01 18:35:03,971 | INFO     | image_analyzer  | TIMING | CLIP_ANALYZER_INIT             | Duration: 9421.81ms | device=cpu | disease_categories=20 | ref_index_loaded=True | ref_images_count=283
2026-04-01 18:35:32,140 | INFO     | retrieval       | TIMING | BM25_CACHE_LOAD                | Duration: 372.48ms | source=disk
2026-04-01 18:35:36,492 | INFO     | image_analyzer  | Initializing CLIPDiseaseAnalyzer...
2026-04-01 18:35:43,956 | INFO     | image_analyzer  | Encoding disease text prompts...
2026-04-01 18:35:45,928 | INFO     | image_analyzer  | Reference FAISS index loaded: 283 images
2026-04-01 18:35:45,928 | INFO     | image_analyzer  | TIMING | CLIP_ANALYZER_INIT             | Duration: 9422.35ms | device=cpu | disease_categories=20 | ref_index_loaded=True | ref_images_count=283
2026-04-01 18:36:42,998 | INFO     | retrieval       | TIMING | BM25_CACHE_LOAD                | Duration: 119.95ms | source=disk
2026-04-01 18:36:44,211 | INFO     | image_analyzer  | Initializing CLIPDiseaseAnalyzer...
2026-04-01 18:36:50,265 | INFO     | image_analyzer  | Encoding disease text prompts...
2026-04-01 18:36:51,375 | INFO     | image_analyzer  | Reference FAISS index loaded: 283 images
2026-04-01 18:36:51,375 | INFO     | image_analyzer  | TIMING | CLIP_ANALYZER_INIT             | Duration: 7161.99ms | device=cpu | disease_categories=20 | ref_index_loaded=True | ref_images_count=283
2026-04-01 18:39:19,512 | INFO     | retrieval       | TIMING | BM25_CACHE_LOAD                | Duration: 371.81ms | source=disk
2026-04-01 18:39:23,764 | INFO     | image_analyzer  | Initializing CLIPDiseaseAnalyzer...
2026-04-01 18:39:30,253 | INFO     | image_analyzer  | Encoding disease text prompts...
2026-04-01 18:39:32,462 | INFO     | image_analyzer  | Reference FAISS index loaded: 283 images
2026-04-01 18:39:32,470 | INFO     | image_analyzer  | TIMING | CLIP_ANALYZER_INIT             | Duration: 8695.79ms | device=cpu | disease_categories=20 | ref_index_loaded=True | ref_images_count=283
2026-04-01 18:39:57,415 | INFO     | retrieval       | TIMING | BM25_CACHE_LOAD                | Duration: 125.98ms | source=disk
2026-04-01 18:39:58,634 | INFO     | image_analyzer  | Initializing CLIPDiseaseAnalyzer...
2026-04-01 18:40:03,371 | INFO     | image_analyzer  | Encoding disease text prompts...
2026-04-01 18:40:04,498 | INFO     | image_analyzer  | Reference FAISS index loaded: 283 images
2026-04-01 18:40:04,498 | INFO     | image_analyzer  | TIMING | CLIP_ANALYZER_INIT             | Duration: 5860.84ms | device=cpu | disease_categories=20 | ref_index_loaded=True | ref_images_count=283
2026-04-01 18:41:59,191 | INFO     | retrieval       | TIMING | BM25_CACHE_LOAD                | Duration: 460.34ms | source=disk
2026-04-01 18:42:03,463 | INFO     | image_analyzer  | Initializing CLIPDiseaseAnalyzer...
2026-04-01 18:42:08,914 | INFO     | image_analyzer  | Encoding disease text prompts...
2026-04-01 18:42:10,054 | INFO     | image_analyzer  | Reference FAISS index loaded: 283 images
2026-04-01 18:42:10,054 | INFO     | image_analyzer  | TIMING | CLIP_ANALYZER_INIT             | Duration: 6587.71ms | device=cpu | disease_categories=20 | ref_index_loaded=True | ref_images_count=283
2026-04-01 18:43:20,125 | INFO     | api             | ====================================================================================================
2026-04-01 18:43:20,125 | INFO     | api             | QUERY_START | ID: 22ac3993 | Question: i found crack in potato tuber after 40 days what could be the reason?...
2026-04-01 18:43:20,125 | INFO     | api             | ====================================================================================================
2026-04-01 18:43:20,137 | INFO     | api             | TIMING | DB_ADD_USER_WS                 | Duration: 7.47ms
2026-04-01 18:43:20,137 | INFO     | api             | TIMING | HISTORY_RETRIEVAL_WS           | Duration: 3.99ms | history_items=0
2026-04-01 18:43:20,147 | INFO     | generation      | TIMING | MEMORY_CLEAR                   | Cleared stale chain memory for new conversation
2026-04-01 18:43:22,174 | INFO     | retrieval       | TIMING | ENSEMBLE_RETRIEVAL             | Duration: 2001.19ms | docs_retrieved=14
2026-04-01 18:43:22,181 | INFO     | retrieval       | TIMING | DOCUMENT_RERANKING             | Duration: 1.74ms | docs_processed=14 | docs_returned=8
2026-04-01 18:43:22,181 | INFO     | retrieval       | TIMING | RETRIEVAL                      | num_docs=8 | retrieval_ms=2004.88 | methods=ensemble
2026-04-01 18:43:22,181 | INFO     | generation      | TIMING | SOURCE_DOCS_CAPTURED           | count=8
2026-04-01 18:43:23,584 | INFO     | generation      | TIMING | STREAMING_CHUNKS               | Duration: 1398.5ms | chunk_count=227 | answer_length=1083
2026-04-01 18:43:23,584 | INFO     | generation      | TIMING | GENERATION                     | generation_ms=3438.24 | chunks=227 | tokens=177
2026-04-01 18:43:23,586 | INFO     | generation      | TIMING | SOURCE_DOCS_FINAL              | captured_count=8 | result_count=8 | final_count=8
2026-04-01 18:43:23,586 | INFO     | api             | TIMING | STREAMING_COMPLETE             | Duration: 3441.93ms | chunks=227 | response_length=1083 | first_chunk_ms=2430.61
2026-04-01 18:43:23,586 | INFO     | api             | TIMING | DB_ADD_AI_WS                   | Duration: 8.79ms | response_length=1083
2026-04-01 18:43:23,586 | INFO     | api             | ====================================================================================================
2026-04-01 18:43:23,586 | INFO     | api             | QUERY_COMPLETE | ID: 22ac3993 | Status: SUCCESS
2026-04-01 18:43:23,586 | INFO     | api             | TOTAL_TIME | 3474.23ms
2026-04-01 18:43:23,586 | INFO     | api             | ====================================================================================================
2026-04-01 18:43:23,602 | INFO     | api             | WebSocket client disconnected - request_id=22ac3993
2026-04-01 18:44:16,250 | INFO     | api             | ====================================================================================================
2026-04-01 18:44:16,250 | INFO     | api             | QUERY_START | ID: 2a54bdc1 | Question: i found crack in potato tuber after 40 days what could be the reason?
...
2026-04-01 18:44:16,250 | INFO     | api             | ====================================================================================================
2026-04-01 18:44:16,258 | INFO     | api             | TIMING | DB_ADD_USER_WS                 | Duration: 7.53ms
2026-04-01 18:44:16,266 | INFO     | api             | TIMING | HISTORY_RETRIEVAL_WS           | Duration: 7.72ms | history_items=0
2026-04-01 18:44:16,284 | INFO     | api             | TIMING | DB_ADD_AI_WS                   | Duration: 10.16ms | response_length=208
2026-04-01 18:44:16,284 | INFO     | api             | ====================================================================================================
2026-04-01 18:44:16,284 | INFO     | api             | QUERY_COMPLETE | ID: 2a54bdc1 | Status: SUCCESS
2026-04-01 18:44:16,284 | INFO     | api             | TOTAL_TIME | 41.29ms
2026-04-01 18:44:16,284 | INFO     | api             | ====================================================================================================
2026-04-01 18:44:16,291 | INFO     | api             | WebSocket client disconnected - request_id=2a54bdc1
2026-04-01 18:44:30,416 | INFO     | api             | ====================================================================================================
2026-04-01 18:44:30,416 | INFO     | api             | QUERY_START | ID: dd329eb3 | Question: Yes...
2026-04-01 18:44:30,416 | INFO     | api             | ====================================================================================================
2026-04-01 18:44:30,428 | INFO     | api             | TIMING | DB_ADD_USER_WS                 | Duration: 7.89ms
2026-04-01 18:44:30,437 | INFO     | api             | TIMING | HISTORY_RETRIEVAL_WS           | Duration: 5.08ms | history_items=1
2026-04-01 18:44:30,444 | INFO     | api             | TIMING | DB_ADD_AI_WS                   | Duration: 5.15ms | response_length=163
2026-04-01 18:44:30,445 | INFO     | api             | ====================================================================================================
2026-04-01 18:44:30,446 | INFO     | api             | QUERY_COMPLETE | ID: dd329eb3 | Status: SUCCESS
2026-04-01 18:44:30,446 | INFO     | api             | TOTAL_TIME | 28.94ms
2026-04-01 18:44:30,446 | INFO     | api             | ====================================================================================================
2026-04-01 18:44:30,449 | INFO     | api             | WebSocket client disconnected - request_id=dd329eb3
2026-04-01 18:44:40,038 | INFO     | api             | ====================================================================================================
2026-04-01 18:44:40,038 | INFO     | api             | QUERY_START | ID: 0306ed71 | Question: Yes...
2026-04-01 18:44:40,038 | INFO     | api             | ====================================================================================================
2026-04-01 18:44:40,054 | INFO     | api             | TIMING | DB_ADD_USER_WS                 | Duration: 10.99ms
2026-04-01 18:44:40,063 | INFO     | api             | TIMING | HISTORY_RETRIEVAL_WS           | Duration: 7.64ms | history_items=2
2026-04-01 18:44:42,125 | INFO     | generation      | TIMING | MEMORY_SYNC                    | Duration: 2060.53ms | history_items=2
2026-04-01 18:44:42,125 | INFO     | generation      | TIMING | CONDENSE_QUESTION_LLM             | Started (rephrasing follow-up as standalone question)
2026-04-01 18:44:42,477 | INFO     | generation      | TIMING | CONDENSE_QUESTION_LLM          | Duration: 348.68ms
2026-04-01 18:44:44,976 | INFO     | retrieval       | TIMING | ENSEMBLE_RETRIEVAL             | Duration: 2844.15ms | docs_retrieved=13
2026-04-01 18:44:44,976 | INFO     | retrieval       | TIMING | DOCUMENT_RERANKING             | Duration: 2.11ms | docs_processed=13 | docs_returned=8
2026-04-01 18:44:44,976 | INFO     | retrieval       | TIMING | RETRIEVAL                      | num_docs=8 | retrieval_ms=2848.17 | methods=ensemble
2026-04-01 18:44:44,976 | INFO     | generation      | TIMING | PARALLEL_CONDENSE_RETRIEVE     | Duration: 2858.49ms | original_docs=8
2026-04-01 18:44:45,374 | INFO     | retrieval       | TIMING | ENSEMBLE_RETRIEVAL             | Duration: 388.87ms | docs_retrieved=12
2026-04-01 18:44:45,380 | INFO     | retrieval       | TIMING | DOCUMENT_RERANKING             | Duration: 5.45ms | docs_processed=12 | docs_returned=8
2026-04-01 18:44:45,381 | INFO     | retrieval       | TIMING | RETRIEVAL                      | num_docs=8 | retrieval_ms=395.16 | methods=ensemble
2026-04-01 18:44:45,381 | INFO     | generation      | TIMING | CONDENSED_RETRIEVAL_MERGE      | Duration: 395.6ms | extra_docs=6 | total_docs=14
2026-04-01 18:44:45,381 | INFO     | generation      | TIMING | SOURCE_DOCS_CAPTURED           | count=14
2026-04-01 18:44:48,223 | INFO     | generation      | TIMING | CHAIN_INVOCATION               | Duration: 2842.13ms | answer_length=2147 | source_docs=14
2026-04-01 18:44:48,224 | INFO     | generation      | TIMING | GENERATION                     | generation_ms=8159.7
2026-04-01 18:44:48,224 | INFO     | api             | TIMING | WS_DIAGNOSIS_TARGETED_RAG      | Duration: 8160.61ms
2026-04-01 18:44:48,236 | INFO     | api             | TIMING | DB_ADD_AI_WS                   | Duration: 7.19ms | response_length=2255
2026-04-01 18:44:48,236 | INFO     | api             | ====================================================================================================
2026-04-01 18:44:48,238 | INFO     | api             | QUERY_COMPLETE | ID: 0306ed71 | Status: SUCCESS
2026-04-01 18:44:48,238 | INFO     | api             | TOTAL_TIME | 8201.89ms
2026-04-01 18:44:48,238 | INFO     | api             | ====================================================================================================
2026-04-01 18:44:48,241 | INFO     | api             | WebSocket client disconnected - request_id=0306ed71
2026-04-05 22:01:56,227 | INFO     | retrieval       | TIMING | BM25_CACHE_LOAD                | Duration: 171.9ms | source=disk
2026-04-05 22:01:57,344 | INFO     | image_analyzer  | Initializing CLIPDiseaseAnalyzer...
2026-04-05 22:02:03,656 | INFO     | image_analyzer  | Encoding disease text prompts...
2026-04-05 22:02:04,454 | INFO     | image_analyzer  | Reference FAISS index loaded: 283 images
2026-04-05 22:02:04,454 | INFO     | image_analyzer  | TIMING | CLIP_ANALYZER_INIT             | Duration: 7110.25ms | device=cpu | disease_categories=20 | ref_index_loaded=True | ref_images_count=283
2026-04-05 22:03:22,649 | INFO     | api             | ====================================================================================================
2026-04-05 22:03:22,649 | INFO     | api             | QUERY_START | ID: eabdb952 | Question: I found brown spots on leaves after 25 to 30 days of plantation then what could ...
2026-04-05 22:03:22,649 | INFO     | api             | ====================================================================================================
2026-04-05 22:03:22,658 | INFO     | api             | TIMING | DB_ADD_USER_WS                 | Duration: 7.84ms
2026-04-05 22:03:22,666 | INFO     | api             | TIMING | HISTORY_RETRIEVAL_WS           | Duration: 3.0ms | history_items=0
2026-04-05 22:03:22,681 | INFO     | api             | TIMING | DB_ADD_AI_WS                   | Duration: 6.01ms | response_length=169
2026-04-05 22:03:22,681 | INFO     | api             | ====================================================================================================
2026-04-05 22:03:22,681 | INFO     | api             | QUERY_COMPLETE | ID: eabdb952 | Status: SUCCESS
2026-04-05 22:03:22,681 | INFO     | api             | TOTAL_TIME | 35.4ms
2026-04-05 22:03:22,681 | INFO     | api             | ====================================================================================================
2026-04-05 22:03:22,681 | INFO     | api             | WebSocket client disconnected - request_id=eabdb952
2026-04-05 22:04:26,028 | INFO     | api             | ====================================================================================================
2026-04-05 22:04:26,028 | INFO     | api             | QUERY_START | ID: 51c044fe | Question: No...
2026-04-05 22:04:26,028 | INFO     | api             | ====================================================================================================
2026-04-05 22:04:26,033 | INFO     | api             | TIMING | DB_ADD_USER_WS                 | Duration: 4.76ms
2026-04-05 22:04:26,037 | INFO     | api             | TIMING | HISTORY_RETRIEVAL_WS           | Duration: 3.94ms | history_items=1
2026-04-05 22:04:28,164 | INFO     | generation      | TIMING | MEMORY_SYNC                    | Duration: 2117.95ms | history_items=1
2026-04-05 22:04:28,164 | INFO     | generation      | TIMING | CONDENSE_QUESTION_LLM             | Started (rephrasing follow-up as standalone question)
2026-04-05 22:04:29,396 | INFO     | generation      | TIMING | CONDENSE_QUESTION_LLM          | Duration: 1221.09ms
2026-04-05 22:04:31,792 | INFO     | retrieval       | TIMING | ENSEMBLE_RETRIEVAL             | Duration: 3595.05ms | docs_retrieved=12
2026-04-05 22:04:31,792 | INFO     | retrieval       | TIMING | DOCUMENT_RERANKING             | Duration: 2.74ms | docs_processed=12 | docs_returned=8
2026-04-05 22:04:31,792 | INFO     | retrieval       | TIMING | RETRIEVAL                      | num_docs=8 | retrieval_ms=3599.4 | methods=ensemble
2026-04-05 22:04:31,802 | INFO     | generation      | TIMING | PARALLEL_CONDENSE_RETRIEVE     | Duration: 3626.9ms | original_docs=8
2026-04-05 22:04:32,217 | INFO     | retrieval       | TIMING | ENSEMBLE_RETRIEVAL             | Duration: 423.28ms | docs_retrieved=14
2026-04-05 22:04:32,217 | INFO     | retrieval       | TIMING | DOCUMENT_RERANKING             | Duration: 4.63ms | docs_processed=14 | docs_returned=8
2026-04-05 22:04:32,217 | INFO     | retrieval       | TIMING | RETRIEVAL                      | num_docs=8 | retrieval_ms=429.62 | methods=ensemble
2026-04-05 22:04:32,232 | INFO     | generation      | TIMING | CONDENSED_RETRIEVAL_MERGE      | Duration: 430.45ms | extra_docs=7 | total_docs=15
2026-04-05 22:04:32,232 | INFO     | generation      | TIMING | SOURCE_DOCS_CAPTURED           | count=15
2026-04-05 22:04:34,240 | INFO     | generation      | TIMING | CHAIN_INVOCATION               | Duration: 2005.92ms | answer_length=2123 | source_docs=15
2026-04-05 22:04:34,240 | INFO     | generation      | TIMING | GENERATION                     | generation_ms=8184.69
2026-04-05 22:04:34,240 | INFO     | api             | TIMING | WS_DIAGNOSIS_TARGETED_RAG      | Duration: 8185.41ms
2026-04-05 22:04:34,251 | INFO     | api             | TIMING | DB_ADD_AI_WS                   | Duration: 7.21ms | response_length=2272
2026-04-05 22:04:34,253 | INFO     | api             | ====================================================================================================
2026-04-05 22:04:34,253 | INFO     | api             | QUERY_COMPLETE | ID: 51c044fe | Status: SUCCESS
2026-04-05 22:04:34,253 | INFO     | api             | TOTAL_TIME | 8227.02ms
2026-04-05 22:04:34,253 | INFO     | api             | ====================================================================================================
2026-04-05 22:04:34,254 | INFO     | api             | WebSocket client disconnected - request_id=51c044fe
2026-04-05 22:05:44,123 | INFO     | api             | ====================================================================================================
2026-04-05 22:05:44,123 | INFO     | api             | QUERY_START | ID: 86697aac | Question: I found brown spots on leaves after 25 to 30 days of plantation then what could ...
2026-04-05 22:05:44,132 | INFO     | api             | ====================================================================================================
2026-04-05 22:05:44,140 | INFO     | api             | TIMING | DB_ADD_USER_WS                 | Duration: 6.41ms
2026-04-05 22:05:44,140 | INFO     | api             | TIMING | HISTORY_RETRIEVAL_WS           | Duration: 3.04ms | history_items=0
2026-04-05 22:05:44,140 | INFO     | generation      | TIMING | MEMORY_CLEAR                   | Cleared stale chain memory for new conversation
2026-04-05 22:05:47,139 | INFO     | retrieval       | TIMING | ENSEMBLE_RETRIEVAL             | Duration: 2996.11ms | docs_retrieved=15
2026-04-05 22:05:47,139 | INFO     | retrieval       | TIMING | DOCUMENT_RERANKING             | Duration: 1.56ms | docs_processed=15 | docs_returned=8
2026-04-05 22:05:47,139 | INFO     | retrieval       | TIMING | RETRIEVAL                      | num_docs=8 | retrieval_ms=2999.39 | methods=ensemble
2026-04-05 22:05:47,139 | INFO     | generation      | TIMING | SOURCE_DOCS_CAPTURED           | count=8
2026-04-05 22:05:48,527 | INFO     | generation      | TIMING | STREAMING_CHUNKS               | Duration: 1379.48ms | chunk_count=298 | answer_length=1453
2026-04-05 22:05:48,527 | INFO     | generation      | TIMING | GENERATION                     | generation_ms=4382.68 | chunks=298 | tokens=227
2026-04-05 22:05:48,529 | INFO     | generation      | TIMING | SOURCE_DOCS_FINAL              | captured_count=8 | result_count=8 | final_count=8
2026-04-05 22:05:48,529 | INFO     | api             | TIMING | STREAMING_COMPLETE             | Duration: 4385.89ms | chunks=298 | response_length=1453 | first_chunk_ms=3414.04
2026-04-05 22:05:48,539 | INFO     | api             | TIMING | DB_ADD_AI_WS                   | Duration: 8.21ms | response_length=1453
2026-04-05 22:05:48,539 | INFO     | api             | ====================================================================================================
2026-04-05 22:05:48,539 | INFO     | api             | QUERY_COMPLETE | ID: 86697aac | Status: SUCCESS
2026-04-05 22:05:48,539 | INFO     | api             | TOTAL_TIME | 4413.41ms
2026-04-05 22:05:48,543 | INFO     | api             | ====================================================================================================
2026-04-05 22:05:48,543 | INFO     | api             | WebSocket client disconnected - request_id=86697aac
2026-04-05 22:06:18,658 | INFO     | api             | ====================================================================================================
2026-04-05 22:06:18,658 | INFO     | api             | QUERY_START | ID: 2ee07cf8 | Question: I found brown spots on leaves after 25 to 30 days of plantation then what could ...
2026-04-05 22:06:18,658 | INFO     | api             | ====================================================================================================
2026-04-05 22:06:18,665 | INFO     | api             | TIMING | DB_ADD_USER_WS                 | Duration: 7.01ms
2026-04-05 22:06:18,674 | INFO     | api             | TIMING | HISTORY_RETRIEVAL_WS           | Duration: 2.74ms | history_items=0
2026-04-05 22:06:18,698 | INFO     | api             | TIMING | DB_ADD_AI_WS                   | Duration: 5.92ms | response_length=169
2026-04-05 22:06:18,698 | INFO     | api             | ====================================================================================================
2026-04-05 22:06:18,698 | INFO     | api             | QUERY_COMPLETE | ID: 2ee07cf8 | Status: SUCCESS
2026-04-05 22:06:18,698 | INFO     | api             | TOTAL_TIME | 39.99ms
2026-04-05 22:06:18,700 | INFO     | api             | ====================================================================================================
2026-04-05 22:06:18,700 | INFO     | api             | WebSocket client disconnected - request_id=2ee07cf8
2026-04-05 22:06:23,621 | INFO     | api             | ====================================================================================================
2026-04-05 22:06:23,624 | INFO     | api             | QUERY_START | ID: cfc0523a | Question: Yes...
2026-04-05 22:06:23,625 | INFO     | api             | ====================================================================================================
2026-04-05 22:06:23,628 | INFO     | api             | TIMING | DB_ADD_USER_WS                 | Duration: 7.54ms
2026-04-05 22:06:23,639 | INFO     | api             | TIMING | HISTORY_RETRIEVAL_WS           | Duration: 3.5ms | history_items=1
2026-04-05 22:06:23,657 | INFO     | api             | TIMING | DB_ADD_AI_WS                   | Duration: 6.59ms | response_length=159
2026-04-05 22:06:23,657 | INFO     | api             | ====================================================================================================
2026-04-05 22:06:23,657 | INFO     | api             | QUERY_COMPLETE | ID: cfc0523a | Status: SUCCESS
2026-04-05 22:06:23,657 | INFO     | api             | TOTAL_TIME | 39.09ms
2026-04-05 22:06:23,657 | INFO     | api             | ====================================================================================================
2026-04-05 22:06:23,657 | INFO     | api             | WebSocket client disconnected - request_id=cfc0523a
2026-04-05 22:06:35,968 | INFO     | api             | ====================================================================================================
2026-04-05 22:06:35,968 | INFO     | api             | QUERY_START | ID: 967d86e8 | Question: Yes...
2026-04-05 22:06:35,968 | INFO     | api             | ====================================================================================================
2026-04-05 22:06:35,977 | INFO     | api             | TIMING | DB_ADD_USER_WS                 | Duration: 6.42ms
2026-04-05 22:06:35,984 | INFO     | api             | TIMING | HISTORY_RETRIEVAL_WS           | Duration: 4.02ms | history_items=2
2026-04-05 22:06:36,000 | INFO     | generation      | TIMING | MEMORY_SYNC                    | Duration: 2.99ms | history_items=2
2026-04-05 22:06:36,000 | INFO     | generation      | TIMING | CONDENSE_QUESTION_LLM             | Started (rephrasing follow-up as standalone question)
2026-04-05 22:06:36,616 | INFO     | generation      | TIMING | CONDENSE_QUESTION_LLM          | Duration: 611.79ms
2026-04-05 22:06:37,220 | INFO     | retrieval       | TIMING | ENSEMBLE_RETRIEVAL             | Duration: 1212.4ms | docs_retrieved=11
2026-04-05 22:06:37,220 | INFO     | retrieval       | TIMING | DOCUMENT_RERANKING             | Duration: 1.74ms | docs_processed=11 | docs_returned=8
2026-04-05 22:06:37,220 | INFO     | retrieval       | TIMING | RETRIEVAL                      | num_docs=8 | retrieval_ms=1215.83 | methods=ensemble
2026-04-05 22:06:37,225 | INFO     | generation      | TIMING | PARALLEL_CONDENSE_RETRIEVE     | Duration: 1221.63ms | original_docs=8
2026-04-05 22:06:37,846 | INFO     | retrieval       | TIMING | ENSEMBLE_RETRIEVAL             | Duration: 620.87ms | docs_retrieved=13
2026-04-05 22:06:37,848 | INFO     | retrieval       | TIMING | DOCUMENT_RERANKING             | Duration: 1.38ms | docs_processed=13 | docs_returned=8
2026-04-05 22:06:37,848 | INFO     | retrieval       | TIMING | RETRIEVAL                      | num_docs=8 | retrieval_ms=623.8 | methods=ensemble
2026-04-05 22:06:37,850 | INFO     | generation      | TIMING | CONDENSED_RETRIEVAL_MERGE      | Duration: 624.58ms | extra_docs=7 | total_docs=15
2026-04-05 22:06:37,850 | INFO     | generation      | TIMING | SOURCE_DOCS_CAPTURED           | count=15
2026-04-05 22:06:39,516 | INFO     | generation      | TIMING | CHAIN_INVOCATION               | Duration: 1664.22ms | answer_length=1807 | source_docs=15
2026-04-05 22:06:39,516 | INFO     | generation      | TIMING | GENERATION                     | generation_ms=3517.14
2026-04-05 22:06:39,516 | INFO     | api             | TIMING | WS_DIAGNOSIS_TARGETED_RAG      | Duration: 3517.83ms
2026-04-05 22:06:39,530 | INFO     | api             | TIMING | DB_ADD_AI_WS                   | Duration: 9.25ms | response_length=2025
2026-04-05 22:06:39,530 | INFO     | api             | ====================================================================================================
2026-04-05 22:06:39,530 | INFO     | api             | QUERY_COMPLETE | ID: 967d86e8 | Status: SUCCESS
2026-04-05 22:06:39,530 | INFO     | api             | TOTAL_TIME | 3564.82ms
2026-04-05 22:06:39,530 | INFO     | api             | ====================================================================================================
2026-04-05 22:06:39,532 | INFO     | api             | WebSocket client disconnected - request_id=967d86e8
2026-04-05 22:10:22,314 | INFO     | retrieval       | TIMING | BM25_CACHE_LOAD                | Duration: 343.89ms | source=disk
2026-04-05 22:10:26,026 | INFO     | image_analyzer  | Initializing CLIPDiseaseAnalyzer...
2026-04-05 22:10:32,600 | INFO     | image_analyzer  | Encoding disease text prompts...
2026-04-05 22:10:34,579 | INFO     | image_analyzer  | Reference FAISS index loaded: 283 images
2026-04-05 22:10:34,579 | INFO     | image_analyzer  | TIMING | CLIP_ANALYZER_INIT             | Duration: 8553.78ms | device=cpu | disease_categories=20 | ref_index_loaded=True | ref_images_count=283
2026-04-05 22:11:00,046 | INFO     | retrieval       | TIMING | BM25_CACHE_LOAD                | Duration: 387.39ms | source=disk
2026-04-05 22:11:04,059 | INFO     | image_analyzer  | Initializing CLIPDiseaseAnalyzer...
2026-04-05 22:11:10,867 | INFO     | image_analyzer  | Encoding disease text prompts...
2026-04-05 22:11:13,015 | INFO     | image_analyzer  | Reference FAISS index loaded: 283 images
2026-04-05 22:11:13,015 | INFO     | image_analyzer  | TIMING | CLIP_ANALYZER_INIT             | Duration: 8956.05ms | device=cpu | disease_categories=20 | ref_index_loaded=True | ref_images_count=283
2026-04-05 22:11:37,303 | INFO     | retrieval       | TIMING | BM25_CACHE_LOAD                | Duration: 341.45ms | source=disk
2026-04-05 22:11:40,974 | INFO     | image_analyzer  | Initializing CLIPDiseaseAnalyzer...
2026-04-05 22:11:48,012 | INFO     | image_analyzer  | Encoding disease text prompts...
2026-04-05 22:11:50,203 | INFO     | image_analyzer  | Reference FAISS index loaded: 283 images
2026-04-05 22:11:50,204 | INFO     | image_analyzer  | TIMING | CLIP_ANALYZER_INIT             | Duration: 9227.32ms | device=cpu | disease_categories=20 | ref_index_loaded=True | ref_images_count=283
2026-04-05 22:18:06,929 | INFO     | retrieval       | TIMING | BM25_CACHE_LOAD                | Duration: 460.98ms | source=disk
2026-04-05 22:18:12,544 | INFO     | image_analyzer  | Initializing CLIPDiseaseAnalyzer...
2026-04-05 22:18:19,579 | INFO     | image_analyzer  | Encoding disease text prompts...
2026-04-05 22:18:21,927 | INFO     | image_analyzer  | Reference FAISS index loaded: 283 images
2026-04-05 22:18:21,929 | INFO     | image_analyzer  | TIMING | CLIP_ANALYZER_INIT             | Duration: 9384.4ms | device=cpu | disease_categories=20 | ref_index_loaded=True | ref_images_count=283
2026-04-05 22:18:49,355 | INFO     | retrieval       | TIMING | BM25_CACHE_LOAD                | Duration: 405.11ms | source=disk
2026-04-05 22:18:53,453 | INFO     | image_analyzer  | Initializing CLIPDiseaseAnalyzer...
2026-04-05 22:18:59,421 | INFO     | image_analyzer  | Encoding disease text prompts...
2026-04-05 22:19:01,508 | INFO     | image_analyzer  | Reference FAISS index loaded: 283 images
2026-04-05 22:19:01,508 | INFO     | image_analyzer  | TIMING | CLIP_ANALYZER_INIT             | Duration: 8043.71ms | device=cpu | disease_categories=20 | ref_index_loaded=True | ref_images_count=283
2026-04-05 22:19:26,271 | INFO     | retrieval       | TIMING | BM25_CACHE_LOAD                | Duration: 351.34ms | source=disk
2026-04-05 22:19:30,179 | INFO     | image_analyzer  | Initializing CLIPDiseaseAnalyzer...
2026-04-05 22:19:36,586 | INFO     | image_analyzer  | Encoding disease text prompts...
2026-04-05 22:19:38,805 | INFO     | image_analyzer  | Reference FAISS index loaded: 283 images
2026-04-05 22:19:38,805 | INFO     | image_analyzer  | TIMING | CLIP_ANALYZER_INIT             | Duration: 8621.5ms | device=cpu | disease_categories=20 | ref_index_loaded=True | ref_images_count=283
2026-04-05 22:19:50,905 | INFO     | retrieval       | TIMING | BM25_CACHE_LOAD                | Duration: 115.19ms | source=disk
2026-04-05 22:19:52,028 | INFO     | image_analyzer  | Initializing CLIPDiseaseAnalyzer...
2026-04-05 22:19:57,267 | INFO     | image_analyzer  | Encoding disease text prompts...
2026-04-05 22:19:57,973 | INFO     | image_analyzer  | Reference FAISS index loaded: 283 images
2026-04-05 22:19:57,973 | INFO     | image_analyzer  | TIMING | CLIP_ANALYZER_INIT             | Duration: 5941.81ms | device=cpu | disease_categories=20 | ref_index_loaded=True | ref_images_count=283
2026-04-05 22:20:08,040 | INFO     | retrieval       | TIMING | BM25_CACHE_LOAD                | Duration: 109.13ms | source=disk
2026-04-05 22:20:09,112 | INFO     | image_analyzer  | Initializing CLIPDiseaseAnalyzer...
2026-04-05 22:20:14,370 | INFO     | image_analyzer  | Encoding disease text prompts...
2026-04-05 22:20:15,046 | INFO     | image_analyzer  | Reference FAISS index loaded: 283 images
2026-04-05 22:20:15,046 | INFO     | image_analyzer  | TIMING | CLIP_ANALYZER_INIT             | Duration: 5932.85ms | device=cpu | disease_categories=20 | ref_index_loaded=True | ref_images_count=283
2026-04-05 22:21:44,544 | INFO     | api             | ====================================================================================================
2026-04-05 22:21:44,544 | INFO     | api             | QUERY_START | ID: cf954649 | Question: IMAGE_ANALYSIS: Late_blight_test.jpg...
2026-04-05 22:21:44,544 | INFO     | api             | ====================================================================================================
2026-04-05 22:21:44,996 | INFO     | image_analyzer  | TIMING | ZERO_SHOT_CLASSIFY             | Duration: 456.72ms | top_disease=Calcium Deficiency | top_confidence=19.8
2026-04-05 22:21:45,272 | INFO     | image_analyzer  | TIMING | REF_IMAGE_MATCHING             | Duration: 270.7ms | results=10
2026-04-05 22:21:45,274 | INFO     | image_analyzer  | TIMING | FULL_IMAGE_ANALYSIS            | Duration: 729.37ms | prediction=Late Blight | confidence=37.0 | ref_images_used=10 | mode=hybrid
2026-04-05 22:21:45,274 | INFO     | api             | TIMING | CLIP_IMAGE_ANALYSIS            | Duration: 730.22ms | prediction=Late Blight | confidence=0.3703
2026-04-05 22:21:45,302 | INFO     | generation      | TIMING | MEMORY_CLEAR                   | Cleared stale chain memory for new conversation
2026-04-05 22:21:45,313 | INFO     | retrieval       | TIMING | QUERY_PREPROCESS               | Duration: 0.02ms | enhancements=1 | applied_domains=late blight
2026-04-05 22:21:47,437 | INFO     | retrieval       | TIMING | ENSEMBLE_RETRIEVAL             | Duration: 2121.51ms | docs_retrieved=14
2026-04-05 22:21:47,445 | INFO     | retrieval       | TIMING | DOCUMENT_RERANKING             | Duration: 1.17ms | docs_processed=14 | docs_returned=8
2026-04-05 22:21:47,445 | INFO     | retrieval       | TIMING | RETRIEVAL                      | num_docs=8 | retrieval_ms=2124.77 | methods=ensemble
2026-04-05 22:21:47,445 | INFO     | generation      | TIMING | SOURCE_DOCS_CAPTURED           | count=8
2026-04-05 22:21:49,328 | INFO     | generation      | TIMING | CHAIN_INVOCATION               | Duration: 1882.62ms | answer_length=2508 | source_docs=8
2026-04-05 22:21:49,328 | INFO     | generation      | TIMING | GENERATION                     | generation_ms=4028.66
2026-04-05 22:21:49,328 | INFO     | api             | TIMING | IMAGE_RAG_CHAIN                | Duration: 4029.48ms
2026-04-05 22:21:49,341 | INFO     | api             | ====================================================================================================
2026-04-05 22:21:49,342 | INFO     | api             | QUERY_COMPLETE | ID: cf954649 | Status: SUCCESS
2026-04-05 22:21:49,342 | INFO     | api             | TOTAL_TIME | 4857.74ms
2026-04-05 22:21:49,342 | INFO     | api             | ====================================================================================================
2026-04-05 22:22:12,792 | INFO     | api             | ====================================================================================================
2026-04-05 22:22:12,792 | INFO     | api             | QUERY_START | ID: 03222581 | Question: which fungicide to use to treat it?...
2026-04-05 22:22:12,792 | INFO     | api             | ====================================================================================================
2026-04-05 22:22:12,803 | INFO     | api             | TIMING | DB_ADD_USER_WS                 | Duration: 6.72ms
2026-04-05 22:22:12,815 | INFO     | api             | TIMING | HISTORY_RETRIEVAL_WS           | Duration: 7.22ms | history_items=1
2026-04-05 22:22:15,607 | INFO     | generation      | TIMING | MEMORY_SYNC_STREAM             | Duration: 2800.0ms | history_items=1
2026-04-05 22:22:15,607 | INFO     | generation      | TIMING | CONDENSE_QUESTION_LLM             | Started (rephrasing follow-up as standalone question)
2026-04-05 22:22:16,098 | INFO     | generation      | TIMING | CONDENSE_QUESTION_LLM          | Duration: 479.87ms
2026-04-05 22:22:16,767 | INFO     | retrieval       | TIMING | ENSEMBLE_RETRIEVAL             | Duration: 1148.14ms | docs_retrieved=15
2026-04-05 22:22:16,767 | INFO     | retrieval       | TIMING | DOCUMENT_RERANKING             | Duration: 1.98ms | docs_processed=15 | docs_returned=8
2026-04-05 22:22:16,767 | INFO     | retrieval       | TIMING | RETRIEVAL                      | num_docs=8 | retrieval_ms=1151.79 | methods=ensemble
2026-04-05 22:22:16,767 | INFO     | generation      | TIMING | PARALLEL_CONDENSE_RETRIEVE     | Duration: 1155.79ms | original_docs=8
2026-04-05 22:22:16,767 | INFO     | retrieval       | TIMING | QUERY_PREPROCESS               | Duration: 0.02ms | enhancements=1 | applied_domains=late blight
2026-04-05 22:22:17,522 | INFO     | retrieval       | TIMING | ENSEMBLE_RETRIEVAL             | Duration: 747.19ms | docs_retrieved=14
2026-04-05 22:22:17,522 | INFO     | retrieval       | TIMING | DOCUMENT_RERANKING             | Duration: 1.25ms | docs_processed=14 | docs_returned=8
2026-04-05 22:22:17,522 | INFO     | retrieval       | TIMING | RETRIEVAL                      | num_docs=8 | retrieval_ms=750.8 | methods=ensemble
2026-04-05 22:22:17,522 | INFO     | generation      | TIMING | CONDENSED_RETRIEVAL_MERGE      | Duration: 751.89ms | extra_docs=8 | total_docs=16
2026-04-05 22:22:17,527 | INFO     | generation      | TIMING | SOURCE_DOCS_CAPTURED           | count=16
2026-04-05 22:22:19,415 | INFO     | generation      | TIMING | STREAMING_CHUNKS               | Duration: 1887.81ms | chunk_count=418 | answer_length=1628
2026-04-05 22:22:19,415 | INFO     | generation      | TIMING | GENERATION                     | generation_ms=6599.46 | chunks=418 | tokens=264
2026-04-05 22:22:19,415 | INFO     | generation      | TIMING | SOURCE_DOCS_FINAL              | captured_count=16 | result_count=16 | final_count=16
2026-04-05 22:22:19,415 | INFO     | api             | TIMING | STREAMING_COMPLETE             | Duration: 6602.76ms | chunks=418 | response_length=1628 | first_chunk_ms=5459.04
2026-04-05 22:22:19,428 | INFO     | api             | TIMING | DB_ADD_AI_WS                   | Duration: 5.57ms | response_length=1628
2026-04-05 22:22:19,428 | INFO     | api             | ====================================================================================================
2026-04-05 22:22:19,428 | INFO     | api             | QUERY_COMPLETE | ID: 03222581 | Status: SUCCESS
2026-04-05 22:22:19,428 | INFO     | api             | TOTAL_TIME | 6632.44ms
2026-04-05 22:22:19,428 | INFO     | api             | ====================================================================================================
2026-04-05 22:22:19,431 | INFO     | api             | WebSocket client disconnected - request_id=03222581
2026-04-05 22:23:12,441 | INFO     | api             | ====================================================================================================
2026-04-05 22:23:12,441 | INFO     | api             | QUERY_START | ID: 9aba2694 | Question: i found yellow leaves in potato after 40 days of plantation then what could be t...
2026-04-05 22:23:12,441 | INFO     | api             | ====================================================================================================
2026-04-05 22:23:12,449 | INFO     | api             | TIMING | DB_ADD_USER_WS                 | Duration: 5.16ms
2026-04-05 22:23:12,452 | INFO     | api             | TIMING | HISTORY_RETRIEVAL_WS           | Duration: 3.82ms | history_items=0
2026-04-05 22:23:12,454 | INFO     | generation      | TIMING | MEMORY_CLEAR                   | Cleared stale chain memory for new conversation
2026-04-05 22:23:13,740 | INFO     | retrieval       | TIMING | ENSEMBLE_RETRIEVAL             | Duration: 1290.21ms | docs_retrieved=14
2026-04-05 22:23:13,740 | INFO     | retrieval       | TIMING | DOCUMENT_RERANKING             | Duration: 1.21ms | docs_processed=14 | docs_returned=8
2026-04-05 22:23:13,749 | INFO     | retrieval       | TIMING | RETRIEVAL                      | num_docs=8 | retrieval_ms=1293.23 | methods=ensemble
2026-04-05 22:23:13,749 | INFO     | generation      | TIMING | SOURCE_DOCS_CAPTURED           | count=8
2026-04-05 22:23:16,835 | INFO     | generation      | TIMING | STREAMING_CHUNKS               | Duration: 3085.46ms | chunk_count=496 | answer_length=2343
2026-04-05 22:23:16,835 | INFO     | generation      | TIMING | GENERATION                     | generation_ms=4381.74 | chunks=496 | tokens=354
2026-04-05 22:23:16,837 | INFO     | generation      | TIMING | SOURCE_DOCS_FINAL              | captured_count=8 | result_count=8 | final_count=8
2026-04-05 22:23:16,845 | INFO     | api             | TIMING | STREAMING_COMPLETE             | Duration: 4392.16ms | chunks=496 | response_length=2343 | first_chunk_ms=2654.69
2026-04-05 22:23:16,858 | INFO     | api             | TIMING | DB_ADD_AI_WS                   | Duration: 9.25ms | response_length=2343
2026-04-05 22:23:16,858 | INFO     | api             | ====================================================================================================
2026-04-05 22:23:16,860 | INFO     | api             | QUERY_COMPLETE | ID: 9aba2694 | Status: SUCCESS
2026-04-05 22:23:16,860 | INFO     | api             | TOTAL_TIME | 4419.68ms
2026-04-05 22:23:16,860 | INFO     | api             | ====================================================================================================
2026-04-05 22:23:16,862 | INFO     | api             | WebSocket client disconnected - request_id=9aba2694
2026-04-05 22:24:47,848 | INFO     | retrieval       | TIMING | BM25_CACHE_LOAD                | Duration: 328.53ms | source=disk
2026-04-05 22:24:51,291 | INFO     | image_analyzer  | Initializing CLIPDiseaseAnalyzer...
2026-04-05 22:24:58,417 | INFO     | image_analyzer  | Encoding disease text prompts...
2026-04-05 22:25:00,395 | INFO     | image_analyzer  | Reference FAISS index loaded: 283 images
2026-04-05 22:25:00,397 | INFO     | image_analyzer  | TIMING | CLIP_ANALYZER_INIT             | Duration: 9100.33ms | device=cpu | disease_categories=20 | ref_index_loaded=True | ref_images_count=283
2026-04-05 22:25:24,648 | INFO     | retrieval       | TIMING | BM25_CACHE_LOAD                | Duration: 337.47ms | source=disk
2026-04-05 22:25:28,370 | INFO     | image_analyzer  | Initializing CLIPDiseaseAnalyzer...
2026-04-05 22:25:36,701 | INFO     | image_analyzer  | Encoding disease text prompts...
2026-04-05 22:25:38,787 | INFO     | image_analyzer  | Reference FAISS index loaded: 283 images
2026-04-05 22:25:38,787 | INFO     | image_analyzer  | TIMING | CLIP_ANALYZER_INIT             | Duration: 10423.68ms | device=cpu | disease_categories=20 | ref_index_loaded=True | ref_images_count=283
2026-04-05 22:25:59,034 | INFO     | retrieval       | TIMING | BM25_CACHE_LOAD                | Duration: 107.46ms | source=disk
2026-04-05 22:26:00,122 | INFO     | image_analyzer  | Initializing CLIPDiseaseAnalyzer...
2026-04-05 22:26:07,408 | INFO     | image_analyzer  | Encoding disease text prompts...
2026-04-05 22:26:08,138 | INFO     | image_analyzer  | Reference FAISS index loaded: 283 images
2026-04-05 22:26:08,138 | INFO     | image_analyzer  | TIMING | CLIP_ANALYZER_INIT             | Duration: 8015.57ms | device=cpu | disease_categories=20 | ref_index_loaded=True | ref_images_count=283
2026-04-05 22:26:18,393 | INFO     | retrieval       | TIMING | BM25_CACHE_LOAD                | Duration: 110.36ms | source=disk
2026-04-05 22:26:19,647 | INFO     | image_analyzer  | Initializing CLIPDiseaseAnalyzer...
2026-04-05 22:26:24,232 | INFO     | image_analyzer  | Encoding disease text prompts...
2026-04-05 22:26:24,931 | INFO     | image_analyzer  | Reference FAISS index loaded: 283 images
2026-04-05 22:26:24,931 | INFO     | image_analyzer  | TIMING | CLIP_ANALYZER_INIT             | Duration: 5296.03ms | device=cpu | disease_categories=20 | ref_index_loaded=True | ref_images_count=283
2026-04-05 22:26:55,135 | INFO     | api             | ====================================================================================================
2026-04-05 22:26:55,135 | INFO     | api             | QUERY_START | ID: 9e50800c | Question: what is PLRV?...
2026-04-05 22:26:55,135 | INFO     | api             | ====================================================================================================
2026-04-05 22:26:55,143 | INFO     | api             | TIMING | DB_ADD_USER_WS                 | Duration: 6.13ms
2026-04-05 22:26:55,149 | INFO     | api             | TIMING | HISTORY_RETRIEVAL_WS           | Duration: 3.27ms | history_items=1
2026-04-05 22:26:57,734 | INFO     | generation      | TIMING | MEMORY_SYNC_STREAM             | Duration: 2586.42ms | history_items=1
2026-04-05 22:26:57,734 | INFO     | generation      | TIMING | CONDENSE_QUESTION_LLM             | Started (rephrasing follow-up as standalone question)
2026-04-05 22:26:58,384 | INFO     | generation      | TIMING | CONDENSE_QUESTION_LLM          | Duration: 651.54ms
2026-04-05 22:26:59,065 | INFO     | retrieval       | TIMING | ENSEMBLE_RETRIEVAL             | Duration: 1308.6ms | docs_retrieved=15
2026-04-05 22:26:59,073 | INFO     | retrieval       | TIMING | DOCUMENT_RERANKING             | Duration: 0.63ms | docs_processed=15 | docs_returned=8
2026-04-05 22:26:59,074 | INFO     | retrieval       | TIMING | RETRIEVAL                      | num_docs=8 | retrieval_ms=1311.69 | methods=ensemble
2026-04-05 22:26:59,074 | INFO     | generation      | TIMING | PARALLEL_CONDENSE_RETRIEVE     | Duration: 1334.85ms | original_docs=8
2026-04-05 22:26:59,390 | INFO     | retrieval       | TIMING | ENSEMBLE_RETRIEVAL             | Duration: 315.8ms | docs_retrieved=13
2026-04-05 22:26:59,390 | INFO     | retrieval       | TIMING | DOCUMENT_RERANKING             | Duration: 1.19ms | docs_processed=13 | docs_returned=8
2026-04-05 22:26:59,390 | INFO     | retrieval       | TIMING | RETRIEVAL                      | num_docs=8 | retrieval_ms=318.13 | methods=ensemble
2026-04-05 22:26:59,390 | INFO     | generation      | TIMING | CONDENSED_RETRIEVAL_MERGE      | Duration: 318.96ms | extra_docs=7 | total_docs=15
2026-04-05 22:26:59,390 | INFO     | generation      | TIMING | SOURCE_DOCS_CAPTURED           | count=15
2026-04-05 22:27:00,659 | INFO     | generation      | TIMING | STREAMING_CHUNKS               | Duration: 1265.11ms | chunk_count=301 | answer_length=1412
2026-04-05 22:27:00,659 | INFO     | generation      | TIMING | GENERATION                     | generation_ms=5510.02 | chunks=301 | tokens=192
2026-04-05 22:27:00,659 | INFO     | generation      | TIMING | SOURCE_DOCS_FINAL              | captured_count=15 | result_count=15 | final_count=15
2026-04-05 22:27:00,659 | INFO     | api             | TIMING | STREAMING_COMPLETE             | Duration: 5512.74ms | chunks=301 | response_length=1412 | first_chunk_ms=4455.54
2026-04-05 22:27:00,675 | INFO     | api             | TIMING | DB_ADD_AI_WS                   | Duration: 9.14ms | response_length=1412
2026-04-05 22:27:00,675 | INFO     | api             | ====================================================================================================
2026-04-05 22:27:00,675 | INFO     | api             | QUERY_COMPLETE | ID: 9e50800c | Status: SUCCESS
2026-04-05 22:27:00,675 | INFO     | api             | TOTAL_TIME | 5540.04ms
2026-04-05 22:27:00,675 | INFO     | api             | ====================================================================================================
2026-04-05 22:27:00,675 | INFO     | api             | WebSocket client disconnected - request_id=9e50800c
2026-04-06 20:11:07,187 | INFO     | retrieval       | TIMING | BM25_CACHE_LOAD                | Duration: 350.61ms | source=disk
2026-04-06 20:11:11,070 | INFO     | image_analyzer  | Initializing CLIPDiseaseAnalyzer...
2026-04-06 20:11:17,550 | INFO     | image_analyzer  | Encoding disease text prompts...
2026-04-06 20:11:19,618 | INFO     | image_analyzer  | Reference FAISS index loaded: 283 images
2026-04-06 20:11:19,619 | INFO     | image_analyzer  | TIMING | CLIP_ANALYZER_INIT             | Duration: 8538.6ms | device=cpu | disease_categories=20 | ref_index_loaded=True | ref_images_count=283
2026-04-06 20:11:43,203 | INFO     | retrieval       | TIMING | BM25_CACHE_LOAD                | Duration: 323.93ms | source=disk
2026-04-06 20:11:46,684 | INFO     | image_analyzer  | Initializing CLIPDiseaseAnalyzer...
2026-04-06 20:11:53,467 | INFO     | image_analyzer  | Encoding disease text prompts...
2026-04-06 20:11:55,569 | INFO     | image_analyzer  | Reference FAISS index loaded: 283 images
2026-04-06 20:11:55,569 | INFO     | image_analyzer  | TIMING | CLIP_ANALYZER_INIT             | Duration: 8887.47ms | device=cpu | disease_categories=20 | ref_index_loaded=True | ref_images_count=283
2026-04-06 20:13:11,841 | INFO     | retrieval       | TIMING | BM25_CACHE_LOAD                | Duration: 362.12ms | source=disk
2026-04-06 20:13:15,543 | INFO     | image_analyzer  | Initializing CLIPDiseaseAnalyzer...
2026-04-06 20:13:22,063 | INFO     | image_analyzer  | Encoding disease text prompts...
2026-04-06 20:13:24,239 | INFO     | image_analyzer  | Reference FAISS index loaded: 283 images
2026-04-06 20:13:24,240 | INFO     | image_analyzer  | TIMING | CLIP_ANALYZER_INIT             | Duration: 8683.53ms | device=cpu | disease_categories=20 | ref_index_loaded=True | ref_images_count=283
2026-04-06 20:18:35,911 | INFO     | retrieval       | TIMING | BM25_CACHE_LOAD                | Duration: 386.8ms | source=disk
2026-04-06 20:18:39,678 | INFO     | image_analyzer  | Initializing CLIPDiseaseAnalyzer...
2026-04-06 20:18:46,277 | INFO     | image_analyzer  | Encoding disease text prompts...
2026-04-06 20:18:48,477 | INFO     | image_analyzer  | Reference FAISS index loaded: 283 images
2026-04-06 20:18:48,477 | INFO     | image_analyzer  | TIMING | CLIP_ANALYZER_INIT             | Duration: 8806.06ms | device=cpu | disease_categories=20 | ref_index_loaded=True | ref_images_count=283
2026-04-06 20:19:11,651 | INFO     | retrieval       | TIMING | BM25_CACHE_LOAD                | Duration: 371.56ms | source=disk
2026-04-06 20:19:15,319 | INFO     | image_analyzer  | Initializing CLIPDiseaseAnalyzer...
2026-04-06 20:19:21,553 | INFO     | image_analyzer  | Encoding disease text prompts...
2026-04-06 20:19:23,883 | INFO     | image_analyzer  | Reference FAISS index loaded: 283 images
2026-04-06 20:19:23,883 | INFO     | image_analyzer  | TIMING | CLIP_ANALYZER_INIT             | Duration: 8565.05ms | device=cpu | disease_categories=20 | ref_index_loaded=True | ref_images_count=283
2026-04-06 20:19:51,847 | INFO     | retrieval       | TIMING | BM25_CACHE_LOAD                | Duration: 359.76ms | source=disk
2026-04-06 20:19:55,826 | INFO     | image_analyzer  | Initializing CLIPDiseaseAnalyzer...
2026-04-06 20:20:02,256 | INFO     | image_analyzer  | Encoding disease text prompts...
2026-04-06 20:20:04,626 | INFO     | image_analyzer  | Reference FAISS index loaded: 283 images
2026-04-06 20:20:04,626 | INFO     | image_analyzer  | TIMING | CLIP_ANALYZER_INIT             | Duration: 8797.19ms | device=cpu | disease_categories=20 | ref_index_loaded=True | ref_images_count=283
2026-04-06 20:20:39,623 | INFO     | retrieval       | TIMING | BM25_CACHE_LOAD                | Duration: 457.78ms | source=disk
2026-04-06 20:20:45,210 | INFO     | image_analyzer  | Initializing CLIPDiseaseAnalyzer...
2026-04-06 20:20:52,885 | INFO     | image_analyzer  | Encoding disease text prompts...
2026-04-06 20:20:55,661 | INFO     | image_analyzer  | Reference FAISS index loaded: 283 images
2026-04-06 20:20:55,661 | INFO     | image_analyzer  | TIMING | CLIP_ANALYZER_INIT             | Duration: 10448.14ms | device=cpu | disease_categories=20 | ref_index_loaded=True | ref_images_count=283
2026-04-06 20:21:26,912 | INFO     | retrieval       | TIMING | BM25_CACHE_LOAD                | Duration: 351.22ms | source=disk
2026-04-06 20:21:31,102 | INFO     | image_analyzer  | Initializing CLIPDiseaseAnalyzer...
2026-04-06 20:21:38,185 | INFO     | image_analyzer  | Encoding disease text prompts...
2026-04-06 20:21:40,468 | INFO     | image_analyzer  | Reference FAISS index loaded: 283 images
2026-04-06 20:21:40,468 | INFO     | image_analyzer  | TIMING | CLIP_ANALYZER_INIT             | Duration: 9370.03ms | device=cpu | disease_categories=20 | ref_index_loaded=True | ref_images_count=283
2026-04-06 20:22:09,892 | INFO     | retrieval       | TIMING | BM25_CACHE_LOAD                | Duration: 397.25ms | source=disk
2026-04-06 20:22:15,236 | INFO     | image_analyzer  | Initializing CLIPDiseaseAnalyzer...
2026-04-06 20:22:22,457 | INFO     | image_analyzer  | Encoding disease text prompts...
2026-04-06 20:22:24,844 | INFO     | image_analyzer  | Reference FAISS index loaded: 283 images
2026-04-06 20:22:24,844 | INFO     | image_analyzer  | TIMING | CLIP_ANALYZER_INIT             | Duration: 9599.49ms | device=cpu | disease_categories=20 | ref_index_loaded=True | ref_images_count=283
2026-04-06 20:26:03,725 | INFO     | retrieval       | TIMING | BM25_CACHE_LOAD                | Duration: 582.16ms | source=disk
2026-04-06 20:26:09,219 | INFO     | image_analyzer  | Initializing CLIPDiseaseAnalyzer...
2026-04-06 20:26:16,074 | INFO     | image_analyzer  | Encoding disease text prompts...
2026-04-06 20:26:18,516 | INFO     | image_analyzer  | Reference FAISS index loaded: 283 images
2026-04-06 20:26:18,516 | INFO     | image_analyzer  | TIMING | CLIP_ANALYZER_INIT             | Duration: 9295.39ms | device=cpu | disease_categories=20 | ref_index_loaded=True | ref_images_count=283
2026-04-06 20:29:45,335 | INFO     | retrieval       | TIMING | BM25_CACHE_LOAD                | Duration: 369.83ms | source=disk
2026-04-06 20:29:49,468 | INFO     | image_analyzer  | Initializing CLIPDiseaseAnalyzer...
2026-04-06 20:29:55,995 | INFO     | image_analyzer  | Encoding disease text prompts...
2026-04-06 20:29:58,311 | INFO     | image_analyzer  | Reference FAISS index loaded: 283 images
2026-04-06 20:29:58,311 | INFO     | image_analyzer  | TIMING | CLIP_ANALYZER_INIT             | Duration: 8835.78ms | device=cpu | disease_categories=20 | ref_index_loaded=True | ref_images_count=283
2026-04-06 20:30:26,637 | INFO     | retrieval       | TIMING | BM25_CACHE_LOAD                | Duration: 365.49ms | source=disk
2026-04-06 20:30:31,008 | INFO     | image_analyzer  | Initializing CLIPDiseaseAnalyzer...
2026-04-06 20:30:38,177 | INFO     | image_analyzer  | Encoding disease text prompts...
2026-04-06 20:30:40,471 | INFO     | image_analyzer  | Reference FAISS index loaded: 283 images
2026-04-06 20:30:40,471 | INFO     | image_analyzer  | TIMING | CLIP_ANALYZER_INIT             | Duration: 9475.11ms | device=cpu | disease_categories=20 | ref_index_loaded=True | ref_images_count=283
2026-04-06 20:31:11,080 | INFO     | retrieval       | TIMING | BM25_CACHE_LOAD                | Duration: 402.32ms | source=disk
2026-04-06 20:31:17,031 | INFO     | image_analyzer  | Initializing CLIPDiseaseAnalyzer...
2026-04-06 20:31:24,541 | INFO     | image_analyzer  | Encoding disease text prompts...
2026-04-06 20:31:26,923 | INFO     | image_analyzer  | Reference FAISS index loaded: 283 images
2026-04-06 20:31:26,923 | INFO     | image_analyzer  | TIMING | CLIP_ANALYZER_INIT             | Duration: 9893.03ms | device=cpu | disease_categories=20 | ref_index_loaded=True | ref_images_count=283
2026-04-06 20:32:33,354 | INFO     | retrieval       | TIMING | BM25_CACHE_LOAD                | Duration: 503.85ms | source=disk
2026-04-06 20:32:39,018 | INFO     | image_analyzer  | Initializing CLIPDiseaseAnalyzer...
2026-04-06 20:32:46,267 | INFO     | image_analyzer  | Encoding disease text prompts...
2026-04-06 20:32:48,852 | INFO     | image_analyzer  | Reference FAISS index loaded: 283 images
2026-04-06 20:32:48,852 | INFO     | image_analyzer  | TIMING | CLIP_ANALYZER_INIT             | Duration: 9825.49ms | device=cpu | disease_categories=20 | ref_index_loaded=True | ref_images_count=283
2026-04-06 20:33:29,316 | INFO     | retrieval       | TIMING | BM25_CACHE_LOAD                | Duration: 171.26ms | source=disk
2026-04-06 20:33:31,161 | INFO     | image_analyzer  | Initializing CLIPDiseaseAnalyzer...
2026-04-06 20:33:36,366 | INFO     | image_analyzer  | Encoding disease text prompts...
2026-04-06 20:33:37,561 | INFO     | image_analyzer  | Reference FAISS index loaded: 283 images
2026-04-06 20:33:37,561 | INFO     | image_analyzer  | TIMING | CLIP_ANALYZER_INIT             | Duration: 6400.95ms | device=cpu | disease_categories=20 | ref_index_loaded=True | ref_images_count=283
2026-04-06 20:34:18,124 | INFO     | retrieval       | TIMING | BM25_CACHE_LOAD                | Duration: 130.1ms | source=disk
2026-04-06 20:34:19,679 | INFO     | image_analyzer  | Initializing CLIPDiseaseAnalyzer...
2026-04-06 20:34:24,152 | INFO     | image_analyzer  | Encoding disease text prompts...
2026-04-06 20:34:24,944 | INFO     | image_analyzer  | Reference FAISS index loaded: 283 images
2026-04-06 20:34:24,944 | INFO     | image_analyzer  | TIMING | CLIP_ANALYZER_INIT             | Duration: 5268.24ms | device=cpu | disease_categories=20 | ref_index_loaded=True | ref_images_count=283
2026-04-06 20:34:36,280 | INFO     | retrieval       | TIMING | BM25_CACHE_LOAD                | Duration: 175.35ms | source=disk
2026-04-06 20:34:37,620 | INFO     | image_analyzer  | Initializing CLIPDiseaseAnalyzer...
2026-04-06 20:34:42,782 | INFO     | image_analyzer  | Encoding disease text prompts...
2026-04-06 20:34:44,169 | INFO     | image_analyzer  | Reference FAISS index loaded: 283 images
2026-04-06 20:34:44,169 | INFO     | image_analyzer  | TIMING | CLIP_ANALYZER_INIT             | Duration: 6548.9ms | device=cpu | disease_categories=20 | ref_index_loaded=True | ref_images_count=283
2026-04-06 20:35:06,178 | INFO     | retrieval       | TIMING | BM25_CACHE_LOAD                | Duration: 209.97ms | source=disk
2026-04-06 20:35:08,143 | INFO     | image_analyzer  | Initializing CLIPDiseaseAnalyzer...
2026-04-06 20:35:12,792 | INFO     | image_analyzer  | Encoding disease text prompts...
2026-04-06 20:35:14,000 | INFO     | image_analyzer  | Reference FAISS index loaded: 283 images
2026-04-06 20:35:14,000 | INFO     | image_analyzer  | TIMING | CLIP_ANALYZER_INIT             | Duration: 5852.85ms | device=cpu | disease_categories=20 | ref_index_loaded=True | ref_images_count=283
2026-04-06 20:35:30,791 | INFO     | retrieval       | TIMING | BM25_CACHE_LOAD                | Duration: 247.78ms | source=disk
2026-04-06 20:35:32,993 | INFO     | image_analyzer  | Initializing CLIPDiseaseAnalyzer...
2026-04-06 20:35:37,827 | INFO     | image_analyzer  | Encoding disease text prompts...
2026-04-06 20:35:39,503 | INFO     | image_analyzer  | Reference FAISS index loaded: 283 images
2026-04-06 20:35:39,503 | INFO     | image_analyzer  | TIMING | CLIP_ANALYZER_INIT             | Duration: 6504.44ms | device=cpu | disease_categories=20 | ref_index_loaded=True | ref_images_count=283
2026-04-06 20:40:43,990 | INFO     | retrieval       | TIMING | BM25_CACHE_LOAD                | Duration: 121.59ms | source=disk
2026-04-06 20:40:45,359 | INFO     | image_analyzer  | Initializing CLIPDiseaseAnalyzer...
2026-04-06 20:40:49,940 | INFO     | image_analyzer  | Encoding disease text prompts...
2026-04-06 20:40:51,038 | INFO     | image_analyzer  | Reference FAISS index loaded: 283 images
2026-04-06 20:40:51,038 | INFO     | image_analyzer  | TIMING | CLIP_ANALYZER_INIT             | Duration: 5679.38ms | device=cpu | disease_categories=20 | ref_index_loaded=True | ref_images_count=283
2026-04-06 20:41:06,575 | INFO     | retrieval       | TIMING | BM25_CACHE_LOAD                | Duration: 150.57ms | source=disk
2026-04-06 20:41:08,272 | INFO     | image_analyzer  | Initializing CLIPDiseaseAnalyzer...
2026-04-06 20:41:12,773 | INFO     | image_analyzer  | Encoding disease text prompts...
2026-04-06 20:41:13,648 | INFO     | image_analyzer  | Reference FAISS index loaded: 283 images
2026-04-06 20:41:13,650 | INFO     | image_analyzer  | TIMING | CLIP_ANALYZER_INIT             | Duration: 5373.82ms | device=cpu | disease_categories=20 | ref_index_loaded=True | ref_images_count=283
2026-04-06 20:42:36,050 | INFO     | retrieval       | TIMING | BM25_CACHE_LOAD                | Duration: 143.84ms | source=disk
2026-04-06 20:42:37,622 | INFO     | image_analyzer  | Initializing CLIPDiseaseAnalyzer...
2026-04-06 20:42:42,598 | INFO     | image_analyzer  | Encoding disease text prompts...
2026-04-06 20:42:43,890 | INFO     | image_analyzer  | Reference FAISS index loaded: 283 images
2026-04-06 20:42:43,891 | INFO     | image_analyzer  | TIMING | CLIP_ANALYZER_INIT             | Duration: 6269.71ms | device=cpu | disease_categories=20 | ref_index_loaded=True | ref_images_count=283
2026-04-06 20:43:01,522 | INFO     | retrieval       | TIMING | BM25_CACHE_LOAD                | Duration: 214.01ms | source=disk
2026-04-06 20:43:03,566 | INFO     | image_analyzer  | Initializing CLIPDiseaseAnalyzer...
2026-04-06 20:43:08,065 | INFO     | image_analyzer  | Encoding disease text prompts...
2026-04-06 20:43:08,932 | INFO     | image_analyzer  | Reference FAISS index loaded: 283 images
2026-04-06 20:43:08,932 | INFO     | image_analyzer  | TIMING | CLIP_ANALYZER_INIT             | Duration: 5357.99ms | device=cpu | disease_categories=20 | ref_index_loaded=True | ref_images_count=283
2026-04-06 20:43:24,458 | INFO     | retrieval       | TIMING | BM25_CACHE_LOAD                | Duration: 138.72ms | source=disk
2026-04-06 20:43:25,859 | INFO     | image_analyzer  | Initializing CLIPDiseaseAnalyzer...
2026-04-06 20:43:30,262 | INFO     | image_analyzer  | Encoding disease text prompts...
2026-04-06 20:43:31,068 | INFO     | image_analyzer  | Reference FAISS index loaded: 283 images
2026-04-06 20:43:31,068 | INFO     | image_analyzer  | TIMING | CLIP_ANALYZER_INIT             | Duration: 5209.81ms | device=cpu | disease_categories=20 | ref_index_loaded=True | ref_images_count=283
2026-04-06 20:43:44,360 | INFO     | retrieval       | TIMING | BM25_CACHE_LOAD                | Duration: 125.57ms | source=disk
2026-04-06 20:43:45,640 | INFO     | image_analyzer  | Initializing CLIPDiseaseAnalyzer...
2026-04-06 20:43:50,013 | INFO     | image_analyzer  | Encoding disease text prompts...
2026-04-06 20:43:50,852 | INFO     | image_analyzer  | Reference FAISS index loaded: 283 images
2026-04-06 20:43:50,852 | INFO     | image_analyzer  | TIMING | CLIP_ANALYZER_INIT             | Duration: 5207.91ms | device=cpu | disease_categories=20 | ref_index_loaded=True | ref_images_count=283
2026-04-06 21:23:20,766 | INFO     | retrieval       | TIMING | BM25_CACHE_LOAD                | Duration: 414.05ms | source=disk
2026-04-06 21:23:24,535 | INFO     | image_analyzer  | Initializing CLIPDiseaseAnalyzer...
2026-04-06 21:23:31,680 | INFO     | image_analyzer  | Encoding disease text prompts...
2026-04-06 21:23:34,311 | INFO     | image_analyzer  | Reference FAISS index loaded: 283 images
2026-04-06 21:23:34,311 | INFO     | image_analyzer  | TIMING | CLIP_ANALYZER_INIT             | Duration: 9778.25ms | device=cpu | disease_categories=20 | ref_index_loaded=True | ref_images_count=283
2026-04-06 21:23:59,896 | INFO     | retrieval       | TIMING | BM25_CACHE_LOAD                | Duration: 313.9ms | source=disk
2026-04-06 21:24:03,375 | INFO     | image_analyzer  | Initializing CLIPDiseaseAnalyzer...
2026-04-06 21:24:10,583 | INFO     | image_analyzer  | Encoding disease text prompts...
2026-04-06 21:24:12,790 | INFO     | image_analyzer  | Reference FAISS index loaded: 283 images
2026-04-06 21:24:12,790 | INFO     | image_analyzer  | TIMING | CLIP_ANALYZER_INIT             | Duration: 9414.35ms | device=cpu | disease_categories=20 | ref_index_loaded=True | ref_images_count=283
2026-04-06 21:24:31,617 | INFO     | retrieval       | TIMING | BM25_CACHE_LOAD                | Duration: 105.03ms | source=disk
2026-04-06 21:24:32,729 | INFO     | image_analyzer  | Initializing CLIPDiseaseAnalyzer...
2026-04-06 21:24:37,598 | INFO     | image_analyzer  | Encoding disease text prompts...
2026-04-06 21:24:38,279 | INFO     | image_analyzer  | Reference FAISS index loaded: 283 images
2026-04-06 21:24:38,279 | INFO     | image_analyzer  | TIMING | CLIP_ANALYZER_INIT             | Duration: 5548.79ms | device=cpu | disease_categories=20 | ref_index_loaded=True | ref_images_count=283
2026-04-06 21:25:45,679 | INFO     | retrieval       | TIMING | BM25_CACHE_LOAD                | Duration: 336.68ms | source=disk
2026-04-06 21:25:49,339 | INFO     | image_analyzer  | Initializing CLIPDiseaseAnalyzer...
2026-04-06 21:25:56,013 | INFO     | image_analyzer  | Encoding disease text prompts...
2026-04-06 21:25:58,245 | INFO     | image_analyzer  | Reference FAISS index loaded: 283 images
2026-04-06 21:25:58,247 | INFO     | image_analyzer  | TIMING | CLIP_ANALYZER_INIT             | Duration: 8897.88ms | device=cpu | disease_categories=20 | ref_index_loaded=True | ref_images_count=283
2026-04-06 21:27:29,301 | INFO     | retrieval       | TIMING | BM25_CACHE_LOAD                | Duration: 335.13ms | source=disk
2026-04-06 21:27:32,877 | INFO     | image_analyzer  | Initializing CLIPDiseaseAnalyzer...
2026-04-06 21:27:41,586 | INFO     | image_analyzer  | Encoding disease text prompts...
2026-04-06 21:27:43,778 | INFO     | image_analyzer  | Reference FAISS index loaded: 283 images
2026-04-06 21:27:43,778 | INFO     | image_analyzer  | TIMING | CLIP_ANALYZER_INIT             | Duration: 10899.08ms | device=cpu | disease_categories=20 | ref_index_loaded=True | ref_images_count=283
2026-04-06 21:28:19,091 | INFO     | api             | ====================================================================================================
2026-04-06 21:28:19,096 | INFO     | api             | QUERY_START | ID: 712c82c3 | Question: i found yellow leaves in potato after 30 days of plantation, what could be the r...
2026-04-06 21:28:19,096 | INFO     | api             | ====================================================================================================
2026-04-06 21:28:19,099 | INFO     | api             | TIMING | DB_ADD_USER_WS                 | Duration: 5.41ms
2026-04-06 21:28:19,103 | INFO     | api             | TIMING | HISTORY_RETRIEVAL_WS           | Duration: 3.19ms | history_items=0
2026-04-06 21:28:19,107 | INFO     | generation      | TIMING | MEMORY_CLEAR                   | Cleared stale chain memory for new conversation
2026-04-06 21:28:22,500 | INFO     | retrieval       | TIMING | ENSEMBLE_RETRIEVAL             | Duration: 3367.69ms | docs_retrieved=14
2026-04-06 21:28:22,500 | INFO     | retrieval       | TIMING | DOCUMENT_RERANKING             | Duration: 1.41ms | docs_processed=14 | docs_returned=8
2026-04-06 21:28:22,500 | INFO     | retrieval       | TIMING | RETRIEVAL                      | num_docs=8 | retrieval_ms=3369.7 | methods=ensemble
2026-04-06 21:28:22,500 | INFO     | generation      | TIMING | SOURCE_DOCS_CAPTURED           | count=8
2026-04-06 21:28:24,802 | INFO     | generation      | TIMING | STREAMING_CHUNKS               | Duration: 2301.57ms | chunk_count=350 | answer_length=1657
2026-04-06 21:28:24,802 | INFO     | generation      | TIMING | GENERATION                     | generation_ms=5698.64 | chunks=350 | tokens=233
2026-04-06 21:28:24,802 | INFO     | generation      | TIMING | SOURCE_DOCS_FINAL              | captured_count=8 | result_count=8 | final_count=8
2026-04-06 21:28:24,808 | INFO     | api             | TIMING | STREAMING_COMPLETE             | Duration: 5700.74ms | chunks=350 | response_length=1657 | first_chunk_ms=3852.22
2026-04-06 21:28:24,812 | INFO     | api             | TIMING | DB_ADD_AI_WS                   | Duration: 5.26ms | response_length=1657
2026-04-06 21:28:24,812 | INFO     | api             | ====================================================================================================
2026-04-06 21:28:24,812 | INFO     | api             | QUERY_COMPLETE | ID: 712c82c3 | Status: SUCCESS
2026-04-06 21:28:24,812 | INFO     | api             | TOTAL_TIME | 5723.27ms
2026-04-06 21:28:24,812 | INFO     | api             | ====================================================================================================
2026-04-06 21:28:24,812 | INFO     | api             | WebSocket client disconnected - request_id=712c82c3
2026-04-06 21:31:25,552 | INFO     | retrieval       | TIMING | BM25_CACHE_LOAD                | Duration: 334.9ms | source=disk
2026-04-06 21:31:29,160 | INFO     | image_analyzer  | Initializing CLIPDiseaseAnalyzer...
2026-04-06 21:31:35,867 | INFO     | image_analyzer  | Encoding disease text prompts...
2026-04-06 21:31:38,053 | INFO     | image_analyzer  | Reference FAISS index loaded: 283 images
2026-04-06 21:31:38,053 | INFO     | image_analyzer  | TIMING | CLIP_ANALYZER_INIT             | Duration: 8896.6ms | device=cpu | disease_categories=20 | ref_index_loaded=True | ref_images_count=283
2026-04-06 21:31:57,234 | INFO     | retrieval       | TIMING | BM25_CACHE_LOAD                | Duration: 105.72ms | source=disk
2026-04-06 21:31:58,332 | INFO     | image_analyzer  | Initializing CLIPDiseaseAnalyzer...
2026-04-06 21:32:03,243 | INFO     | image_analyzer  | Encoding disease text prompts...
2026-04-06 21:32:03,904 | INFO     | image_analyzer  | Reference FAISS index loaded: 283 images
2026-04-06 21:32:03,904 | INFO     | image_analyzer  | TIMING | CLIP_ANALYZER_INIT             | Duration: 5572.26ms | device=cpu | disease_categories=20 | ref_index_loaded=True | ref_images_count=283
2026-04-06 21:32:13,591 | INFO     | retrieval       | TIMING | BM25_CACHE_LOAD                | Duration: 103.04ms | source=disk
2026-04-06 21:32:14,671 | INFO     | image_analyzer  | Initializing CLIPDiseaseAnalyzer...
2026-04-06 21:32:19,526 | INFO     | image_analyzer  | Encoding disease text prompts...
2026-04-06 21:32:20,202 | INFO     | image_analyzer  | Reference FAISS index loaded: 283 images
2026-04-06 21:32:20,202 | INFO     | image_analyzer  | TIMING | CLIP_ANALYZER_INIT             | Duration: 5530.01ms | device=cpu | disease_categories=20 | ref_index_loaded=True | ref_images_count=283
2026-04-06 21:35:06,214 | INFO     | retrieval       | TIMING | BM25_CACHE_LOAD                | Duration: 107.0ms | source=disk
2026-04-06 21:35:07,283 | INFO     | image_analyzer  | Initializing CLIPDiseaseAnalyzer...
2026-04-06 21:35:13,577 | INFO     | image_analyzer  | Encoding disease text prompts...
2026-04-06 21:35:14,257 | INFO     | image_analyzer  | Reference FAISS index loaded: 283 images
2026-04-06 21:35:14,259 | INFO     | image_analyzer  | TIMING | CLIP_ANALYZER_INIT             | Duration: 6974.86ms | device=cpu | disease_categories=20 | ref_index_loaded=True | ref_images_count=283
2026-04-12 19:09:04,101 | INFO     | retrieval       | TIMING | BM25_CACHE_LOAD                | Duration: 165.17ms | source=disk
2026-04-12 19:09:05,583 | INFO     | image_analyzer  | Initializing CLIPDiseaseAnalyzer...
2026-04-12 19:09:11,000 | INFO     | image_analyzer  | Encoding disease text prompts...
2026-04-12 19:09:11,807 | INFO     | image_analyzer  | Reference FAISS index loaded: 283 images
2026-04-12 19:09:11,808 | INFO     | image_analyzer  | TIMING | CLIP_ANALYZER_INIT             | Duration: 6224.56ms | device=cpu | disease_categories=20 | ref_index_loaded=True | ref_images_count=283
2026-04-12 19:34:33,225 | INFO     | api             | ====================================================================================================
2026-04-12 19:34:33,228 | INFO     | api             | QUERY_START | ID: da17f166 | Question: what is common scab ?...
2026-04-12 19:34:33,228 | INFO     | api             | ====================================================================================================
2026-04-12 19:34:33,229 | INFO     | api             | TIMING | DB_ADD_USER_WS                 | Duration: 3.24ms
2026-04-12 19:34:33,229 | INFO     | api             | TIMING | HISTORY_RETRIEVAL_WS           | Duration: 2.34ms | history_items=8
2026-04-12 19:34:35,260 | INFO     | generation      | TIMING | MEMORY_SYNC_STREAM             | Duration: 2025.37ms | history_items=8
2026-04-12 19:34:35,262 | INFO     | generation      | TIMING | CONDENSE_QUESTION_LLM             | Started (rephrasing follow-up as standalone question)
2026-04-12 19:34:35,264 | INFO     | retrieval       | TIMING | QUERY_PREPROCESS               | Duration: 0.01ms | enhancements=1 | applied_domains=scab
2026-04-12 19:34:35,707 | INFO     | generation      | TIMING | CONDENSE_QUESTION_LLM          | Duration: 445.64ms
2026-04-12 19:34:37,771 | INFO     | retrieval       | TIMING | ENSEMBLE_RETRIEVAL             | Duration: 2507.03ms | docs_retrieved=11
2026-04-12 19:34:37,771 | INFO     | retrieval       | TIMING | DOCUMENT_RERANKING             | Duration: 0.32ms | docs_processed=11 | docs_returned=8
2026-04-12 19:34:37,772 | INFO     | retrieval       | TIMING | RETRIEVAL                      | num_docs=8 | retrieval_ms=2508.44 | methods=ensemble
2026-04-12 19:34:37,772 | INFO     | generation      | TIMING | PARALLEL_CONDENSE_RETRIEVE     | Duration: 2511.51ms | original_docs=8
2026-04-12 19:34:37,773 | INFO     | retrieval       | TIMING | QUERY_PREPROCESS               | Duration: 0.01ms | enhancements=1 | applied_domains=scab
2026-04-12 19:34:38,084 | INFO     | retrieval       | TIMING | ENSEMBLE_RETRIEVAL             | Duration: 310.24ms | docs_retrieved=15
2026-04-12 19:34:38,087 | INFO     | retrieval       | TIMING | DOCUMENT_RERANKING             | Duration: 2.55ms | docs_processed=15 | docs_returned=8
2026-04-12 19:34:38,087 | INFO     | retrieval       | TIMING | RETRIEVAL                      | num_docs=8 | retrieval_ms=313.95 | methods=ensemble
2026-04-12 19:34:38,087 | INFO     | generation      | TIMING | CONDENSED_RETRIEVAL_MERGE      | Duration: 314.39ms | extra_docs=3 | total_docs=11
2026-04-12 19:34:38,088 | INFO     | generation      | TIMING | SOURCE_DOCS_CAPTURED           | count=11
2026-04-12 19:34:38,961 | INFO     | generation      | TIMING | STREAMING_CHUNKS               | Duration: 873.81ms | chunk_count=156 | answer_length=628
2026-04-12 19:34:38,962 | INFO     | generation      | TIMING | GENERATION                     | generation_ms=5727.13 | chunks=156 | tokens=96
2026-04-12 19:34:38,962 | INFO     | generation      | TIMING | SOURCE_DOCS_FINAL              | captured_count=11 | result_count=11 | final_count=11
2026-04-12 19:34:38,963 | INFO     | api             | TIMING | STREAMING_COMPLETE             | Duration: 5729.36ms | chunks=156 | response_length=628 | first_chunk_ms=5125.1
2026-04-12 19:34:38,969 | INFO     | api             | TIMING | DB_ADD_AI_WS                   | Duration: 3.81ms | response_length=628
2026-04-12 19:34:38,969 | INFO     | api             | ====================================================================================================
2026-04-12 19:34:38,969 | INFO     | api             | QUERY_COMPLETE | ID: da17f166 | Status: SUCCESS
2026-04-12 19:34:38,969 | INFO     | api             | TOTAL_TIME | 5744.12ms
2026-04-12 19:34:38,970 | INFO     | api             | ====================================================================================================
2026-04-12 19:34:38,972 | INFO     | api             | WebSocket client disconnected - request_id=da17f166
2026-04-12 19:36:20,272 | INFO     | retrieval       | TIMING | BM25_CACHE_LOAD                | Duration: 306.82ms | source=disk
2026-04-12 19:36:22,919 | INFO     | image_analyzer  | Initializing CLIPDiseaseAnalyzer...
2026-04-12 19:36:37,281 | INFO     | image_analyzer  | Encoding disease text prompts...
2026-04-12 19:36:39,307 | INFO     | image_analyzer  | Reference FAISS index loaded: 283 images
2026-04-12 19:36:39,307 | INFO     | image_analyzer  | TIMING | CLIP_ANALYZER_INIT             | Duration: 16388.38ms | device=cpu | disease_categories=20 | ref_index_loaded=True | ref_images_count=283
2026-04-15 21:16:13,422 | INFO     | retrieval       | TIMING | BM25_CACHE_LOAD                | Duration: 160.7ms | source=disk
2026-04-15 21:16:14,945 | INFO     | image_analyzer  | Initializing CLIPDiseaseAnalyzer...
2026-04-15 21:16:20,351 | INFO     | image_analyzer  | Encoding disease text prompts...
2026-04-15 21:16:21,391 | INFO     | image_analyzer  | Reference FAISS index loaded: 283 images
2026-04-15 21:16:21,391 | INFO     | image_analyzer  | TIMING | CLIP_ANALYZER_INIT             | Duration: 6446.27ms | device=cpu | disease_categories=20 | ref_index_loaded=True | ref_images_count=283
2026-04-15 21:59:40,712 | INFO     | api             | ====================================================================================================
2026-04-15 21:59:40,715 | INFO     | api             | QUERY_START | ID: ebc64139 | Question: which fungicides to use for treatment of late blight and in how much quantity?...
2026-04-15 21:59:40,715 | INFO     | api             | ====================================================================================================
2026-04-15 21:59:40,723 | INFO     | api             | TIMING | DB_ADD_USER_WS                 | Duration: 7.1ms
2026-04-15 21:59:40,732 | INFO     | api             | TIMING | HISTORY_RETRIEVAL_WS           | Duration: 4.88ms | history_items=0
2026-04-15 21:59:40,736 | INFO     | generation      | TIMING | MEMORY_CLEAR                   | Cleared stale chain memory for new conversation
2026-04-15 21:59:40,822 | INFO     | retrieval       | TIMING | QUERY_PREPROCESS               | Duration: 0.03ms | enhancements=1 | applied_domains=late blight
2026-04-15 21:59:44,082 | INFO     | retrieval       | TIMING | ENSEMBLE_RETRIEVAL             | Duration: 3255.85ms | docs_retrieved=12
2026-04-15 21:59:44,083 | INFO     | retrieval       | TIMING | DOCUMENT_RERANKING             | Duration: 1.04ms | docs_processed=12 | docs_returned=8
2026-04-15 21:59:44,084 | INFO     | retrieval       | TIMING | RETRIEVAL                      | num_docs=8 | retrieval_ms=3260.75 | methods=ensemble
2026-04-15 21:59:44,084 | INFO     | generation      | TIMING | SOURCE_DOCS_CAPTURED           | count=8
2026-04-15 21:59:45,846 | INFO     | generation      | TIMING | STREAMING_CHUNKS               | Duration: 1759.91ms | chunk_count=398 | answer_length=1510
2026-04-15 21:59:45,846 | INFO     | generation      | TIMING | GENERATION                     | generation_ms=5111.76 | chunks=398 | tokens=231
2026-04-15 21:59:45,847 | INFO     | generation      | TIMING | SOURCE_DOCS_FINAL              | captured_count=8 | result_count=8 | final_count=8
2026-04-15 21:59:45,852 | INFO     | api             | TIMING | STREAMING_COMPLETE             | Duration: 5118.81ms | chunks=398 | response_length=1510 | first_chunk_ms=3603.48
2026-04-15 21:59:45,869 | INFO     | api             | TIMING | DB_ADD_AI_WS                   | Duration: 15.09ms | response_length=1510
2026-04-15 21:59:45,870 | INFO     | api             | ====================================================================================================
2026-04-15 21:59:45,870 | INFO     | api             | QUERY_COMPLETE | ID: ebc64139 | Status: SUCCESS
2026-04-15 21:59:45,870 | INFO     | api             | TOTAL_TIME | 5168.62ms
2026-04-15 21:59:45,870 | INFO     | api             | ====================================================================================================
2026-04-15 21:59:45,874 | INFO     | api             | WebSocket client disconnected - request_id=ebc64139
2026-04-20 17:43:24,355 | INFO     | retrieval       | TIMING | BM25_CACHE_LOAD                | Duration: 476.54ms | source=disk
2026-04-20 17:43:29,593 | INFO     | image_analyzer  | Initializing CLIPDiseaseAnalyzer...
2026-04-20 17:43:35,977 | INFO     | image_analyzer  | Encoding disease text prompts...
2026-04-20 17:43:37,320 | INFO     | image_analyzer  | Reference FAISS index loaded: 283 images
2026-04-20 17:43:37,320 | INFO     | image_analyzer  | TIMING | CLIP_ANALYZER_INIT             | Duration: 7716.82ms | device=cpu | disease_categories=20 | ref_index_loaded=True | ref_images_count=283
2026-04-23 18:40:45,230 | INFO     | retrieval       | TIMING | BM25_CACHE_LOAD                | Duration: 253.73ms | source=disk
2026-04-23 18:40:47,430 | INFO     | image_analyzer  | Initializing CLIPDiseaseAnalyzer...
2026-04-23 18:40:53,512 | INFO     | image_analyzer  | Encoding disease text prompts...
2026-04-23 18:40:55,365 | INFO     | image_analyzer  | Reference FAISS index loaded: 283 images
2026-04-23 18:40:55,366 | INFO     | image_analyzer  | TIMING | CLIP_ANALYZER_INIT             | Duration: 7936.32ms | device=cpu | disease_categories=20 | ref_index_loaded=True | ref_images_count=283
2026-04-23 18:42:10,628 | INFO     | retrieval       | TIMING | BM25_CACHE_LOAD                | Duration: 300.21ms | source=disk
2026-04-23 18:42:13,290 | INFO     | image_analyzer  | Initializing CLIPDiseaseAnalyzer...
2026-04-23 18:42:18,098 | INFO     | image_analyzer  | Encoding disease text prompts...
2026-04-23 18:42:19,500 | INFO     | image_analyzer  | Reference FAISS index loaded: 283 images
2026-04-23 18:42:19,501 | INFO     | image_analyzer  | TIMING | CLIP_ANALYZER_INIT             | Duration: 6210.64ms | device=cpu | disease_categories=20 | ref_index_loaded=True | ref_images_count=283
2026-04-23 18:44:00,081 | INFO     | api             | ====================================================================================================
2026-04-23 18:44:00,081 | INFO     | api             | QUERY_START | ID: c906f555 | Question: What is Late Blight in Potato and How can we prevent it?...
2026-04-23 18:44:00,082 | INFO     | api             | ====================================================================================================
2026-04-23 18:44:00,086 | INFO     | api             | TIMING | DB_ADD_USER_WS                 | Duration: 4.23ms
2026-04-23 18:44:00,093 | INFO     | api             | TIMING | HISTORY_RETRIEVAL_WS           | Duration: 5.8ms | history_items=0
2026-04-23 18:44:00,097 | INFO     | generation      | TIMING | MEMORY_CLEAR                   | Cleared stale chain memory for new conversation
2026-04-23 18:44:00,115 | INFO     | retrieval       | TIMING | QUERY_PREPROCESS               | Duration: 0.01ms | enhancements=1 | applied_domains=late blight
2026-04-23 18:44:44,487 | INFO     | retrieval       | TIMING | ENSEMBLE_RETRIEVAL             | Duration: 44372.03ms | docs_retrieved=15
2026-04-23 18:44:44,490 | INFO     | retrieval       | TIMING | DOCUMENT_RERANKING             | Duration: 1.45ms | docs_processed=15 | docs_returned=8
2026-04-23 18:44:44,491 | INFO     | retrieval       | TIMING | RETRIEVAL                      | num_docs=8 | retrieval_ms=44375.08 | methods=ensemble
2026-04-23 18:44:44,491 | INFO     | generation      | TIMING | SOURCE_DOCS_CAPTURED           | count=8
2026-04-23 18:44:46,096 | INFO     | generation      | TIMING | STREAMING_CHUNKS               | Duration: 1604.81ms | chunk_count=397 | answer_length=1991
2026-04-23 18:44:46,096 | INFO     | generation      | TIMING | GENERATION                     | generation_ms=46000.23 | chunks=397 | tokens=271
2026-04-23 18:44:46,098 | INFO     | generation      | TIMING | SOURCE_DOCS_FINAL              | captured_count=8 | result_count=8 | final_count=8
2026-04-23 18:44:46,098 | INFO     | api             | TIMING | STREAMING_COMPLETE             | Duration: 46004.5ms | chunks=397 | response_length=1991 | first_chunk_ms=44749.93
2026-04-23 18:44:46,104 | INFO     | api             | TIMING | DB_ADD_AI_WS                   | Duration: 5.63ms | response_length=1991
2026-04-23 18:44:46,106 | INFO     | api             | ====================================================================================================
2026-04-23 18:44:46,106 | INFO     | api             | QUERY_COMPLETE | ID: c906f555 | Status: SUCCESS
2026-04-23 18:44:46,107 | INFO     | api             | TOTAL_TIME | 46027.58ms
2026-04-23 18:44:46,107 | INFO     | api             | ====================================================================================================
2026-04-23 18:44:46,108 | INFO     | api             | WebSocket client disconnected - request_id=c906f555
2026-04-23 18:45:45,401 | INFO     | api             | ====================================================================================================
2026-04-23 18:45:45,402 | INFO     | api             | QUERY_START | ID: cf6bedec | Question: which fungicide to use to control it?...
2026-04-23 18:45:45,402 | INFO     | api             | ====================================================================================================
2026-04-23 18:45:45,407 | INFO     | api             | TIMING | DB_ADD_USER_WS                 | Duration: 5.38ms
2026-04-23 18:45:45,412 | INFO     | api             | TIMING | HISTORY_RETRIEVAL_WS           | Duration: 3.68ms | history_items=1
2026-04-23 18:45:47,546 | INFO     | generation      | TIMING | MEMORY_SYNC_STREAM             | Duration: 2132.53ms | history_items=1
2026-04-23 18:45:47,547 | INFO     | generation      | TIMING | CONDENSE_QUESTION_LLM             | Started (rephrasing follow-up as standalone question)
2026-04-23 18:45:48,312 | INFO     | generation      | TIMING | CONDENSE_QUESTION_LLM          | Duration: 764.95ms
2026-04-23 18:46:31,443 | INFO     | retrieval       | TIMING | ENSEMBLE_RETRIEVAL             | Duration: 43892.26ms | docs_retrieved=14
2026-04-23 18:46:31,444 | INFO     | retrieval       | TIMING | DOCUMENT_RERANKING             | Duration: 0.43ms | docs_processed=14 | docs_returned=8
2026-04-23 18:46:31,444 | INFO     | retrieval       | TIMING | RETRIEVAL                      | num_docs=8 | retrieval_ms=43893.48 | methods=ensemble
2026-04-23 18:46:31,445 | INFO     | generation      | TIMING | PARALLEL_CONDENSE_RETRIEVE     | Duration: 43897.45ms | original_docs=8
2026-04-23 18:46:31,445 | INFO     | retrieval       | TIMING | QUERY_PREPROCESS               | Duration: 0.01ms | enhancements=1 | applied_domains=late blight
2026-04-23 18:46:31,771 | INFO     | retrieval       | TIMING | ENSEMBLE_RETRIEVAL             | Duration: 325.8ms | docs_retrieved=12
2026-04-23 18:46:31,772 | INFO     | retrieval       | TIMING | DOCUMENT_RERANKING             | Duration: 0.38ms | docs_processed=12 | docs_returned=8
2026-04-23 18:46:31,772 | INFO     | retrieval       | TIMING | RETRIEVAL                      | num_docs=8 | retrieval_ms=327.09 | methods=ensemble
2026-04-23 18:46:31,772 | INFO     | generation      | TIMING | CONDENSED_RETRIEVAL_MERGE      | Duration: 327.53ms | extra_docs=8 | total_docs=16
2026-04-23 18:46:31,773 | INFO     | generation      | TIMING | SOURCE_DOCS_CAPTURED           | count=16
2026-04-23 18:46:33,550 | INFO     | generation      | TIMING | STREAMING_CHUNKS               | Duration: 1777.23ms | chunk_count=360 | answer_length=1292
2026-04-23 18:46:33,551 | INFO     | generation      | TIMING | GENERATION                     | generation_ms=48136.85 | chunks=360 | tokens=212
2026-04-23 18:46:33,552 | INFO     | generation      | TIMING | SOURCE_DOCS_FINAL              | captured_count=16 | result_count=16 | final_count=16
2026-04-23 18:46:33,553 | INFO     | api             | TIMING | STREAMING_COMPLETE             | Duration: 48139.14ms | chunks=360 | response_length=1292 | first_chunk_ms=46556.35
2026-04-23 18:46:33,561 | INFO     | api             | TIMING | DB_ADD_AI_WS                   | Duration: 5.97ms | response_length=1292
2026-04-23 18:46:33,561 | INFO     | api             | ====================================================================================================
2026-04-23 18:46:33,561 | INFO     | api             | QUERY_COMPLETE | ID: cf6bedec | Status: SUCCESS
2026-04-23 18:46:33,562 | INFO     | api             | TOTAL_TIME | 48162.43ms
2026-04-23 18:46:33,562 | INFO     | api             | ====================================================================================================
2026-04-23 18:46:33,563 | INFO     | api             | WebSocket client disconnected - request_id=cf6bedec
2026-04-23 18:53:49,845 | INFO     | api             | ====================================================================================================
2026-04-23 18:53:49,845 | INFO     | api             | QUERY_START | ID: cf6af7e2 | Question: IMAGE_ANALYSIS: Late_blight_test.jpg...
2026-04-23 18:53:49,845 | INFO     | api             | ====================================================================================================
2026-04-23 18:53:50,260 | INFO     | image_analyzer  | TIMING | ZERO_SHOT_CLASSIFY             | Duration: 414.97ms | top_disease=Calcium Deficiency | top_confidence=19.8
2026-04-23 18:53:50,526 | INFO     | image_analyzer  | TIMING | REF_IMAGE_MATCHING             | Duration: 265.05ms | results=10
2026-04-23 18:53:50,528 | INFO     | image_analyzer  | TIMING | FULL_IMAGE_ANALYSIS            | Duration: 681.5ms | prediction=Late Blight | confidence=37.0 | ref_images_used=10 | mode=hybrid
2026-04-23 18:53:50,528 | INFO     | api             | TIMING | CLIP_IMAGE_ANALYSIS            | Duration: 682.15ms | prediction=Late Blight | confidence=0.3703
2026-04-23 18:53:50,566 | INFO     | generation      | TIMING | MEMORY_CLEAR                   | Cleared stale chain memory for new conversation
2026-04-23 18:53:50,568 | INFO     | retrieval       | TIMING | QUERY_PREPROCESS               | Duration: 0.02ms | enhancements=1 | applied_domains=late blight
2026-04-23 18:53:51,577 | INFO     | retrieval       | TIMING | ENSEMBLE_RETRIEVAL             | Duration: 1009.32ms | docs_retrieved=14
2026-04-23 18:53:51,580 | INFO     | retrieval       | TIMING | DOCUMENT_RERANKING             | Duration: 1.67ms | docs_processed=14 | docs_returned=8
2026-04-23 18:53:51,581 | INFO     | retrieval       | TIMING | RETRIEVAL                      | num_docs=8 | retrieval_ms=1013.25 | methods=ensemble
2026-04-23 18:53:51,581 | INFO     | generation      | TIMING | SOURCE_DOCS_CAPTURED           | count=8
2026-04-23 18:53:53,096 | INFO     | generation      | TIMING | CHAIN_INVOCATION               | Duration: 1514.85ms | answer_length=2542 | source_docs=8
2026-04-23 18:53:53,098 | INFO     | generation      | TIMING | GENERATION                     | generation_ms=2531.78
2026-04-23 18:53:53,098 | INFO     | api             | TIMING | IMAGE_RAG_CHAIN                | Duration: 2532.32ms
2026-04-23 18:53:53,105 | INFO     | api             | ====================================================================================================
2026-04-23 18:53:53,107 | INFO     | api             | QUERY_COMPLETE | ID: cf6af7e2 | Status: SUCCESS
2026-04-23 18:53:53,108 | INFO     | api             | TOTAL_TIME | 3312.59ms
2026-04-23 18:53:53,108 | INFO     | api             | ====================================================================================================
2026-05-01 11:50:51,593 | INFO     | retrieval       | TIMING | BM25_CACHE_LOAD                | Duration: 160.93ms | source=disk
2026-05-01 11:50:52,908 | INFO     | image_analyzer  | Initializing CLIPDiseaseAnalyzer...
2026-05-01 11:50:58,335 | INFO     | image_analyzer  | Encoding disease text prompts...
2026-05-01 11:50:59,161 | INFO     | image_analyzer  | Reference FAISS index loaded: 283 images
2026-05-01 11:50:59,161 | INFO     | image_analyzer  | TIMING | CLIP_ANALYZER_INIT             | Duration: 6258.29ms | device=cpu | disease_categories=20 | ref_index_loaded=True | ref_images_count=283
2026-05-01 11:51:55,489 | INFO     | api             | ====================================================================================================
2026-05-01 11:51:55,489 | INFO     | api             | QUERY_START | ID: 4b7ef67b | Question: which fungicides and in how much quantity to use for its treatment?...
2026-05-01 11:51:55,489 | INFO     | api             | ====================================================================================================
2026-05-01 11:51:55,495 | INFO     | api             | TIMING | DB_ADD_USER_WS                 | Duration: 5.12ms
2026-05-01 11:51:55,501 | INFO     | api             | TIMING | HISTORY_RETRIEVAL_WS           | Duration: 5.21ms | history_items=10
2026-05-01 11:51:57,503 | INFO     | generation      | TIMING | MEMORY_SYNC_STREAM             | Duration: 2000.73ms | history_items=10
2026-05-01 11:51:57,504 | INFO     | generation      | TIMING | CONDENSE_QUESTION_LLM             | Started (rephrasing follow-up as standalone question)
2026-05-01 11:51:57,978 | INFO     | generation      | TIMING | CONDENSE_QUESTION_LLM          | Duration: 477.13ms
2026-05-01 11:52:00,462 | INFO     | retrieval       | TIMING | ENSEMBLE_RETRIEVAL             | Duration: 2942.0ms | docs_retrieved=14
2026-05-01 11:52:00,462 | INFO     | retrieval       | TIMING | DOCUMENT_RERANKING             | Duration: 1.13ms | docs_processed=14 | docs_returned=8
2026-05-01 11:52:00,462 | INFO     | retrieval       | TIMING | RETRIEVAL                      | num_docs=8 | retrieval_ms=2944.05 | methods=ensemble
2026-05-01 11:52:00,464 | INFO     | generation      | TIMING | PARALLEL_CONDENSE_RETRIEVE     | Duration: 2961.34ms | original_docs=8
2026-05-01 11:52:00,782 | INFO     | retrieval       | TIMING | ENSEMBLE_RETRIEVAL             | Duration: 332.42ms | docs_retrieved=14
2026-05-01 11:52:00,798 | INFO     | retrieval       | TIMING | DOCUMENT_RERANKING             | Duration: 0.53ms | docs_processed=14 | docs_returned=8
2026-05-01 11:52:00,798 | INFO     | retrieval       | TIMING | RETRIEVAL                      | num_docs=8 | retrieval_ms=334.64 | methods=ensemble
2026-05-01 11:52:00,798 | INFO     | generation      | TIMING | CONDENSED_RETRIEVAL_MERGE      | Duration: 335.39ms | extra_docs=8 | total_docs=16
2026-05-01 11:52:00,798 | INFO     | generation      | TIMING | SOURCE_DOCS_CAPTURED           | count=16
2026-05-01 11:52:02,203 | INFO     | generation      | TIMING | STREAMING_CHUNKS               | Duration: 1404.21ms | chunk_count=381 | answer_length=1439
2026-05-01 11:52:02,203 | INFO     | generation      | TIMING | GENERATION                     | generation_ms=6703.66 | chunks=381 | tokens=227
2026-05-01 11:52:02,203 | INFO     | generation      | TIMING | SOURCE_DOCS_FINAL              | captured_count=16 | result_count=16 | final_count=16
2026-05-01 11:52:02,203 | INFO     | api             | TIMING | STREAMING_COMPLETE             | Duration: 6705.74ms | chunks=381 | response_length=1439 | first_chunk_ms=5496.88
2026-05-01 11:52:02,203 | INFO     | api             | TIMING | DB_ADD_AI_WS                   | Duration: 4.29ms | response_length=1439
2026-05-01 11:52:02,203 | INFO     | api             | ====================================================================================================
2026-05-01 11:52:02,203 | INFO     | api             | QUERY_COMPLETE | ID: 4b7ef67b | Status: SUCCESS
2026-05-01 11:52:02,203 | INFO     | api             | TOTAL_TIME | 6726.12ms
2026-05-01 11:52:02,203 | INFO     | api             | ====================================================================================================
2026-05-01 11:52:02,203 | INFO     | api             | WebSocket client disconnected - request_id=4b7ef67b
2026-05-01 11:52:40,123 | INFO     | api             | ====================================================================================================
2026-05-01 11:52:40,123 | INFO     | api             | QUERY_START | ID: d5b296e3 | Question: i was talking about late blight...
2026-05-01 11:52:40,124 | INFO     | api             | ====================================================================================================
2026-05-01 11:52:40,128 | INFO     | api             | TIMING | DB_ADD_USER_WS                 | Duration: 4.41ms
2026-05-01 11:52:40,135 | INFO     | api             | TIMING | HISTORY_RETRIEVAL_WS           | Duration: 4.65ms | history_items=11
2026-05-01 11:52:40,138 | INFO     | generation      | TIMING | MEMORY_SYNC_STREAM             | Duration: 2.33ms | history_items=11
2026-05-01 11:52:40,139 | INFO     | generation      | TIMING | CONDENSE_QUESTION_LLM             | Started (rephrasing follow-up as standalone question)
2026-05-01 11:52:40,140 | INFO     | retrieval       | TIMING | QUERY_PREPROCESS               | Duration: 0.01ms | enhancements=1 | applied_domains=late blight
2026-05-01 11:52:40,402 | INFO     | generation      | TIMING | CONDENSE_QUESTION_LLM          | Duration: 263.33ms
2026-05-01 11:52:42,361 | INFO     | retrieval       | TIMING | ENSEMBLE_RETRIEVAL             | Duration: 2227.46ms | docs_retrieved=14
2026-05-01 11:52:42,361 | INFO     | retrieval       | TIMING | DOCUMENT_RERANKING             | Duration: 0.9ms | docs_processed=14 | docs_returned=8
2026-05-01 11:52:42,361 | INFO     | retrieval       | TIMING | RETRIEVAL                      | num_docs=8 | retrieval_ms=2230.38 | methods=ensemble
2026-05-01 11:52:42,361 | INFO     | generation      | TIMING | PARALLEL_CONDENSE_RETRIEVE     | Duration: 2233.19ms | original_docs=8
2026-05-01 11:52:42,361 | INFO     | retrieval       | TIMING | QUERY_PREPROCESS               | Duration: 0.01ms | enhancements=1 | applied_domains=late blight
2026-05-01 11:52:42,747 | INFO     | retrieval       | TIMING | ENSEMBLE_RETRIEVAL             | Duration: 375.04ms | docs_retrieved=13
2026-05-01 11:52:42,747 | INFO     | retrieval       | TIMING | DOCUMENT_RERANKING             | Duration: 0.45ms | docs_processed=13 | docs_returned=8
2026-05-01 11:52:42,748 | INFO     | retrieval       | TIMING | RETRIEVAL                      | num_docs=8 | retrieval_ms=376.52 | methods=ensemble
2026-05-01 11:52:42,748 | INFO     | generation      | TIMING | CONDENSED_RETRIEVAL_MERGE      | Duration: 376.96ms | extra_docs=7 | total_docs=15
2026-05-01 11:52:42,748 | INFO     | generation      | TIMING | SOURCE_DOCS_CAPTURED           | count=15
2026-05-01 11:52:45,348 | INFO     | generation      | TIMING | STREAMING_CHUNKS               | Duration: 2599.08ms | chunk_count=418 | answer_length=1600
2026-05-01 11:52:45,349 | INFO     | generation      | TIMING | GENERATION                     | generation_ms=5213.47 | chunks=418 | tokens=253
2026-05-01 11:52:45,349 | INFO     | generation      | TIMING | SOURCE_DOCS_FINAL              | captured_count=15 | result_count=15 | final_count=15
2026-05-01 11:52:45,350 | INFO     | api             | TIMING | STREAMING_COMPLETE             | Duration: 5215.24ms | chunks=418 | response_length=1600 | first_chunk_ms=2840.16
2026-05-01 11:52:45,355 | INFO     | api             | TIMING | DB_ADD_AI_WS                   | Duration: 3.84ms | response_length=1600
2026-05-01 11:52:45,356 | INFO     | api             | ====================================================================================================
2026-05-01 11:52:45,356 | INFO     | api             | QUERY_COMPLETE | ID: d5b296e3 | Status: SUCCESS
2026-05-01 11:52:45,356 | INFO     | api             | TOTAL_TIME | 5240.47ms
2026-05-01 11:52:45,356 | INFO     | api             | ====================================================================================================
2026-05-01 11:52:45,357 | INFO     | api             | WebSocket client disconnected - request_id=d5b296e3
